ply
format ascii 1.0
element vertex 7292
property float x
property float y
property float z
end_header
0.583932 0.0086312 0.807704
0.591734 -0.00911744 0.902038
0.585316 -0.014992 0.822708
0.591284 0.00311637 0.821181
0.483553 0.0374754 0.695709
0.598951 0.015027 0.811656
0.509724 0.0335634 0.848279
0.381175 0.0258802 0.677363
0.385657 0.0247691 0.683491
0.595616 0.0185187 0.883081
0.359084 -0.0559923 0.598995
0.240926 0.0538078 0.426303
0.592341 0.023428 0.935752
0.596746 0.0240585 0.925361
0.594716 0.00529096 0.898219
0.587224 -0.00801845 0.895348
0.263424 0.0516334 0.460781
0.590947 -0.0205811 0.925808
0.706603 -0.146326 0.971709
0.330585 -0.0954034 0.557491
0.60173 -0.00655406 0.951026
0.600221 -0.00526911 0.957486
0.345677 -0.0415429 0.589223
0.344623 -0.0560938 0.595851
0.352646 -0.0798744 0.646093
0.582348 0.0163455 0.83791
0.345415 0.039429 0.633541
-0.30129 0.0686541 0.551386
-0.640123 -0.160854 1.05771
0.513853 0.0337114 1.17407
-0.0424881 0.058589 0.459535
-0.0355535 0.0580672 0.67984
-0.312185 0.0477352 1.12972
-0.523568 -0.216933 1.3831
-0.250987 0.0657678 0.554089
-0.622206 -0.166763 1.40736
-0.533279 -0.0247061 0.979762
-0.638506 -0.0415969 1.06115
-0.59693 -0.0906228 1.31563
-0.6138 -0.152394 0.940321
0.323634 -0.262425 1.7089
0.395231 -0.222596 2.02931
0.321956 -0.29818 1.60726
0.392497 -0.0896893 1.57201
0.429331 -0.0752427 1.75822
0.453637 -0.0362235 1.86906
0.320866 -0.12251 0.892685
0.342812 -0.129233 0.916882
0.379156 -0.220777 1.8075
0.0811599 0.0576548 0.658536
0.0902268 0.0554625 0.628035
0.0738874 0.0547179 0.565525
0.0754814 0.0552915 0.553057
0.340153 0.00591827 0.675951
0.309038 -0.0706042 0.678477
0.351157 -0.127904 0.829964
0.307267 -0.120962 0.785208
0.334017 -0.123952 0.829287
0.329418 -0.118639 0.838026
0.527796 0.00775441 1.94052
0.0930611 0.0683652 0.534757
0.327754 -0.142547 0.901148
0.337867 -0.146163 0.887106
0.336657 -0.0501676 0.644412
0.33872 -0.118174 0.707429
0.354145 -0.270886 1.50054
0.346069 -0.264477 1.44861
0.346043 -0.262709 1.52614
0.355295 -0.298838 1.51072
0.344007 -0.0221371 0.673379
0.340367 -0.010263 0.666172
0.33386 -0.0808053 0.81173
0.361608 -0.185976 1.53067
0.369687 -0.158482 1.4885
0.310302 -0.336068 1.74317
0.327306 -0.343152 1.744
0.0684913 0.0545073 0.696917
0.337198 -0.0856683 0.82717
0.41971 -0.0927589 1.57579
0.364731 -0.224153 1.53028
0.378687 -0.231144 1.63065
0.334406 -0.237341 1.49783
0.424493 -0.254824 1.95639
0.451587 -0.163936 1.72396
0.492728 -0.153383 1.93105
0.419037 -0.120838 1.53888
-0.443739 -0.305263 1.66521
-0.416091 -0.282191 1.6247
0.338744 -0.0971251 0.661238
0.341895 -0.0294235 0.671014
0.327873 -0.111264 0.748043
0.696693 -0.0581735 2.02998
0.686687 -0.0612749 1.93468
0.697302 -0.032459 2.06066
0.674179 -0.0315454 1.92033
0.342851 -0.0787306 0.652553
0.338574 -0.0734937 0.634075
0.335937 -0.0665192 0.640486
0.322677 -0.0832957 0.691168
0.323418 -0.070882 0.673652
0.634616 0.00675695 1.34491
0.62997 0.020419 1.36587
0.422028 -0.298163 1.47608
0.371547 -0.147896 1.63228
0.397073 -0.145577 1.61264
0.284931 0.123324 2.03478
0.0973286 0.055057 0.777426
0.079259 0.06151 0.891608
-0.485746 -0.325034 1.6224
0.140539 0.0576893 0.594038
-0.150589 0.0602174 0.353355
0.341564 -0.0449967 0.740193
0.344119 0.0190226 0.891516
0.339562 0.0401866 0.875629
0.355198 0.0341735 0.874284
0.324336 -0.106959 0.874743
0.214153 0.0505584 0.753371
-0.728535 -0.398552 2.16758
-0.542795 -0.235097 1.37265
-0.529163 -0.230769 1.37533
0.339753 -0.0330639 0.652491
0.329624 -0.11285 0.658092
0.339806 0.0124207 0.867593
0.688872 0.0259354 2.04026
0.675563 0.0265835 1.91445
0.456396 -0.0913033 1.58939
0.189113 0.0514999 0.742595
0.437055 -0.279116 1.57925
0.0611143 0.0585052 0.479415
0.0528808 0.0517616 0.392724
-0.468673 -0.339775 1.66857
0.173909 0.0538069 0.571936
-0.520709 -0.260111 1.60573
0.324632 -0.0976527 0.684676
0.311331 0.0513922 0.939062
0.153719 0.055207 0.51948
0.136105 0.0581313 0.630299
-0.476477 -0.217654 1.41614
-0.480156 -0.191271 1.39911
0.349969 0.0160518 0.674786
0.356821 0.0308404 0.690044
0.627308 -0.014999 1.33747
0.303795 0.0504912 0.813814
0.446932 -0.149054 1.54628
0.462491 -0.225203 1.60891
0.418968 -0.255308 1.64172
0.379891 -0.192671 1.50346
0.0188901 0.0589541 0.490091
-0.150842 0.0607257 0.4243
0.357728 0.035487 0.676352
0.340267 -0.114789 0.654177
0.701056 -0.06273 2.15561
0.707735 -0.0362407 2.18484
-0.282951 0.00738621 0.916885
-0.563328 -0.0653859 1.01639
-0.544043 -0.0431502 0.997595
0.360598 -0.023219 0.675304
0.338871 0.0429761 0.792045
0.677875 0.0121181 1.86928
0.591739 -0.163907 1.73821
0.219582 0.0527531 1.06847
0.181844 0.0478541 0.836631
-0.148469 0.0605682 0.481061
-0.510334 -0.239055 1.37742
-0.500646 -0.22387 1.36921
-0.561507 -0.0422745 1.45189
-0.487289 -0.028724 1.21638
-0.648339 -0.148876 0.921613
0.188616 0.0518231 0.757691
-0.146766 -0.164777 1.10361
-0.320856 0.0341086 1.19723
-0.298453 0.037735 1.17891
-0.282548 0.0480307 1.12878
-0.48525 -0.236293 1.57476
-0.453422 -0.18948 1.47557
-0.508339 -0.0795609 1.37396
-0.722205 -0.386767 2.00012
-0.601586 -0.0766102 1.34138
-0.597543 -0.0906626 1.36728
-0.599812 -0.0662323 1.37188
-0.606879 -0.258733 1.32783
0.634046 0.0302668 1.36761
0.32654 0.0433244 0.895576
0.484775 0.0344428 1.67622
0.340539 0.0462269 1.21925
0.136921 0.0579335 0.74532
0.05836 0.0608772 0.485388
-0.0397984 0.0586805 0.456678
-0.0429059 0.0616205 0.352563
-0.589159 -0.0921239 1.70204
-0.601266 -0.0964427 1.80153
-0.463526 -0.144501 1.31834
-0.664047 -0.387731 1.99635
-0.480765 -0.202887 1.31823
-0.476615 -0.185156 1.33567
-0.288273 0.0391596 0.813716
-0.241678 0.0604472 0.671784
-0.233671 0.0625121 0.644078
-0.145632 0.0587415 0.347481
-0.16415 0.0656096 0.361019
-0.157915 0.062761 0.359223
-0.505303 -0.173137 0.927837
-0.605352 -0.0761127 0.970368
0.142042 -0.145574 1.09516
-0.257482 0.0317225 1.26396
-0.126969 0.0523877 0.489622
-0.277657 0.0158092 0.943519
-0.250218 0.0678749 0.778746
-0.245524 0.0659128 0.736224
-0.731245 -0.390015 1.9286
-0.584771 -0.0929283 1.45349
-0.531904 -0.0852327 1.37742
-0.631686 0.00458157 1.10487
-0.650196 -0.0402475 1.04978
-0.652336 -0.180699 0.945874
0.305395 0.0468177 0.573559
0.294998 0.0460948 0.604095
0.642496 0.0234172 1.4434
0.307928 0.0457649 0.700334
0.361604 0.0212421 0.882584
0.322638 0.0451747 1.02743
0.290663 -0.295272 1.6791
-0.117492 0.0571923 0.985607
-0.199458 0.0641428 1.02603
-0.188092 0.0527217 0.767328
-0.205387 0.0651042 0.882511
-0.457145 -0.202942 1.54808
-0.462587 -0.22351 1.63173
-0.281918 0.0683475 0.674334
-0.25462 0.0662178 0.542201
-0.628561 -0.0721826 1.10166
-0.518037 -0.15546 0.894866
-0.62587 -0.0379981 1.09345
-0.641025 -0.026325 1.13934
-0.640621 0.00396906 1.06896
-0.639627 0.00459555 1.03692
-0.642807 0.000112246 1.00546
-0.65452 -0.150965 0.957423
0.35231 -0.27575 2.00976
0.251367 -0.187202 1.41423
0.341233 -0.00556076 0.667926
0.336837 -0.22963 1.71304
0.0735191 0.0516375 0.44346
0.330758 -0.0926194 0.857001
0.4397 -0.00533889 1.85786
0.363435 -0.264562 1.7485
0.353241 -0.214562 1.78294
0.30835 -0.296435 1.72366
0.299694 -0.280928 1.72728
0.565521 -0.0463113 0.89175
0.333891 -0.0621287 0.539396
0.573146 -0.0145023 0.807406
0.379151 0.0338411 0.675344
0.364549 0.0126362 0.664412
0.602844 -0.0173502 0.941372
0.54841 0.0193746 0.820234
0.594133 -0.0150553 0.834863
0.330699 -0.0647337 0.565836
0.345767 -0.0456241 0.588688
0.599425 0.0250557 0.935765
0.381968 0.0247751 0.676956
0.467531 -0.0371439 0.743416
0.621683 0.00134019 0.977795
0.349668 -0.0365086 0.61263
0.591329 -0.00895021 0.900117
0.339204 -0.0483627 0.615556
0.336611 -0.0562579 0.575017
0.564403 -0.00725368 0.902242
0.299095 0.0317799 0.761014
0.353947 -0.0306948 0.651053
0.340155 -0.0808022 0.608502
0.372909 0.016453 0.679252
0.594486 0.0219707 0.889679
0.595809 0.0137214 0.912149
0.352008 -0.080795 0.530986
0.327008 -0.0888187 0.561275
0.178341 0.0519296 0.328865
0.567875 -0.0557253 0.789107
0.491737 0.0370987 0.721243
0.573906 -0.0568257 0.797167
0.702832 -0.11421 0.9696
0.372363 0.0155213 0.678063
0.265424 0.0514707 0.476586
0.596547 0.0083088 0.824274
0.587492 0.0216137 0.879176
0.366403 -0.0655967 0.616161
0.332215 -0.0666678 0.548657
0.603515 -0.0205164 0.944297
0.585363 -0.0495936 0.91828
0.593639 0.00544502 0.897254
0.586608 0.013326 0.900252
0.597073 -0.0066044 0.920904
0.606935 0.0234494 0.942481
0.347172 -0.0402361 0.606436
0.59503 0.00507633 0.975497
0.341848 -0.0670243 0.630445
0.318356 -0.0501286 0.560888
0.578462 0.0293407 0.910255
0.568803 0.021499 0.850526
0.34506 0.039025 0.633547
0.291138 0.0469769 0.469398
0.588389 -0.0188807 0.922693
0.591683 -0.121774 0.803978
0.655448 -0.135833 0.882233
0.585796 0.0131605 0.900353
0.359805 -0.0924057 0.651983
0.25927 0.0502166 0.468209
0.266793 0.0493217 0.475238
0.37599 0.0349539 0.681297
0.584439 -0.00899442 0.892407
0.34875 -0.0316182 0.642707
0.34342 -0.0461071 0.60727
0.423954 -0.0406115 0.697293
0.51013 -0.0327443 0.80804
0.594381 0.0132587 0.914698
0.598068 0.00132981 0.912417
0.390806 -0.0121394 0.700983
0.276701 0.0517702 0.491732
0.534166 -0.0061288 0.856548
0.595585 0.0214709 0.890132
0.342332 -0.0682254 0.58537
0.351643 -0.0783885 0.60044
0.335323 -0.0723571 0.555725
0.660045 0.00192629 1.03537
0.36785 -0.0801495 0.670609
0.42232 0.0091939 0.717788
0.356974 -0.0375942 0.633198
0.368046 -0.0890545 0.593279
0.594985 -0.0145518 0.835121
0.525655 0.0158884 0.825128
0.32314 -0.085992 0.579216
0.369542 -0.0128105 0.664365
0.598083 0.00107551 0.912437
0.334617 -0.0619014 0.615852
0.350425 -0.058039 0.597935
0.646926 -0.0100352 0.982677
0.383157 0.0227015 0.677352
0.440594 -0.000700289 0.739243
0.551489 0.025864 0.872193
0.376583 0.0216682 0.665407
0.502109 -0.0117438 0.797611
0.459642 -0.00249314 0.745014
0.590816 0.0143409 0.908853
0.394706 -0.0884905 0.660349
0.333045 -0.034663 0.614579
0.363857 -0.0161097 0.655415
0.34437 -0.0483842 0.629832
0.588187 -0.0101551 0.898569
0.597283 -0.0155789 0.932728
0.484899 -0.0642132 0.735276
-0.0415939 0.0591802 0.475359
0.286711 -0.0642951 0.6616
-0.150023 0.0589385 0.480313
-0.261207 0.0694347 0.786152
0.350676 0.035008 0.668095
0.0918629 0.0855319 0.663627
0.3244 -0.0964624 0.807927
-0.23847 0.0595561 0.596131
-0.266866 0.0675199 0.652453
0.339371 0.0131632 0.891834
0.333884 -0.0115571 0.666284
0.360775 -0.00621497 0.729579
0.3465 -0.0559086 0.660807
0.327157 -0.0701372 0.62823
0.320162 -0.0875417 0.644867
0.334351 -0.083645 0.733421
0.318437 -0.0709672 0.725463
0.293102 -0.0733037 0.684444
0.303725 -0.118995 0.844594
0.352398 0.022001 0.689923
0.333322 -0.0715535 0.697465
-0.152306 0.059955 0.48502
-0.140475 0.0538647 0.411758
-0.28817 0.0691237 0.696596
-0.625875 -0.0687633 1.09868
0.354665 0.00839838 0.688328
0.337454 -0.0705913 0.643267
0.305583 -0.0704031 0.671353
0.319627 -0.0827779 0.685995
0.307318 -0.0787812 0.678321
0.328081 -0.055122 0.635933
0.316027 -0.0546098 0.720653
0.322179 -0.102281 0.792412
0.110242 0.076286 0.54038
0.112184 0.072627 0.69079
0.0574191 0.0510162 0.510918
-0.255328 0.0649721 0.617145
-0.265342 0.0688446 0.674089
-0.641414 -0.0401235 1.11284
0.38025 -0.00091383 0.735219
0.327523 0.00717702 0.660698
0.39005 -0.183792 1.11966
0.0656359 0.0423947 0.455082
0.0629184 0.041991 0.414893
-0.154197 0.0600816 0.44274
-0.325714 0.0749185 0.599528
-0.271228 0.0683956 0.661632
0.349607 -0.0721463 0.836861
-0.198394 0.0503355 0.503644
-0.565649 -0.152355 0.932264
-0.58213 -0.00140467 0.854125
0.324183 -0.117572 0.709585
0.0609048 0.0486305 0.400194
0.0673893 0.0504792 0.412064
0.33085 -0.0367528 0.677606
0.308671 -0.0986422 0.621814
0.322615 -0.097791 0.680534
0.333211 -0.0626522 0.726941
0.328809 -0.0973831 0.818144
0.363617 -0.00402725 0.732758
0.325946 -0.0843104 0.698659
0.427189 -0.0418482 1.01952
0.36746 -0.0315574 0.886914
0.0933041 0.0542544 0.357195
-0.141692 0.0576682 0.449951
-0.227466 0.0601231 0.686618
-0.629441 0.00798956 1.07337
0.331852 -0.0572699 0.740545
0.340372 -0.0457423 0.633403
0.358973 0.0237913 0.69863
0.362378 0.0339304 0.693943
0.322191 -0.0358457 0.646757
0.321181 -0.0741785 0.705817
0.314155 -0.0817153 0.701129
0.326431 -0.0578148 0.74226
0.316319 -0.0639421 0.710405
0.329388 -0.0689186 0.766522
0.301341 -0.0897642 0.715963
0.362661 0.0326684 0.886805
0.37379 -0.088872 0.939926
0.335731 -0.109341 0.865262
-0.161047 0.0661922 0.456241
-0.147993 0.0610132 0.425456
0.337116 -0.0585056 0.751578
0.345084 -0.050909 0.648818
-0.295531 0.0676203 0.546749
0.344527 -0.0275709 0.671214
-0.057083 0.0574654 0.415441
-0.135666 0.0560535 0.427569
0.34154 -0.125543 0.769896
0.338754 -0.0506503 0.755813
0.315247 -0.123931 0.808689
0.338438 -0.0503051 0.659384
0.344827 -0.0457991 0.65715
0.339292 -0.0215823 0.683236
0.329132 -0.00575992 0.660583
0.341142 -0.028002 0.687302
0.339326 -0.125074 0.87291
0.11215 0.0883664 0.718248
0.0727762 0.0546699 0.438659
0.356087 0.0332136 0.68307
0.333631 -0.0627924 0.660983
0.3389 -0.0610123 0.648375
0.341235 -0.125783 0.846853
-0.154086 0.0604167 0.440922
0.345125 -0.00073411 0.667229
0.341914 0.00578953 0.671055
0.338985 -0.115121 0.676217
0.357536 -0.104103 0.713633
0.332792 -0.0632271 0.726304
0.317936 -0.0815781 0.698621
0.325966 -0.0845015 0.698149
0.359379 -0.160436 0.906519
-0.624446 0.0134523 0.983571
0.351615 -0.112608 0.695847
0.336369 -0.0952076 0.653282
0.168349 0.054035 0.3563
0.326493 -0.0355191 0.787602
0.152241 0.0557267 0.466818
0.0724627 0.0566449 0.373124
0.0780717 0.0542254 0.425906
0.35903 0.0333246 0.879576
0.0943141 0.0542665 0.483177
-0.153735 0.0615285 0.459384
-0.2278 0.0593027 0.646341
-0.195554 0.0601313 0.495695
-0.63977 0.00630937 1.03587
0.350127 -0.0711788 0.65516
0.336262 -0.0798376 0.628771
0.335895 -0.0554995 0.646482
0.338283 -0.0513069 0.64703
0.339766 -0.118075 0.72314
0.327033 -0.0563341 0.743204
0.335673 -0.0573719 0.7485
0.317135 -0.0827262 0.705638
-0.150148 0.058532 0.409798
-0.314478 0.0721277 0.580613
-0.528166 -0.0253183 0.968234
0.357849 0.035433 0.677017
0.344246 -0.0227503 0.674405
0.308614 0.0507063 0.823752
-0.643635 5.19905e-05 1.0065
0.329337 -0.0491793 0.754176
0.0679793 0.0547886 0.448819
0.0717339 0.0537275 0.433925
0.308258 -0.127284 0.793651
0.33492 -0.0447371 0.627409
0.324964 -0.0362087 0.651719
0.324495 -0.0839109 0.68529
0.342489 -0.104686 0.849122
0.338128 -0.0898585 0.854171
0.0728383 0.0570753 0.359604
0.0708764 0.0492975 0.387791
0.326224 -0.105183 0.735226
0.304715 -0.0791016 0.682062
0.322604 -0.0632964 0.706007
0.335899 -0.0952205 0.651957
0.337366 -0.0222159 0.679332
0.336989 -0.138062 0.796885
0.327008 -0.0996958 0.766844
0.342728 0.0157158 0.867735
0.352698 0.0205956 0.863533
0.322872 -0.0974167 0.68037
0.321638 -0.0865089 0.697249
0.141976 0.0564294 0.421507
0.050908 0.0591357 0.365411
0.34148 0.0042232 0.670453
-0.257599 0.0688888 0.698627
-0.260718 0.0677536 0.555238
-0.225108 0.0577493 0.489546
-0.644815 -0.0751561 1.15886
0.328562 -0.0404087 0.752336
0.1513 0.0542678 0.512824
-0.0532877 0.0577176 0.418764
-0.0739288 0.0620741 0.392279
-0.148967 0.0606606 0.629284
-0.150735 0.0600081 0.357105
-0.273442 0.0701487 0.678145
-0.64378 -0.0633573 1.07672
0.335581 -0.0670186 0.639505
0.320669 -0.0589297 0.615183
0.32921 -0.0547726 0.734191
0.338432 -0.0497356 0.755413
0.0747574 0.0547532 0.465475
0.335295 -0.0668839 0.630302
0.336489 -0.0447766 0.644022
0.339528 -0.0416615 0.641085
0.335701 -0.07178 0.636269
0.32912 -0.0933847 0.855492
0.330153 -0.123771 0.856867
0.337192 0.0115745 0.863232
0.362175 0.0356025 0.683334
-0.0673523 0.0592004 0.410257
-0.307152 0.069951 0.562238
-0.255112 0.0665814 0.562113
-0.256617 0.0665696 0.546477
-0.640182 -0.0405755 1.08443
-0.631632 0.00607328 1.07282
-0.641638 -0.0375287 1.03491
0.340508 -0.126095 0.845528
0.339859 -0.0589173 0.64137
0.38157 -0.0012942 0.767656
0.338934 -0.005802 0.663906
0.330034 -0.0997371 0.771892
0.30634 -0.126117 0.788337
0.340056 -0.0389218 0.69044
0.338898 -0.0404461 0.66243
0.342095 -0.0302553 0.671748
0.348054 -0.0734857 0.833615
0.0673599 0.0548958 0.371255
0.0690127 0.0538118 0.357878
0.0729286 0.0547057 0.438819
0.0817483 0.0542279 0.516749
-0.104321 0.0603228 0.351322
0.359862 -0.0234847 0.719276
0.341297 -0.00656521 0.685523
0.328554 -0.139464 0.799276
0.331572 -0.13546 0.784004
0.337593 -0.122163 0.783182
0.337145 0.0116588 0.862218
0.337102 -0.0132246 0.850447
0.0926732 0.0553442 0.425351
0.339522 -0.124632 0.696588
0.325667 -0.10515 0.644232
0.0875297 0.0846813 0.636656
0.339442 -0.0975627 0.662533
0.339951 -0.0875526 0.659588
0.341638 -0.079104 0.651082
0.342071 -0.0679744 0.641031
0.183739 0.0501013 0.526778
0.336219 0.0393729 0.869404
0.330487 -0.0366975 0.642871
0.338659 -0.0267765 0.662158
0.372813 -0.0544536 0.766861
0.267501 0.0521184 0.672672
0.268557 0.0513779 0.764468
0.126258 0.0566448 0.397165
0.179637 0.0630575 0.699367
0.154169 0.0548595 0.5689
0.336727 -0.105037 0.657556
0.0578495 0.0657137 0.3736
-0.0799967 0.0647393 0.446324
-0.0770096 0.0644583 0.411838
0.351175 0.0156248 0.677971
0.359497 0.032259 0.688242
0.342785 -0.010522 0.671455
0.294199 0.0498399 0.713475
0.140964 0.0569834 0.511876
0.343389 -0.000577271 0.662614
0.307616 -0.0840166 0.671135
-0.0825036 0.0590164 0.360222
-0.155026 0.0619749 0.466229
-0.20909 0.0651712 0.526332
-0.62625 -0.0716817 1.09799
-0.640103 0.00546237 1.03765
0.296871 0.0464053 0.607564
0.348274 -0.147829 0.801426
0.0614327 0.0565723 0.348424
0.0683007 0.0563097 0.354003
0.182654 0.0506938 0.537418
-0.12043 0.0599683 0.349481
0.341809 -0.0119639 0.860682
-0.00702916 0.0617123 0.397532
-0.0728277 0.0598792 0.393554
-0.0777495 0.0635359 0.436249
0.339203 -0.12517 0.694723
0.134358 0.0575251 0.355718
0.160221 0.0521175 0.420427
-0.0142439 0.060761 0.359521
0.368932 -0.0535109 0.757831
0.157199 0.0559187 0.57708
0.335361 -0.0761026 0.662771
-0.154112 0.0602541 0.482682
-0.148032 0.0604321 0.432949
0.352321 -0.0309869 0.856982
0.32373 0.0425701 0.86089
-0.153899 0.0614091 0.370621
-0.14468 0.0599385 0.550276
0.295946 0.0508802 0.674983
-0.106454 0.0598245 0.460481
-0.26854 0.107569 0.554057
0.337103 -0.0673388 0.633022
0.338732 -0.067437 0.643259
0.330495 0.00233322 0.84556
0.339294 -0.0618073 0.648144
0.317746 -0.0756432 0.67191
0.591113 0.00927629 0.908079
0.595336 -0.00584259 0.917271
0.339577 0.0185777 0.672337
0.326616 -0.0431511 0.643579
0.476722 0.0366287 0.714164
0.26252 0.0526838 0.477383
0.328532 -0.069415 0.689318
0.188746 0.0516929 0.371814
0.332139 -0.0885206 0.672138
0.597848 0.0307844 0.936702
0.342099 -0.0227445 0.685292
0.339312 -0.0226972 0.682479
0.332999 -0.0619609 0.655502
0.342762 0.003668 0.672729
0.323066 -0.102499 0.648888
0.326438 -0.0433644 0.643442
0.339134 -0.00667706 0.68119
0.324585 -0.0872581 0.658659
0.346044 -0.0629973 0.647908
0.337314 -0.0220525 0.664898
0.352724 0.0300537 0.685201
0.378425 0.0336883 0.675876
0.348511 -0.0876105 0.65109
0.316526 0.0413856 0.592254
0.353315 -0.0801026 0.646683
0.345481 0.0142868 0.679396
0.347454 -0.0460803 0.613947
0.578398 -0.0286917 0.912967
0.331725 -0.0496595 0.637121
0.34891 -0.0342962 0.59485
0.331321 -0.0288077 0.546177
0.338075 -0.0478206 0.610833
0.332857 -0.0699693 0.63038
0.336396 -0.0553999 0.655897
0.586194 0.0248637 0.845428
0.351821 0.0254683 0.685413
0.346472 0.014733 0.681174
0.173127 0.0541183 0.41201
0.326299 -0.0955813 0.671735
0.345037 0.00257428 0.688705
0.341914 -0.0104276 0.670307
0.334114 0.00581941 0.667191
0.354238 -0.0207989 0.702045
0.341417 -0.0269835 0.667057
0.363048 -0.0309715 0.662728
0.335257 -0.0327002 0.610452
0.565493 0.016517 0.884144
0.596625 0.0123735 0.917592
0.307309 -0.0839199 0.627792
0.338257 -0.0939382 0.687626
0.340165 -0.06777 0.628284
0.335016 -0.0790195 0.66216
0.344598 -0.0376812 0.690646
0.333532 0.00549303 0.6643
0.348632 -0.0388101 0.698844
0.338185 -0.0706832 0.67127
0.589386 0.0251838 0.850998
0.35646 -0.0621641 0.656313
0.341237 -0.0445765 0.630201
0.594865 0.0171663 0.853683
0.376173 0.0113387 0.679616
0.314862 -0.0746481 0.667374
0.378229 0.00281383 0.683777
0.569529 0.0174746 0.863564
0.332853 -0.0367411 0.679379
0.580232 0.0167979 0.83397
0.330408 -0.0889103 0.667764
0.325171 -0.0934858 0.657293
0.352866 -0.0478656 0.737099
0.339511 -0.0531083 0.630898
0.351137 -0.0545209 0.651372
0.349248 -0.0762283 0.639957
0.594212 0.0196124 0.898156
0.332431 -0.0129223 0.654959
0.353429 -0.0797217 0.646975
0.325175 -0.0395356 0.636801
0.595273 0.00496772 0.899395
0.355985 -0.0848728 0.632969
0.611231 0.0223191 0.909466
0.317848 -0.0754087 0.672042
0.322795 -0.0121283 0.66124
0.601823 0.0301572 0.942873
0.358404 -0.0765924 0.675872
0.342984 -0.0793968 0.653432
0.36212 -0.0407452 0.62872
0.522904 0.0383271 0.778062
0.292782 0.0456151 0.541723
0.354547 -0.0153822 0.715699
0.338393 -0.0262899 0.665557
0.34416 -0.0863281 0.645284
0.346981 -0.0639161 0.637983
0.35679 -0.0857309 0.636326
0.347405 -0.0464358 0.591307
0.623054 0.0319223 0.977708
0.339418 -0.0369933 0.62505
0.361301 -0.0459324 0.697313
0.346295 -0.0806378 0.658539
0.338578 -0.0870608 0.656939
0.358877 0.035839 0.680265
0.33749 -0.0523512 0.61072
0.402158 0.00155167 0.693607
0.337785 0.00626144 0.664709
0.333595 -0.0788187 0.660162
0.326351 -0.0440041 0.642346
0.561409 -0.0156556 0.881338
0.340561 -0.0153045 0.669478
0.332796 -0.0601572 0.640224
0.345618 -0.0783796 0.601712
0.619832 0.0204318 0.960157
0.341216 -0.0672526 0.630819
0.322099 -0.0940008 0.647962
0.264968 0.0530926 0.570486
0.56321 0.0205088 0.896456
0.335872 -0.066263 0.622672
0.342327 -0.0648477 0.613847
0.358337 -0.072546 0.639029
0.339255 -0.0254864 0.623968
0.320233 -0.0123995 0.651913
0.336401 -0.0220293 0.677817
0.334064 -0.0190331 0.687676
0.352932 -0.0494329 0.738677
0.335845 -0.0377604 0.673786
0.67367 -0.00896279 1.33783
0.328573 -0.0772269 0.651837
0.356302 -0.0346752 0.602679
0.377242 0.00355315 0.684428
0.344063 -0.0756907 0.599833
0.31379 -0.0554143 0.609962
0.341659 -0.0691932 0.640177
0.307757 -0.0219807 0.62484
0.362626 -0.0355484 0.702824
0.343593 -0.0303504 0.700017
0.344914 -0.0636456 0.630949
0.359877 -0.0442621 0.627046
0.498735 0.03521 0.749956
-0.309931 0.0705816 0.571089
-0.132951 0.0541656 0.554268
0.419043 0.0164729 0.951902
0.327267 -0.0744743 0.842702
0.317345 -0.0851989 0.756325
-0.151719 0.0562828 0.766136
0.559368 0.0218115 1.22296
0.336912 -0.0687433 0.754292
0.368467 0.0227446 0.887423
0.373147 0.0262087 0.903431
0.408839 -0.0332418 0.910069
0.341084 -0.0422037 0.896543
0.152167 0.0553331 0.466306
0.364243 -0.0409737 0.872858
-0.153668 0.0598781 0.418511
0.347405 0.0381481 0.889186
0.173832 0.0557023 0.466907
0.073541 0.0547082 0.411192
-0.0407637 0.0570393 0.454782
-0.245165 0.0634364 0.530293
-0.276679 0.0724718 0.592644
-0.622253 0.00589363 1.01352
0.396394 -0.0512313 0.865774
0.679434 -0.0250402 1.36837
0.42057 -0.00377529 0.87731
0.627493 -0.0190291 1.33667
0.36332 0.0228527 0.88605
0.0844506 0.0566945 0.48292
0.0712548 0.0595593 0.553242
0.0593117 0.0540369 0.483173
0.064473 0.0549548 0.487194
-0.169378 0.064501 0.498652
0.0964343 0.0754452 0.637544
-0.66985 0.0124032 1.07016
0.305394 -0.0729687 0.681583
0.336945 -0.100543 0.835736
0.322271 -0.0765857 0.866367
0.0656952 0.0660767 0.515618
-0.124076 0.0503948 0.527032
-0.145482 0.0603654 0.459091
-0.608657 -0.0679429 1.06888
-0.486724 -0.156858 0.9249
-0.243485 0.0655298 0.732114
0.100063 0.056816 0.474629
-0.0407492 0.0576028 0.453557
-0.640306 0.000653253 0.973783
0.332775 0.0285654 0.846951
0.322753 -0.0493894 0.698382
0.31931 -0.0796576 0.813751
0.305613 -0.0645391 0.73398
0.345292 -0.105099 0.881305
0.352958 0.0393272 0.902826
0.0675654 0.0474269 0.507665
-0.271507 0.0699149 0.667701
0.103874 0.067562 0.6726
-0.545491 -0.14118 0.910375
0.350178 0.0159623 0.882793
0.345072 0.0246402 0.873379
0.0891845 0.0577946 0.554235
0.0562965 0.0534951 0.446508
-0.156817 0.0611402 0.423994
0.3463 0.0208942 0.891005
0.335298 -0.112448 0.829906
-0.0944854 0.0383296 0.421089
0.347227 0.014786 0.90919
-0.0427633 0.0592208 0.464966
-0.179317 0.0741464 0.797929
-0.290115 0.0389336 0.81548
-0.153451 0.05978 0.482359
-0.584644 -0.148378 0.966505
0.0657805 0.0586523 0.491705
0.330265 -0.0516958 0.709688
0.343351 0.0301954 0.86679
0.072828 0.0537433 0.527215
0.313226 -0.066629 0.738973
0.338753 -0.13653 0.928898
0.173729 0.0524359 0.454378
0.338582 -0.0819547 0.823984
0.322507 -0.0833144 0.766793
0.332141 -0.146821 0.909758
0.0977048 0.0543591 0.511141
0.339286 -0.020178 0.862292
0.171202 0.0604698 0.637657
0.101237 0.0566076 0.442428
0.325054 -0.103952 0.799771
0.209414 0.0518619 0.594079
0.120256 0.0658513 0.680533
0.0510769 0.059306 0.365414
-0.165043 0.0667466 0.461021
-0.207593 0.0647763 0.517838
-0.646997 0.016008 1.0858
-0.640788 0.0119873 1.02957
0.0751582 0.0539249 0.469284
0.0598365 0.0571098 0.472588
-0.266671 0.0685675 0.664209
-0.51923 -0.156323 0.895492
-0.645611 0.00528949 1.12344
-0.63894 -0.0732612 1.11823
0.32057 -0.106735 0.867599
0.312521 -0.0804246 0.687886
0.064564 0.0620832 0.496309
0.0844575 0.0550083 0.44942
0.321866 -0.133272 0.803396
0.332967 -0.0935903 0.862675
0.326489 -0.0768564 0.870805
0.325374 -0.0584229 0.737434
0.321542 -0.136085 0.910535
0.0776057 0.0571428 0.428411
0.0715793 0.051439 0.469169
0.353529 -0.0552731 0.756745
0.287438 -0.0941017 0.640708
0.333187 -0.0864991 0.71257
0.362231 -0.131885 0.854629
0.312123 -0.0585228 0.756378
0.155745 0.0549845 0.62021
0.361428 -0.0418216 0.761012
0.127403 0.0578418 0.509764
0.0930312 0.0523996 0.401271
0.0981332 0.0548636 0.46588
0.0621683 0.0540057 0.526676
-0.0640898 0.0570084 0.447239
0.285021 0.0474743 0.716821
0.340644 -0.068276 0.874553
0.326491 0.0436304 0.895375
-0.747823 0.0154539 1.18113
0.393499 -0.033161 0.936292
0.0576055 0.0578619 0.4092
-0.0695262 0.0576726 0.447372
-0.198074 0.0822271 0.871809
-0.0907433 0.0370617 0.387177
-0.144066 0.0588817 0.528112
-0.640623 -0.0423781 1.06354
-0.629066 0.0152493 1.00101
-0.64913 -0.14966 0.923315
0.068547 0.0517581 0.430626
0.0722023 0.0515882 0.433979
-0.0214419 0.0573188 0.407349
-0.232966 0.0645131 0.71973
-0.102365 0.0595304 0.459028
-0.303664 0.030042 0.816591
0.338818 -0.0675261 0.869855
0.0800613 0.0558414 0.397492
0.336518 -0.138839 0.854177
0.322997 -0.0964561 0.733823
0.0908258 0.0567234 0.396005
0.332367 -0.0579771 0.740834
0.335158 -0.0498725 0.764854
0.342674 -0.0508128 0.763258
0.310928 -0.123401 0.892216
0.31618 -0.104368 0.694747
0.319116 -0.0695442 0.70287
0.333078 -0.115753 0.783626
0.100045 0.0541457 0.590426
0.0622701 0.0554004 0.47468
0.344784 -0.0604167 0.845508
0.350154 -0.0166553 0.870133
0.0566794 0.0652447 0.419736
-0.0832447 0.0577724 0.439388
0.13177 0.0598747 0.582956
-0.472243 -0.151234 0.901688
0.297722 0.0459577 0.647017
0.0510757 0.0600047 0.36667
-0.0570934 0.059706 0.430135
-0.14982 0.0603577 0.455156
-0.640401 -0.0404864 1.0851
0.327524 -0.118048 0.761688
0.309621 -0.0719812 0.672999
0.349847 -0.0158441 0.868535
0.323702 0.0425365 0.858671
0.296542 0.0507115 0.717469
-0.107542 0.0442115 0.396786
0.297179 0.0509777 0.69822
-0.12128 0.05023 0.492287
-0.605795 -0.161957 0.923046
-0.148394 0.0610465 0.629923
-0.118225 0.0603877 0.466737
0.335994 -0.0621047 0.636806
0.347938 -0.0713845 0.651075
0.378544 0.0333694 0.672447
0.369417 0.0137484 0.673278
0.591408 0.0224433 0.884895
0.338543 -0.0788723 0.645071
0.349679 -0.0761172 0.641638
0.343554 -0.0873973 0.642555
0.374152 0.0047261 0.679389
0.360194 0.0320928 0.655368
0.36786 0.0338658 0.670105
0.377634 0.0148094 0.685146
0.381286 0.0112944 0.692309
0.341538 -0.0391693 0.6472
0.179483 0.0499577 0.531601
0.454515 -0.144735 1.765
-0.0881577 0.0382273 0.820802
-0.308555 0.0271098 1.25448
-0.143934 0.0571038 0.456729
-0.201764 0.064321 0.921425
0.286173 0.00874401 1.10553
-0.0404231 0.0593709 0.558479
-0.169525 0.0643427 0.857167
-0.205222 0.0653111 0.926316
-0.267878 0.044227 1.12463
-0.150901 0.0598535 0.448965
-0.0409222 0.0572815 0.455309
0.0188635 0.0564067 0.472148
0.391702 0.0417935 0.972344
-0.0395077 0.0584307 0.552445
-0.143112 0.0584727 0.648098
-0.587168 -0.272565 1.63996
-0.508381 -0.223768 1.50624
-0.624948 0.0125006 1.10234
0.564339 -0.0542484 1.76708
0.394185 -0.239946 1.78133
0.352463 -0.179186 1.42635
-0.624644 0.00545444 1.08257
0.332345 -0.0876901 0.786643
-0.485007 -0.212865 1.33529
-0.634803 0.0152842 1.06775
0.0192667 0.0580283 0.484068
-0.627699 -0.0897099 1.00689
-0.428287 -0.177772 1.39569
-0.0367373 0.0550963 0.531267
-0.203258 0.0649435 1.07409
-0.306001 0.0392402 0.803416
0.613853 -0.00396611 1.31068
-0.391656 -0.262511 1.52901
-0.665134 -0.338751 1.93094
0.359852 0.0383139 0.893378
0.368717 0.05016 1.3534
-0.535476 -0.224404 1.35502
0.401217 -0.0483659 1.38348
-0.0563564 0.0579779 0.420268
-0.514493 -0.299465 1.72821
-0.602239 -0.0892426 1.31743
-0.639827 -0.0393117 1.03329
0.0550255 0.0567479 0.484546
0.623062 -0.000342736 1.29903
-0.485587 -0.226912 1.45094
-0.511864 -0.213897 1.37418
0.365215 0.021933 0.886634
0.333651 0.0253146 0.859459
-0.51106 -0.0888779 1.36147
0.0189375 0.0575592 0.481449
0.341284 0.0374041 0.87677
-0.0394583 0.0594423 0.565501
-0.504922 -0.161536 0.959494
-0.53967 -0.222013 1.36498
-0.600254 -0.0674032 1.37246
-0.621979 -0.0702425 1.09244
0.338597 -0.11094 0.873413
0.458251 -0.223282 1.4632
-0.508697 -0.290879 1.61347
0.630649 0.0198231 1.36878
0.360921 -0.0190973 0.894666
0.094597 0.0582272 0.7492
-0.502553 -0.224537 1.375
0.621165 -0.015538 1.32534
0.355489 0.0338423 0.874158
-0.0874413 0.0605052 0.455208
-0.477177 -0.217967 1.41704
-0.522386 -0.258535 1.60552
-0.477386 -0.187507 1.33742
-0.482507 -0.226096 1.35223
-0.598555 -0.26765 1.52935
-0.600525 -0.0595508 1.40173
-0.618936 -0.025294 1.1012
-0.615957 0.0140894 1.08895
0.331799 -0.11518 0.875746
0.0668512 0.0483356 0.41023
-0.619559 0.0153666 1.09402
-0.0390234 0.058967 0.564003
-0.229999 0.0741655 1.16598
-0.450239 -0.141203 1.28623
-0.545474 -0.236927 1.37912
0.329465 -0.0928999 0.744761
0.622507 -0.000316416 1.29859
0.33939 -0.102421 0.84128
-0.474868 -0.231757 1.41045
0.618177 0.0288463 1.33693
0.185415 0.0503509 0.736247
0.631353 0.0188549 1.37024
0.0739655 0.0523095 0.612601
-0.433444 -0.181915 1.41614
-0.481541 -0.221845 1.36873
-0.491478 -0.206516 1.34643
0.340199 0.0459866 1.21748
0.066471 0.0542519 0.364286
0.0751419 0.0503255 0.585113
-0.153525 0.062503 0.649916
-0.434476 -0.138554 1.38165
-0.525066 -0.229313 1.3664
0.146391 0.0520171 0.527269
0.054229 0.0603853 0.408858
-0.154558 0.0598184 0.816764
-0.204282 0.0646769 0.884165
-0.258576 0.0728849 1.04069
-0.486049 -0.250685 1.54676
-0.477398 -0.232663 1.55003
-0.454406 -0.221197 1.31151
0.669527 0.0103714 1.85874
-0.169088 0.0737333 0.866556
-0.51442 -0.0917495 1.37455
0.0807316 0.056723 0.461958
0.0953166 0.0548476 0.603086
0.343195 -0.104002 0.849961
0.312798 -0.0933413 0.677028
0.346137 0.0302129 0.871324
-0.498637 -0.228763 1.41329
-0.471615 -0.204617 1.35741
-0.641327 -0.145977 0.892932
0.276697 0.0507229 0.920016
-0.146026 0.0596144 0.62208
-0.482099 -0.200788 1.52282
-0.219994 0.0647059 0.781809
0.627272 -0.000486859 1.30732
0.359228 -0.260759 1.41984
-0.324185 0.0446913 1.23912
0.306516 -0.126032 0.789514
0.334777 -0.0553544 0.642361
0.341511 -0.0396274 0.609007
0.319102 -0.00693452 0.660697
0.310054 -0.0806895 0.694156
0.329566 -0.0323999 0.683162
0.585777 0.0142144 0.888448
0.358557 -0.0385802 0.631448
0.321187 -0.0382683 0.651444
0.323352 -0.0370013 0.661512
0.332655 -0.0754804 0.657945
0.338462 -0.0912474 0.669976
0.344002 -0.046487 0.644783
0.322867 -0.0891412 0.709506
0.300923 -0.091601 0.669731
0.340065 -0.0522282 0.614045
0.345639 -0.0461102 0.748268
0.331225 -0.0543055 0.637733
0.326391 -0.0386477 0.659231
0.35443 -0.0381933 0.624547
0.627154 -0.00609268 1.27464
0.327469 -0.0961431 0.673825
0.343924 -0.0666004 0.633613
0.624617 -0.00688883 1.27083
0.667199 -0.00615576 1.35363
0.329856 -0.0944589 0.665671
0.340758 -0.0619319 0.650697
0.30417 -0.0309479 0.623157
0.334643 -0.00177751 0.663045
0.356315 -0.0787321 0.661579
0.338912 -0.0924629 0.645217
0.339225 -0.0705438 0.634167
0.326514 -0.0295159 0.672919
0.323687 -0.0322845 0.658526
0.36159 0.0358327 0.683119
0.348882 -0.0764377 0.651975
0.647538 -0.0231912 1.30599
0.603029 -0.0191023 0.934396
0.307182 -0.0934856 0.681718
0.342031 -0.0103873 0.668185
0.557674 0.0966729 1.03638
0.335154 -0.0757267 0.661879
0.383287 0.0347714 0.683398
0.334937 0.00115103 0.656241
0.591939 0.0134344 0.906024
0.355562 -0.0341749 0.765246
0.336365 -0.0515697 0.609789
0.345585 -0.0224746 0.675123
0.345743 -0.045362 0.750159
0.32954 -0.032795 0.678198
0.334109 -0.0965928 0.662504
0.322678 0.0425916 0.600733
0.296562 0.0463353 0.546533
0.336593 -0.0706792 0.668418
0.348871 -0.0871547 0.651229
0.344285 -0.0566364 0.668975
0.340729 0.000983593 0.665347
0.333609 -0.0366458 0.663655
0.336165 -0.0146652 0.675644
0.352092 0.0261548 0.684035
0.34014 -0.0392691 0.60701
0.351933 0.0191804 0.690478
0.317432 -0.10484 0.696247
0.339812 0.00723335 0.684566
0.360657 0.0352286 0.673817
0.341061 -0.0273731 0.672721
0.31856 0.00612557 0.650146
0.362607 0.0263274 0.70148
0.35929 -0.0351742 0.772221
0.376673 0.0191578 0.667518
0.347253 -0.0473147 0.649094
0.387007 0.00928368 0.677132
2.80162 -0.714037 6.50577
-0.100982 0.0636234 2.69827
3.01651 -0.638692 5.67488
3.08135 -0.652571 5.75328
2.98574 -0.635227 5.63287
2.55965 -0.740333 6.49994
2.59393 -0.753661 6.54306
-1.02373 0.653444 6.17532
1.16756 -0.392075 5.97099
0.819506 -0.0415619 3.32407
0.558631 0.0545406 2.91507
-0.185732 0.0465358 2.0505
0.0292225 0.0573608 1.55051
0.135489 0.0536542 1.50249
0.458533 0.0372906 1.76106
0.445459 -0.0771355 1.82939
-0.506442 -0.0549264 2.03921
-0.217018 0.0105046 1.77664
-0.0577522 0.0582735 1.76902
-0.184427 0.0466674 2.04578
0.429431 -0.0882943 1.871
0.444577 -0.076873 1.82774
0.030334 0.0556865 1.54306
0.0532992 0.0567712 2.57934
0.130704 0.0558176 2.55861
0.443244 0.0542214 2.73183
0.130584 0.0554338 2.5571
0.0994146 0.0557825 1.07287
0.337622 0.0485629 1.28024
0.352282 -0.167512 1.54241
0.447942 0.0111016 1.84492
0.436182 -0.176253 1.65254
1.09386 0.186622 2.02476
0.648817 -0.00576804 1.6613
0.427416 0.0447511 2.08088
0.459426 0.0280498 1.85387
-0.174384 0.0636766 1.13698
0.118742 0.0570848 1.4307
-0.0735433 -0.417916 3.43083
0.622481 0.0310064 2.06525
-0.117073 -0.314214 3.07999
-0.450741 -0.111103 2.13298
0.0520482 0.0604736 1.26045
0.00852943 0.0572976 1.33468
-0.425148 -0.171542 1.98927
1.7711 0.302568 2.78664
-0.534296 -0.158459 1.95231
-0.43463 -0.232322 2.36428
-0.22833 0.0370618 1.39817
0.421073 0.0433516 2.06855
0.0190446 0.0585891 1.44034
0.423481 0.0406107 1.77279
-0.512193 -0.0642547 2.12753
-0.299709 -0.378098 3.32682
-0.177554 -0.240277 3.45722
-0.160947 -0.381119 3.38417
0.277839 0.0527567 1.22498
-0.0402214 -0.404616 3.441
0.791964 -0.229261 3.93884
-0.288223 -0.315599 3.43733
0.877824 -0.188708 3.85173
-0.0742923 0.0599789 2.80538
0.232584 -0.290307 3.15631
0.234328 -0.288472 3.13681
0.796436 0.0187483 3.76341
0.157844 -0.348141 5.38638
1.08969 -0.198413 5.46969
0.478965 0.0479925 4.24469
0.043852 0.0627491 4.08377
0.117774 0.0590592 3.82906
0.215672 0.0536316 3.78373
0.757826 -0.152083 4.0864
0.140709 0.059131 3.99628
0.340144 0.052893 3.61037
0.420999 0.050627 3.6985
0.383099 0.0512678 3.6127
0.459874 0.0483644 3.77802
0.769337 -0.152404 4.13786
0.315947 0.0518354 3.7025
0.498913 0.0451357 3.88877
0.104942 -0.219974 5.04951
-0.0646195 0.0389815 5.11044
-0.0718871 0.110241 3.89
0.27954 0.0512183 4.18453
1.18429 -0.0868347 4.65708
0.236871 0.0518219 3.37242
-0.107752 0.0229563 3.74137
-0.0411047 0.0648782 3.61091
0.234682 0.0529567 3.33108
0.408138 0.0521257 3.2935
0.621612 0.0375409 3.49951
0.421464 0.0487441 3.36595
0.488544 0.0459274 3.27122
0.627708 -0.194302 2.52169
0.960526 -0.111715 4.53304
0.0148177 -0.335245 3.82354
0.0729429 -0.311118 3.73673
-0.306459 -0.326451 3.29263
-0.0262512 -0.1662 4.34774
0.443457 -0.0275998 1.87424
0.0541469 0.0575984 1.77337
0.719308 0.00276125 2.43126
0.199838 -0.146602 2.11947
0.441104 -0.0780628 1.85532
0.434684 -0.0754897 1.8807
0.430566 -0.00246212 1.86032
0.469186 -0.0117406 1.84271
0.749571 0.0115573 2.53888
-0.211541 0.0287275 2.10572
0.0556325 0.0540453 1.75343
-0.174949 0.0334935 2.50454
0.176549 0.0571533 1.92795
-0.133077 0.0648423 1.97621
0.76857 -0.0618488 2.57739
-0.133158 0.0645913 1.9728
0.754203 -0.0596721 2.55033
0.282701 0.0523691 2.06601
1.15708 -0.374746 4.1935
0.974884 -0.551551 4.13661
-0.17556 0.0335718 2.51696
-0.173083 -0.263346 3.21795
0.663225 -0.0727221 3.50307
-0.187591 -0.208346 3.30132
0.831799 -0.169993 3.88946
1.05685 -0.444963 4.02049
1.16155 -0.362074 4.18517
0.247402 0.0497273 1.682
0.58228 -0.00519584 5.27227
-0.306722 -0.22147 4.14867
0.626835 0.0380091 3.5042
-0.0733838 0.066508 3.26039
-0.295316 -0.22517 4.15087
0.222287 0.0508412 3.76197
0.778596 -0.315105 4.12716
0.0783921 0.0722662 4.62089
0.390322 0.0506995 4.25761
0.265575 0.0524516 4.12026
-0.110234 -0.176463 4.8523
0.58371 0.0424277 4.17966
-0.212827 0.0726928 4.85673
0.562779 -0.15574 4.61932
0.341515 0.0473925 4.55853
0.566665 -0.158835 4.63971
-0.580435 -0.0224334 5.76994
0.0451831 0.0733469 4.38866
0.0781571 -0.105498 5.2771
1.08229 -0.0646027 5.15277
0.40486 -0.0328813 3.92787
0.562741 -0.155626 4.62061
1.00234 0.0210984 4.51191
1.32776 -0.106673 4.84267
0.982556 -0.00846195 4.45754
1.11133 -0.214693 5.26039
0.56047 0.0584752 4.14993
0.0601884 0.0583051 0.458518
0.339803 -0.00752551 0.858594
0.347119 -0.00616881 0.861735
-0.0388215 0.0575967 0.451463
-0.641236 -0.0411097 1.06553
0.303107 0.0503245 0.812134
-0.233609 0.0632706 0.736549
-0.113695 0.046646 0.421942
0.321016 0.0463549 0.923888
-0.168248 0.069981 0.615267
-0.0433833 0.0596803 0.462944
0.0749188 0.0558016 0.468232
0.375189 0.0160379 0.682667
0.347437 -0.0786513 0.6029
0.610262 0.024712 1.23999
0.345122 -0.0717737 0.643563
0.324942 -0.0364836 0.649952
0.553307 -0.00619304 1.1531
0.338372 7.62674e-05 0.669483
0.3454 0.0307971 0.623639
0.587153 0.00551434 0.888753
0.323159 -0.0352016 0.665536
0.325958 -0.0261036 0.643796
0.329452 -0.0518069 0.709641
0.331594 -0.0628884 0.658867
-0.654096 -0.0450676 1.12793
-0.593968 -0.168325 1.34828
-0.589095 -0.0494674 1.50325
0.0718973 0.0582174 0.518358
0.335266 -0.181043 1.44338
-0.595475 -0.048988 1.51953
0.506784 0.0259908 1.63252
-0.1967 0.0635047 1.00735
-0.11523 0.0482034 0.601277
-0.15348 0.0621129 0.559163
-0.656176 -0.036863 1.18808
-0.660953 -0.0468041 1.08898
0.306231 -0.226019 1.64781
0.178437 -0.115741 0.997572
0.542641 -0.0205399 1.74598
0.660011 0.0233183 1.96038
0.344358 -0.186265 1.48089
0.644876 0.0105526 1.35204
0.340793 0.045431 1.21817
0.625212 0.0127895 1.29441
0.37842 -0.213952 1.57471
0.333885 -0.0874001 0.789145
-0.227693 0.0730565 1.14143
0.328537 -0.0796823 0.759685
0.344601 -0.113862 0.915719
0.5886 0.0144814 0.890551
0.340218 -0.000972764 0.671822
0.338024 -0.0982039 0.670642
0.338804 -0.0013713 0.669288
0.325727 -0.0363139 0.666762
0.379526 0.0193158 0.670654
0.246358 0.0526732 0.498846
0.477465 0.0300125 1.6909
-0.479561 -0.250789 2.01954
0.0684186 0.049869 0.822984
0.362095 -0.14935 1.58191
0.403863 -0.0934722 1.5899
-0.279666 0.0353077 1.22469
0.352829 -0.195068 1.81945
-0.247526 0.0635675 0.617228
0.32905 0.0461629 1.24896
-0.640998 -0.042627 1.0372
-0.6367 -0.0430037 1.05738
0.345238 -0.25089 1.7587
0.345841 -0.0727819 0.830169
-0.19736 0.0620761 0.893697
-0.518574 -0.216914 1.36643
0.336365 -0.0819311 0.841377
0.473896 0.0212956 1.62931
0.405942 -0.25177 1.75746
-0.601501 -0.0906316 1.37104
0.680725 0.00773797 1.39807
-0.483506 -0.205306 1.33364
0.0510524 0.0474244 0.49862
-0.311396 0.0477089 1.12872
-0.253551 0.0267895 1.14885
0.338603 -0.0820633 0.844515
0.634346 0.00250295 1.33358
-0.268592 0.0438926 1.12597
0.446772 -0.0927842 1.56608
0.329413 -0.114133 0.870596
-0.277144 0.0761 0.817217
0.342275 -0.104413 0.837402
-0.519687 -0.0341617 1.13631
-0.591261 -0.0899417 1.35436
-0.582209 -0.0918147 1.44721
0.31488 -0.0590743 0.736894
0.614717 -0.0190181 1.26546
0.337325 -0.0790683 0.895741
0.057647 0.05998 0.479711
-0.513097 -0.241733 1.34622
0.339469 -0.0488159 0.896684
-0.553272 -0.279096 1.6139
-0.517438 -0.257554 1.59141
0.351235 0.0202718 0.860022
0.362865 0.0855435 1.14875
-0.00477244 0.0609478 0.494685
-0.181438 0.0575034 0.806063
-0.303334 0.0219146 1.1896
0.34678 0.00876923 0.898699
-0.0736708 0.0578037 0.573821
-0.456711 -0.202973 1.54524
-0.511373 -0.080196 1.38201
-0.596181 -0.163098 1.36491
-0.028086 0.0591537 0.478896
0.172405 0.0583375 0.796294
0.0878125 0.0567737 0.620603
0.204323 0.0493494 0.657347
-0.129945 0.0608778 0.982439
-0.634743 -0.0512505 1.07593
0.3385 0.0356457 0.873856
0.13477 0.0693158 0.874787
-0.0400276 0.0580932 0.559592
-0.487233 -0.276259 1.64662
0.125907 0.0570988 0.633877
-0.291866 0.0358014 0.816724
-0.618227 -0.060141 1.44367
-0.479365 -0.300911 1.60631
0.161121 0.0548542 0.749165
0.43996 0.0263871 1.52419
-0.457666 -0.155577 1.44211
-0.510418 -0.0692989 1.38318
-0.0409171 0.0587022 0.562748
0.626082 0.00972439 1.31386
0.70706 0.0476754 1.9779
0.0738979 0.0550641 0.884669
0.447137 -0.0700891 1.53021
-0.143575 0.0619505 1.23208
-0.423322 -0.304414 2.01284
0.3267 -0.0691194 0.755217
0.345548 -0.239553 1.64205
0.364456 -0.225531 1.56643
0.397752 -0.163583 1.74108
0.371741 -0.203633 1.76122
0.349927 -0.183177 1.58042
0.0495026 0.0433875 0.452674
-0.409559 -0.265655 1.67091
0.418449 -0.125151 1.51977
-0.387372 -0.264733 1.71204
-0.638007 0.00668393 1.0584
0.335225 -0.113379 0.834062
0.662811 0.026619 1.86389
0.479192 -0.0374989 1.61841
0.381197 -0.255784 1.89763
-0.0250576 0.0438235 0.589219
0.474063 -0.0370989 1.59423
0.0883579 -0.150709 1.10498
0.0964301 -0.149631 1.09734
-0.0348607 0.0569215 0.67853
-0.152699 -0.170593 1.13398
-0.479833 -0.197314 1.51533
-0.247053 0.0664511 0.771829
0.408335 -0.12263 1.47432
0.357942 -0.176409 1.53777
0.359982 -0.218285 1.6025
0.453842 0.0317028 1.87142
0.466475 -0.405128 2.2943
0.293309 -0.237464 1.49988
-0.297923 0.022983 1.17055
-0.61061 -0.080374 1.35619
-0.641051 0.00566162 1.06506
0.656621 -0.031214 1.90229
0.398011 -0.0735603 1.54531
0.365151 -0.248175 1.5537
0.348542 -0.255674 1.68543
0.337448 -0.256125 1.59319
0.346363 -0.273027 1.846
0.137648 -0.143827 1.07595
0.154533 0.0436762 0.61012
0.0951037 -0.147068 1.08254
-0.145687 0.0560961 0.760285
-0.278528 0.0289614 1.32194
-0.0504698 0.0853656 0.995122
0.506919 0.0257792 1.89437
0.279272 -0.0133679 1.1695
0.372473 -0.197129 1.66758
0.333269 -0.218012 1.629
0.388672 -0.234201 1.77137
0.306185 -0.119208 1.39024
-0.636187 -0.0949254 0.997989
-0.293774 0.042739 1.59105
0.140449 -0.147267 1.09586
0.376525 -0.162531 1.51097
0.362722 -0.177973 1.53796
0.437236 -0.222212 1.61375
0.377659 -0.233371 1.61579
0.314337 -0.190548 1.45504
0.413418 -0.0270989 1.51139
0.414431 -0.0564999 1.54669
0.670004 -0.0224045 1.92614
0.438022 -0.0681933 1.50495
-0.254184 0.0288819 1.23056
0.413851 -0.277182 2.04142
-0.478706 -0.241548 2.0053
0.29127 0.0113266 0.604193
0.376719 0.0178413 0.666277
0.3583 -0.0495885 0.629719
0.650395 0.00687184 0.992356
0.338734 0.0060791 0.6832
0.345506 -0.0596313 0.649119
0.473183 -0.0402269 0.993634
0.342822 -0.0804085 0.742427
0.343048 -0.0159147 0.700397
0.317564 -0.0368646 0.632161
0.336229 -0.0916308 0.724902
0.341356 -0.0641875 0.636446
0.344113 -0.0238828 0.647247
0.348291 -0.0865332 0.65045
0.31898 0.0415331 0.595621
0.314167 -0.0674776 0.708236
0.342068 0.0187045 0.674857
0.358506 -0.0417739 0.639021
0.39125 -0.0538594 0.805532
0.336447 -0.00704151 0.68287
0.346982 -0.0599974 0.641187
0.340192 -0.0586377 0.639778
0.326873 -0.0392708 0.660871
0.366311 0.00230821 0.669403
0.329814 -0.0620991 0.657026
0.25722 0.0511067 0.53258
0.330759 -0.0512318 0.741937
0.342495 -0.0241283 0.645525
0.505572 0.0124784 1.03912
0.596568 0.0259276 1.20819
0.336231 -0.0630259 0.642034
0.337263 -0.0615013 0.731525
0.330967 -0.0439242 0.647845
0.335367 -0.0499683 0.63031
0.59461 0.0219515 1.20114
0.320815 -0.0752432 0.861709
0.0727396 0.0604319 0.559402
-0.219993 0.0632596 0.900116
0.390544 -0.0717688 1.02001
0.369964 0.0363831 0.924336
-0.228523 0.0643316 0.929804
0.0722628 0.0531355 0.556968
0.0297349 0.0271386 0.362773
0.353796 -0.0771308 0.79566
0.180073 0.0503073 0.533751
0.367615 0.0245669 0.94162
0.399957 0.0193433 0.951034
0.388721 0.0425465 0.947569
0.321162 0.00717338 0.833718
0.352504 -0.086908 0.797055
0.0716053 0.0467017 0.472526
0.0682901 0.0571881 0.541216
0.306611 -0.0816304 0.704965
0.0288647 0.0262686 0.356455
0.065791 0.0584961 0.653738
-0.221059 0.0604364 0.661788
0.334135 -0.0586469 0.759298
0.325388 -0.0844666 0.75992
0.345196 -0.0914518 0.868085
0.0744189 0.0537145 0.48351
-0.343133 0.0442183 0.838139
0.345445 0.00747708 0.886091
0.100801 0.0554944 0.572555
-0.110448 0.0449124 0.489819
0.0623619 0.0488597 0.474343
0.067693 0.0545108 0.446526
0.0697194 0.0541499 0.458405
0.0591163 0.0521647 0.476499
0.0763168 0.0509123 0.448165
0.354747 -0.11949 0.800739
0.271577 0.0528806 0.65479
0.331197 -0.108456 0.780933
0.155781 0.0561215 0.524387
0.317614 -0.0936417 0.726351
0.432139 0.00725813 0.953138
0.330198 -0.0755818 0.850504
0.348526 -0.0569464 0.921641
0.324124 -0.135443 0.91705
0.0847445 0.0560992 0.505449
-0.336391 0.0432966 0.826131
-0.151843 0.0615496 0.61834
0.0801716 0.053507 0.46621
0.0674791 0.0507192 0.434708
0.339191 -0.0958607 0.855799
0.333184 -0.134008 1.00702
0.34385 -0.082912 0.834628
0.122197 0.0421988 0.565787
0.338566 -0.0616056 0.860645
-0.251623 0.0679434 0.783395
0.263622 0.0515336 0.640403
0.274458 0.0523147 0.803484
0.214033 0.0402273 0.649957
0.163867 0.0748316 0.612843
0.142468 0.0585859 0.600144
0.0721329 0.058018 0.450062
-0.118302 0.0481052 0.556227
-0.250139 0.0674609 0.748676
0.306713 -0.094037 0.71609
0.321552 -0.107 0.80245
0.329072 -0.122314 0.82301
0.0731364 0.0517801 0.432221
0.0748156 0.0535613 0.469019
0.336791 -0.0823484 0.840253
0.334769 -0.0755907 0.85865
0.333801 -0.113394 0.759436
0.078245 0.057384 0.444653
0.0871777 0.0606338 0.458351
0.316314 -0.0677276 0.73012
0.317954 -0.117015 0.862628
0.272562 0.0510991 0.823424
0.0543169 0.0559932 0.474401
0.195736 0.0531007 0.518525
0.328917 -0.105052 0.808432
0.271173 0.0517929 0.79815
0.349799 -0.142984 0.955741
-0.0596027 0.0551932 0.543184
0.287429 -0.109649 0.848513
0.200402 0.0525898 0.698851
0.0592896 0.0596223 0.416902
-0.192825 0.0794218 0.839316
-0.147044 0.060122 0.456095
-0.535252 -0.0257173 0.996447
-0.599158 -0.0708037 0.970048
0.137697 0.0549718 0.477098
-0.0847119 0.0603301 0.479978
0.340755 0.0199018 0.876356
0.0654908 0.0543395 0.525907
-0.145949 0.0604522 0.546967
-0.268508 0.0691568 0.676977
-0.585442 -0.0381798 1.0306
0.100508 0.0714294 0.723022
0.165339 0.0563133 0.734886
0.346205 -0.0843233 0.857863
0.348051 -0.137579 0.924071
0.347626 -0.0500918 0.914374
0.324716 -0.104012 0.797877
0.157289 0.0553129 0.624143
0.0916976 0.0558548 0.448481
0.174912 0.0530254 0.481113
0.145791 0.0566892 0.559722
-0.003111 0.0557854 0.468021
0.312057 0.0459076 0.751035
-0.137332 0.0571804 0.550964
0.0627032 0.055915 0.479116
-0.0811369 0.0585912 0.550286
-0.244089 0.066064 0.764932
0.363302 0.00767267 0.923776
-0.276956 0.0167942 0.908074
0.122944 0.0562597 0.551474
-0.147779 0.0602158 0.527424
0.320125 0.0461463 0.922789
0.158885 0.0562229 0.605817
0.0646473 0.0631032 0.453761
0.06241 0.0564843 0.421924
0.113292 0.0377336 0.592335
-0.150578 0.0610126 0.457981
0.341299 -0.0437796 0.871426
0.346804 -0.0416143 0.862451
0.332409 -0.0372771 0.853186
0.31703 -0.058708 0.733242
0.339697 -0.0608683 0.864547
-0.261069 0.0315413 1.27471
-0.428568 -0.23924 1.62038
0.367031 -0.208458 1.5975
0.351407 -0.183934 1.58041
0.552204 -0.244593 1.51565
0.421782 -0.0790301 1.55919
0.279968 -0.278981 1.60848
0.600172 0.3417 2.11258
0.447486 -0.144443 1.67079
0.337349 -0.230916 1.59699
0.134918 0.0575353 0.625094
0.353032 -0.303452 1.74358
-0.496957 -0.308379 1.69892
0.63107 -0.0440266 1.34601
0.460497 0.0311848 1.61234
-0.385037 -0.359132 2.339
-0.449439 -0.30196 1.93859
-0.44193 -0.274759 1.70769
0.570477 0.0338988 1.6934
-0.0317149 0.0570558 0.760964
0.463138 -0.157856 1.6162
0.366093 -0.302475 1.88782
0.324088 -0.263224 1.699
-0.469644 -0.105573 1.65549
0.62517 0.0358095 2.00112
0.0872865 -0.149138 1.09452
0.0959877 -0.14772 1.09106
-0.193305 0.0630998 1.1434
-0.438 -0.154233 1.70485
-0.565744 -0.0923412 1.70359
-0.633446 -0.0850856 1.40685
0.337195 -0.110447 0.87073
0.886904 -0.0437047 2.52393
0.32833 -0.234931 1.47805
0.337433 -0.230618 1.59788
0.344296 -0.172994 1.56042
0.300236 -0.271243 1.73264
0.373701 -0.160555 1.50316
0.311272 -0.300242 1.74508
-0.447279 -0.251735 1.88746
0.459717 0.0273786 1.66242
0.706295 -0.0353628 2.18157
0.461815 0.0222796 1.60468
0.344992 -0.233818 1.47651
-0.430505 -0.266042 1.66407
-0.448343 -0.208522 1.3977
0.477543 -0.0427582 1.57725
-0.397721 -0.367509 2.39406
-0.420079 -0.245241 1.93893
0.674522 0.0251719 1.9123
0.0970585 -0.148682 1.0987
0.675979 -0.0310256 1.9236
0.341381 -0.156069 1.53861
0.224227 0.0517467 0.831822
0.354465 -0.19092 1.5004
-0.25625 0.0293037 1.16599
0.70762 -0.0054364 2.20383
0.371382 -0.173807 1.56632
-0.134235 0.0606866 1.20329
-0.471693 -0.234443 1.97683
0.148033 -0.155856 1.15598
-0.448843 -0.175937 1.35261
-0.478776 -0.296995 1.98666
0.390751 -0.282818 1.45826
0.384879 -0.263109 1.53055
0.327308 0.0450708 1.00876
0.557546 0.0332921 1.64658
-0.470007 -0.0634623 1.75837
-0.462989 -0.00778706 1.7843
0.0868369 -0.147996 1.09023
0.505202 0.0349658 3.48885
0.372839 0.0497026 3.35506
0.388788 0.0464554 3.32837
0.331271 0.0493073 4.50876
0.213729 0.0526846 3.32572
0.456353 0.0494686 3.35685
0.159694 0.0535353 3.36273
0.25713 0.0519846 3.28836
0.414437 0.0501388 3.3293
0.0554519 0.0595144 3.36775
0.179732 0.022864 3.24237
0.256978 0.0523016 3.28982
0.556035 0.0454803 3.29949
0.862918 -0.0196246 3.62128
1.08792 -0.238614 3.97024
0.840165 0.0220283 3.5138
0.367823 0.0500466 3.30994
0.317471 0.0518383 3.2857
0.159217 0.0538613 3.31644
0.0849809 0.0595616 3.61253
0.257448 0.0515907 3.28971
0.36626 0.0519917 3.28852
0.876161 0.0208478 3.76469
0.593121 0.0427511 3.51728
0.40534 0.050184 3.28086
-0.183122 0.0466881 2.04254
0.0680173 0.0587669 1.8796
0.732455 0.0253493 2.50514
-0.340065 -0.215649 2.73052
0.068452 0.0589086 1.88005
0.706021 -0.041409 2.42007
0.400696 0.0479014 3.39206
0.407357 0.0455998 3.52284
-0.177663 0.052313 4.34554
0.188817 0.0536374 3.53666
0.371242 0.0517591 3.44213
-0.176585 0.0518673 4.34512
0.875373 -0.0411796 3.67624
-0.0940534 -0.201175 4.62735
0.4804 0.0452128 3.23782
0.00305649 0.0267293 3.40388
-0.0105515 0.0317247 3.30532
0.495348 0.0479105 3.63907
-0.0821965 -0.184279 4.36439
-0.00519284 0.0283494 3.3279
0.15863 0.053486 3.31653
0.0453977 0.0591693 3.29732
0.0499061 0.0576369 3.28675
0.015228 0.0579294 3.40923
0.0359174 0.0657283 4.10386
0.427644 0.0491514 3.74992
0.517634 0.048245 3.846
0.547675 0.0472567 3.83888
0.464582 0.0489642 3.73732
0.474762 0.0468246 3.72354
-0.462328 -0.111882 2.1596
-0.443743 -0.0575216 2.42492
-0.123548 0.0232697 2.47206
0.886429 -0.455979 4.45597
0.686952 0.0223809 1.93435
0.00737738 -0.313531 3.73877
-0.138892 -0.140566 3.90952
-0.103691 -0.185785 4.09819
0.886931 0.000729183 3.12631
0.446249 -0.149646 1.88594
-0.512114 -0.0919585 2.10492
-0.410999 -0.0660932 2.15389
0.257962 0.0517814 1.58645
-0.0674757 0.0518082 1.51347
0.0403763 0.0590286 1.65856
-0.0452473 0.0379319 1.24454
-0.023746 0.0545235 0.881982
-0.572755 -0.059982 1.72475
0.418858 -0.00303056 1.8548
0.455182 0.230121 1.94951
-0.12197 0.0575041 0.960238
-0.270682 0.0440699 1.13489
-0.0493147 0.00748845 0.911667
-0.508471 -0.1097 1.74285
-0.794361 0.362908 2.54956
-0.381688 -0.273494 2.0968
-0.0956748 0.0588879 1.37992
0.173672 0.0511095 1.10834
-0.506016 -0.0854123 1.36671
-0.496849 -0.0629759 2.07496
-0.419575 -0.273921 1.9946
0.372334 -0.274006 1.97603
0.112673 -0.1494 1.61355
0.221517 0.0553945 1.32421
0.644432 -0.0444188 1.65727
0.430721 -0.159603 3.68478
0.000976702 0.0586605 3.39124
1.98752 0.435913 4.36504
1.09429 -0.171206 5.44652
-1.00234 0.643671 6.10268
0.316682 0.0522478 2.93741
0.333811 0.0487426 2.94094
0.576641 0.0429542 3.08436
-0.0712331 0.0647621 3.15813
-0.103927 0.067005 3.26701
-0.141414 0.0633078 3.21694
0.297095 0.0537435 2.83184
0.37753 0.0505225 2.91353
0.229 0.0546009 3.09412
0.375668 0.0501585 3.04038
0.412623 0.0504721 3.07277
0.211634 0.053845 3.33159
1.39478 -0.378746 5.94386
1.08186 -0.104433 5.22449
1.36459 -0.171668 4.7898
1.27622 -0.350452 5.58382
0.0836091 0.0647647 4.35828
0.777812 0.0304145 4.33774
0.98984 0.0209704 4.49665
0.993533 -0.0081289 4.47131
1.51676 -0.127497 4.8398
1.331 -0.167222 4.75075
1.35009 -0.118726 4.791
1.00054 0.0141078 4.58928
0.172991 0.0538739 3.41709
0.230747 0.0542345 3.51985
0.421306 0.0493537 3.40231
0.561422 0.0453311 3.57984
0.475632 0.0474557 3.40867
-0.207215 0.0353711 4.12173
-0.159156 0.0681649 3.04213
0.358255 0.052563 2.74764
0.399543 0.0501009 2.68477
-0.192565 0.0656247 1.25159
-0.17657 0.0613184 1.58276
0.398897 -0.0630867 1.54608
-0.170285 0.0646531 1.24936
-0.115099 0.0628302 1.21505
-0.0883524 0.0553903 1.35605
0.105288 0.0567846 1.28041
0.222409 0.0528134 1.2167
0.110163 0.0569584 3.55899
0.245022 0.0529714 3.5833
0.0821504 0.0609307 3.62
0.181109 0.0540254 3.48294
0.416713 0.0478887 3.48607
0.171524 0.0539204 3.45339
0.187256 0.0537496 3.52511
0.187087 0.054032 3.52619
0.284965 0.0521648 3.48623
0.985923 -0.00873076 4.46236
-0.209832 0.0290209 5.17472
0.952968 0.0195649 4.25033
1.04494 -0.0283474 4.90095
1.13065 -0.320969 5.2014
0.518034 0.0459317 3.49046
0.895956 0.0235811 3.77531
0.519124 0.0463798 3.49222
0.518483 0.0462005 3.49158
0.596198 0.0436285 3.54816
1.10495 0.0110017 5.25194
0.383163 -0.189025 4.37211
0.4054 -0.21529 4.59075
1.11958 -0.358285 5.95462
1.45241 0.0233635 7.88182
2.73367 0.554053 6.04406
0.103965 -0.179434 5.02455
0.197031 0.0517229 3.56916
0.447513 0.0508528 3.3907
0.083504 0.0594923 3.58408
0.184232 0.053909 3.50498
0.448574 0.0509257 3.39249
0.560397 0.0449185 3.57845
-0.260766 0.0201997 3.54195
-0.000247734 0.0630599 3.2712
0.389033 0.0507213 2.9444
0.466028 0.0465032 3.12768
-0.0499505 0.064843 3.31128
0.00520812 0.0617112 3.26078
0.347403 0.0502325 2.98583
0.195823 0.0243728 3.07213
0.453429 0.0477129 3.31332
-0.0711095 -0.115168 3.75491
0.47721 0.0424223 3.20767
-0.234032 0.0166618 3.48924
0.464043 0.0472025 3.00365
0.106595 0.0554527 2.96019
-0.00283897 0.063741 3.27347
0.899283 -0.0386507 3.86357
0.940332 -0.313565 3.98232
3.30449 -0.694051 5.43412
0.946032 0.163073 3.4795
0.875083 -0.291589 4.14843
0.0152111 0.0570291 3.41713
1.73669 -0.155745 4.6957
0.535609 0.0508303 3.39692
0.419415 0.0451965 3.28501
1.50008 -0.370699 7.57539
1.0882 -0.0417181 5.20875
1.09449 0.00881755 5.14919
1.2882 -0.384527 5.63058
0.466247 0.0494768 4.06329
0.638646 0.0338385 4.08401
1.09148 0.00724843 5.14086
0.995607 -0.0667481 4.56274
0.357242 0.0420062 2.98178
0.555776 0.0424265 2.98715
0.357583 0.0522749 2.7963
0.0887778 0.0619567 2.98146
0.0870665 0.0555686 2.86161
-0.283643 0.0396931 1.55352
-0.516082 -0.091028 2.11069
-0.542655 -0.159596 1.9578
-0.175061 0.0612659 1.57901
0.0193144 0.0584501 1.25713
-0.260159 0.0408354 1.45494
-0.221112 0.0619109 1.56783
0.431314 -0.0846434 1.63463
-0.461139 -0.00199449 1.84582
-0.181539 0.0636216 1.60082
0.454426 -0.0660669 1.71248
0.422276 -0.152727 1.90889
0.548999 0.00192764 1.95283
0.00726681 0.0657078 1.40004
0.0322072 0.044165 1.43987
-0.524815 -0.158852 2.08457
-0.211233 0.0336215 1.72069
-0.251644 0.0252751 1.73814
0.460474 -0.036503 1.87544
-0.332197 -0.321812 2.4179
-0.120254 -0.323132 3.17411
0.202564 -0.14964 2.13688
0.618146 0.0325115 1.58333
-0.243522 0.0687505 1.43155
0.569869 -0.206916 2.48124
0.00864789 0.0582517 1.34387
-0.20333 0.0376411 1.84979
-0.58273 0.00228846 1.67945
0.424342 0.0449125 2.07251
0.661283 -0.00695568 1.56121
0.673152 0.0147113 1.79905
0.162562 0.0570118 1.12594
-0.172047 0.022786 2.12776
-0.153978 0.0643618 1.35503
-0.0796331 0.0584657 1.56778
0.135522 0.0532623 1.50293
-0.34619 -0.21265 2.75907
1.06735 -0.405853 5.83826
1.227 0.633539 3.85584
0.99626 0.499127 3.6366
0.162099 0.0567026 1.12439
-0.0841903 0.061811 1.61116
-0.253798 0.0406995 1.46215
0.839536 -0.171936 3.91526
0.322345 0.0368217 2.98044
0.30527 0.0119641 1.36181
0.588554 -0.155692 4.01132
-0.132357 -0.193058 3.91626
-0.119943 -0.18101 3.73593
0.840199 -0.0058767 3.51403
0.292946 0.0515607 3.30763
0.84839 -0.0299419 3.50591
0.472322 0.0467131 3.17244
0.592362 0.0405388 3.23383
0.828756 0.0192675 3.49692
0.658423 0.0266673 3.49664
0.574636 0.043561 3.39292
0.0057535 0.0268939 3.42171
-0.137708 -0.1178 4.25563
0.563749 0.044981 3.29038
0.903861 -0.0371818 3.95319
0.160245 0.0550633 3.38054
0.537594 0.0429366 3.60213
0.475192 0.0467576 3.40794
0.49699 0.0457569 3.22286
0.605971 0.0418065 3.30855
0.838009 -0.0296749 3.49555
0.862747 0.0219439 3.53281
0.200993 0.0527774 3.61533
0.200404 0.0532436 3.61861
0.50348 0.0476852 3.62658
0.544986 0.0443777 3.63784
0.266925 0.0518297 3.59141
0.492802 0.0493427 3.65727
-0.0710417 0.0623115 2.39407
-0.0154048 0.0335303 3.31066
0.34374 0.0514202 2.65133
-0.016015 -0.360852 3.72417
0.084722 -0.21251 3.87285
-0.653045 -0.152613 3.48622
0.21796 0.0544429 2.24339
0.845147 -0.0255626 3.5181
0.776688 -0.204537 3.91863
0.328371 -0.206092 3.64438
-0.315219 -0.189904 3.23651
-0.112013 0.0338373 2.54293
-0.27291 -0.231727 3.21319
-0.108347 0.0522065 2.5146
0.717488 0.0270885 2.55643
0.285434 0.0485607 3.46576
0.931207 0.0062455 4.08722
0.774757 -0.216411 3.95611
0.844345 -0.0415663 3.49076
0.767851 -0.124902 4.0399
1.17524 -0.17598 5.85945
1.11449 -0.0615962 5.16873
-0.177679 0.0443914 4.96847
-0.167903 0.0426525 4.9398
1.1615 -0.227199 5.13972
0.482668 0.0441782 4.0677
-0.496146 -0.0160221 5.82992
0.479103 -0.160453 4.3844
0.992949 0.00721282 5.59551
0.724606 -0.015457 2.54523
0.747921 0.0133895 2.61999
0.748786 0.0131856 2.62077
0.879409 -0.0249096 3.77237
0.284531 0.0528681 4.26974
-0.159857 -0.101641 4.32383
0.418747 0.0481782 3.66247
0.901431 -0.0457029 3.87729
0.747694 -0.217926 3.92987
1.70879 -0.209289 4.80258
0.364054 0.0507584 3.28309
0.394179 0.0485885 3.35479
0.670021 0.0284681 3.51374
0.515152 0.0446972 3.34459
-0.265001 -0.136836 3.99053
1.84199 -0.27195 4.63401
0.84219 -0.0297559 3.49996
0.166745 0.0552235 3.42522
0.271296 0.0529915 3.37715
1.11943 -0.600127 5.81516
0.422749 -0.154334 4.39473
0.85436 -0.0417901 3.54532
0.468297 0.0457153 3.16764
0.123303 0.0730038 3.40697
0.322512 -0.152678 3.63334
0.0704595 -0.211373 4.04162
0.503977 0.0449403 3.30595
0.385494 0.0478396 3.34211
0.187384 0.0602575 3.68431
0.76919 -0.183472 3.98287
-0.236059 -0.171438 4.34292
0.951685 0.0170049 4.24948
0.22964 0.0518516 3.58278
-0.0666775 -0.172792 4.86581
0.904408 0.108249 4.60935
0.24738 0.0247514 7.45079
3.72223 -0.76318 7.08746
0.856491 -0.0292372 3.55263
0.413698 0.0464203 3.35276
0.449366 0.0422997 3.60658
0.103038 -0.207726 4.18593
0.538877 0.0433148 3.60441
0.140081 0.0572936 0.591712
0.336403 0.0478888 1.27205
0.349973 0.0269101 0.884544
-0.206234 0.0642308 0.912056
-0.567555 -0.0405016 1.41917
0.674993 0.0139459 1.80349
0.665252 0.0215119 1.72303
0.435132 -0.172333 1.46049
0.129534 0.0658949 0.876675
0.365418 0.0401235 1.00971
-0.15486 0.0609727 0.826276
0.144735 0.0569782 0.8721
-0.247271 0.0664023 0.74202
-0.642087 -0.056411 1.05909
-0.569155 -0.042139 1.47571
0.66474 0.021213 1.72262
-0.495845 -0.00682311 1.29385
-0.533011 -0.221442 1.36659
0.366658 -0.160472 1.76995
0.448439 -0.0907596 1.57011
-0.559251 -0.354835 2.30739
0.746271 -0.0716896 2.20841
0.645832 0.00649065 1.83538
0.393533 -0.101667 1.63654
0.411025 0.0140822 1.61741
0.352513 -0.214035 1.89944
0.575295 -0.248397 2.27364
0.454636 0.0121021 1.67871
0.687597 0.0266788 2.03044
-0.311977 0.048171 1.13052
-0.298274 -0.284355 1.9473
0.637681 0.00690609 1.83331
0.694429 0.0095392 1.92011
0.710556 -0.0841331 1.9471
0.653206 -0.0320879 1.90455
0.466467 -0.0193072 1.58256
0.660122 0.0370264 2.09651
-0.268202 0.0445397 1.12533
-0.417524 -0.297657 1.90647
0.349284 -0.211524 1.60837
0.335127 -0.257435 1.93785
0.723098 -0.0347672 2.21543
0.35074 -0.249181 1.56602
-0.209132 0.0670902 1.05822
-0.446763 -0.278639 1.6818
0.339099 -0.316957 1.93872
0.406109 -0.131926 1.60303
0.430418 -0.135545 1.67347
0.303941 -0.192873 1.71645
-0.158975 -0.177854 1.17865
0.332147 -0.0390546 0.62922
0.692058 0.0278402 1.91189
-0.362436 -0.263939 2.12685
0.349312 -0.233358 1.86937
0.481325 -0.0343686 1.62169
-0.481247 -0.309519 1.74299
0.395388 -0.201576 1.96239
0.402256 -0.202862 1.59
0.303562 -0.285334 1.74969
0.0944595 0.0681627 1.09082
-0.179094 0.0635231 1.37378
0.365651 -0.168871 1.64393
-0.44917 -0.254078 1.95509
-0.628568 -0.0806782 1.00463
0.448333 -0.0349129 1.84761
0.452095 -0.0298744 1.63015
-0.604138 -0.0766107 1.34414
0.316946 -0.257009 1.60703
0.334757 -0.278006 1.92145
0.108168 0.0742401 1.21004
0.816733 -0.0100702 2.41013
0.627868 0.0231087 1.8616
0.702043 -0.00649927 2.19669
-0.444932 -0.297181 1.97989
-0.439391 -0.245324 1.6588
0.349529 -0.260605 1.75038
0.327677 -0.218668 1.70382
0.505088 -0.0389722 2.03964
0.325377 -0.294615 1.66364
0.340711 -0.0353139 0.852767
0.317417 -0.274953 1.81023
0.47161 0.0346155 1.83646
0.686014 -0.0163988 1.9543
-0.46547 -0.239548 1.97439
-0.401259 0.0397082 1.77699
-0.48821 -0.200607 1.39326
-0.279271 0.0370624 1.09832
-0.145333 0.0600592 0.618866
-0.481416 -0.110366 1.64916
-0.516375 -0.115982 1.80816
0.364049 -0.217667 1.64407
0.371493 -0.275254 1.97925
0.66697 -0.0177419 1.93096
-0.482277 -0.111128 1.65301
-0.382506 -0.287615 2.02281
-0.17358 -0.237323 1.75747
-0.295572 -0.264833 2.42605
-0.023173 0.053617 0.878354
0.298495 -0.238328 1.63727
0.36852 -0.203227 2.00562
0.515431 0.0100892 2.15254
0.410345 -0.355517 2.34099
-0.197869 -0.215911 1.64695
-0.342231 -0.222786 1.60489
0.230309 0.149528 1.40435
0.347941 -0.243468 1.99399
0.348383 -0.211562 1.97708
-0.440037 -0.3116 2.31744
-0.360315 -0.32005 2.8644
0.125773 0.057025 0.632782
-0.240533 0.0250944 1.56555
0.416001 -0.119901 1.59462
0.456772 -0.0246036 1.63884
-0.203629 -0.218702 1.67531
-0.340244 -0.217075 2.0207
-0.468764 -0.18059 1.44821
0.39242 -0.231116 2.10269
0.366183 -0.174833 1.93522
-0.448545 -0.333317 2.27538
-0.446161 -0.171511 1.38168
0.198611 -0.149137 1.60678
0.360091 -0.221532 1.51756
0.394446 -0.174685 1.58849
0.350211 -0.211196 1.98668
-0.44479 -0.354563 2.44959
0.336786 -0.00872189 0.872977
-0.424207 -0.166753 2.00284
-0.207632 -0.22233 1.69435
-0.39718 -0.298596 2.03498
-0.447215 -0.171817 1.385
0.199848 -0.148123 1.60655
0.333499 -0.0865286 0.846688
0.338635 -0.239552 1.69216
0.347674 -0.235357 1.99802
0.34196 -0.281529 1.95639
0.347283 0.0293614 0.87406
-0.392824 -0.297397 2.0225
-0.253607 0.0308983 1.16814
0.337255 -0.00866695 0.873749
-0.183699 -0.227771 1.69675
0.400839 0.0679065 1.87282
0.402606 0.0513051 1.68681
-0.41851 -0.297179 1.9989
0.351314 0.0458255 1.27104
-0.222139 0.0674184 1.42543
-0.421933 -0.170606 1.98658
0.413486 -0.0789375 1.58736
-0.117269 0.0508243 1.12555
-0.0919694 0.0171019 1.30618
0.427693 -0.120163 1.61779
0.411898 -0.108027 1.49101
0.46323 -0.192004 1.71654
-0.132954 0.0618645 0.999585
-0.594807 -0.0908736 1.33796
0.6072 -0.0036979 1.15579
-0.1742 0.0600384 1.58294
0.473734 -0.1653 1.59918
0.369286 -0.186293 1.93488
-0.148953 0.0615981 0.815675
0.765749 -0.0778522 2.00028
0.651556 -0.0479015 1.67605
0.414382 -0.119606 1.52265
0.336062 0.0407041 0.87093
0.595853 0.0132839 1.18213
0.613256 0.0042545 1.12436
0.354984 0.0349584 0.874945
0.338177 -0.0667193 0.848955
0.340211 -0.0495222 0.878318
0.342715 0.0370198 0.879721
0.611465 0.005212 1.12994
0.61899 0.00423912 1.1312
0.617579 0.0134127 1.14086
0.0733782 0.0586377 0.823401
0.441729 -0.129026 1.57625
-0.0678179 0.0308539 0.659032
-0.451142 -0.1418 1.2872
-0.030354 0.0574002 0.771819
-0.0551465 0.0252376 0.612594
0.452672 -0.155761 1.64355
0.489276 -0.136703 1.74929
-0.24364 0.06791 0.742388
0.695811 -0.0840402 1.94152
-0.186703 0.0634387 1.13238
-0.313722 0.0472981 1.15794
0.433866 -0.132018 1.55671
0.410745 -0.0868155 1.62257
0.380138 -0.216582 1.72806
0.106888 0.0547647 0.751349
-0.620423 -0.0916379 1.31341
-0.0992183 0.0505427 1.00637
0.598702 -0.13163 1.72461
-0.214386 0.0668327 0.941313
0.39909 -0.213962 1.71436
0.352176 0.0461612 1.27404
0.446719 -0.121744 1.63589
0.186178 0.041275 0.886752
-0.427874 -0.216713 1.7658
0.112269 0.0667643 0.975878
0.372121 -0.162043 1.59098
-0.126302 0.0591879 0.975937
-0.24655 0.0696076 0.979002
-0.266248 0.0753532 1.03537
0.566725 0.0309451 1.5245
0.407298 -0.0906728 1.54138
0.585872 0.03786 1.65328
0.402205 -0.0757662 1.55579
0.154527 0.0744654 1.09106
0.0786123 0.0541309 0.766735
0.0890003 0.0543971 0.784121
0.586571 -0.130457 1.70075
0.142985 0.0572518 0.724573
0.212885 0.110713 1.12479
-0.227342 0.0646798 0.954438
-0.234275 0.0660016 0.946271
0.678319 -0.103503 1.88464
0.692843 -0.0830384 1.93826
0.679829 -0.0607022 1.91954
0.125955 0.0570475 0.71807
-0.247948 0.0673641 0.78067
0.298606 0.0659345 1.2496
-0.27559 0.042012 1.49195
-0.172667 0.0749955 0.810461
-0.187444 0.0817094 0.853283
-0.584549 -0.0896926 1.34788
-0.598611 -0.0729613 1.31896
0.352217 -0.16053 1.5859
-0.31472 0.0469573 1.16077
-0.570634 -0.0529496 1.45232
0.185691 0.0891614 1.25156
0.512221 -0.160224 1.48299
0.46455 -0.0912992 1.61829
0.685044 -0.104875 1.89678
0.414223 -0.108184 1.49308
0.217479 0.11325 1.13572
-0.585189 -0.0629254 1.75355
-0.208876 0.0584874 0.89755
-0.280613 0.0163472 0.947887
0.796785 -0.206227 1.86023
-0.203675 0.0642045 0.920735
-0.578036 -0.041587 1.44665
0.336291 -0.172292 1.54676
0.421573 -0.178408 1.58573
-0.572377 -0.0564471 1.7484
-0.235366 0.06703 1.42054
0.183496 0.0547782 1.10456
0.541217 -0.166625 1.57789
0.390523 -0.120496 1.54159
0.446031 -0.0861025 1.57386
0.463313 0.0241545 1.6114
0.31131 0.066567 1.35036
-0.561666 -0.0573168 1.69427
0.415706 -0.119456 1.52886
-0.278032 0.0344688 1.10061
-0.0264759 0.0581427 0.902317
-0.567239 -0.0874152 1.72269
-0.470631 -0.196311 1.49567
0.361954 -0.168516 1.53229
0.381072 -0.0857061 1.53296
0.61635 0.0165326 1.10846
0.624167 0.0238482 1.13888
0.635832 0.0575122 3.22436
-0.251396 -0.564975 4.29167
-0.357516 -0.140541 2.58157
-0.174545 -0.428673 3.28557
0.197435 0.0649783 1.9337
0.423351 0.147957 1.42692
-0.181091 0.0250853 2.29348
-0.257569 -0.373594 3.36474
-0.299754 -0.231769 2.76099
0.828899 0.0607671 4.09137
0.295516 0.0513122 2.60965
-0.130563 -0.406495 3.25253
-0.219026 -0.445693 3.40151
-0.189993 0.0282241 1.9834
-0.299905 -0.234306 2.774
0.673943 0.0151894 3.44799
-0.328757 -0.298544 3.30313
0.687058 -0.0844647 3.78828
-0.305533 -0.17271 2.77865
-0.384443 -0.143063 2.96936
0.588761 0.00418541 3.47408
-0.238028 -0.252146 2.69317
-0.176898 -0.447562 3.35951
-0.347468 -0.214207 2.76682
0.764117 -0.225136 4.0059
0.72626 -0.0844538 3.94291
0.174032 0.054872 0.971911
-0.277319 0.0232437 1.57239
-0.312149 0.0349702 1.16817
-0.269421 0.0435723 0.956878
0.627921 0.0323891 1.59166
0.448588 -0.0692074 1.53189
-0.0187044 0.0583899 1.00195
-0.235209 0.0671651 0.976856
0.292866 -0.250011 1.643
0.12128 0.0546132 1.00863
0.384798 -0.166535 1.60824
0.727379 -0.0813746 1.9654
0.230724 0.0726234 1.1641
-0.230667 0.0298668 1.50589
-0.252737 0.0403056 1.45966
-0.270296 0.043692 0.958089
0.528121 -0.0261631 2.49959
0.485126 0.00318546 1.63607
-0.282465 -0.270113 2.06079
0.464172 -0.0494555 2.00564
0.656801 0.00317286 1.62538
-0.0997856 0.0562717 1.25035
-0.124428 0.0596177 1.23848
0.385404 -0.238051 1.82666
0.430126 -0.0425307 1.85527
-0.374693 -0.273084 2.01734
0.479645 -0.0748763 1.59752
-0.268358 -0.252605 2.11469
-0.280936 -0.266495 2.13318
-0.281325 0.0243799 1.8581
-0.0254036 0.056617 0.893671
0.39095 -0.239323 2.12677
-0.308724 0.0265989 1.18586
0.697097 0.0069708 1.99092
-0.105446 0.060649 1.30882
-0.113961 0.0625653 1.26922
-0.124796 0.0606715 1.252
-0.206773 0.0145991 1.81162
-0.228029 -0.249396 2.91182
0.857981 -0.0267046 3.97952
-0.332225 -0.322717 2.97312
0.349075 -0.223314 1.7515
0.689564 -0.0304432 2.01136
0.71773 -0.0919334 1.96572
-0.402527 -0.0710488 2.26809
0.660057 0.00313145 1.63006
0.336607 0.0481004 1.27241
0.347412 -0.242765 1.71673
-0.438019 -0.235995 1.93696
-0.334308 -0.268033 2.2052
-0.293558 -0.304545 2.79318
-0.106286 0.0635669 1.42269
0.657038 -0.00582245 1.67353
-0.298687 -0.237135 2.46096
-0.438695 -0.259923 1.93954
0.366964 -0.209264 1.59287
0.114878 -0.140515 1.6185
0.0577344 -0.155873 1.62522
-0.078902 0.0587823 1.58116
0.363343 -0.193555 1.50042
0.278445 0.0622473 1.1285
-0.183951 0.0368023 2.01449
-0.330031 -0.261286 2.32866
-0.518649 -0.119443 1.81397
0.54899 0.0364952 1.44846
-0.352965 -0.123843 2.49001
0.0579785 -0.154838 1.6212
-0.0909706 0.0529026 1.5452
-0.226507 -0.414152 3.22511
0.624212 -0.00345938 1.27482
0.622316 0.0109876 1.28702
0.0729723 0.0565734 0.800086
0.609323 0.0202131 1.15575
0.332433 -0.100922 0.775494
0.343338 -0.0935529 0.651604
0.334566 -0.0263446 0.682344
0.61644 0.0139383 1.18275
0.616956 -0.0045228 1.19852
0.335939 -0.0933647 0.67742
0.316516 -0.0675114 0.729939
0.333117 -0.0620222 0.662246
0.342315 -0.026551 0.667815
0.61589 -0.0119836 1.29406
0.619808 0.00881563 1.24391
0.334245 -0.0557656 0.750376
0.634611 -0.00782962 1.26712
0.651158 -0.0230095 1.33108
0.612516 -0.0205685 1.27724
0.621345 0.0144262 1.24436
0.594975 0.0196862 1.12972
0.616458 0.0103107 1.19204
0.603004 -0.00709597 1.15256
0.629989 -0.00341647 1.22005
0.623293 0.00761061 1.17415
0.32742 -0.0633162 0.712643
0.609414 0.0134881 1.16866
0.345054 -0.00545082 0.666021
0.328947 -0.0652525 0.730923
0.336495 -0.0415313 0.769729
0.502713 0.0349153 0.99007
0.632124 0.020496 1.19199
0.332377 -0.0862355 0.771033
0.336592 -0.0257955 0.686729
0.344865 -0.0537849 0.745835
0.338528 -0.0345746 0.704042
0.349002 -0.0498207 0.655146
0.580577 0.0152674 1.12353
0.336582 -0.0544039 0.638535
0.332381 -0.0705781 0.712315
0.32156 -0.050432 0.697855
0.355493 -0.00862294 0.723224
0.332449 -0.0663393 0.636213
0.437698 0.0130853 0.885072
0.543449 -0.00661406 1.12751
0.336243 0.0121565 0.703192
0.40157 0.0287342 0.953614
-0.251023 0.0636261 0.72101
0.40368 0.0382147 0.963589
0.0745544 0.0505035 0.461463
0.0698516 0.054259 0.572357
0.495763 0.0222271 1.118
-0.14685 0.0614423 0.727025
-0.297509 0.012031 0.958211
0.559358 0.00624895 1.21274
0.334762 -0.0999676 0.869627
0.158439 0.0557641 0.618263
0.0779673 0.0573294 0.589249
0.350651 -0.0984494 0.873609
0.332989 0.0142625 0.880523
0.131463 0.0820802 0.784953
-0.280891 0.0154451 0.918947
0.432262 0.0116079 0.986376
0.0707437 0.0543651 0.574168
0.154005 0.0824447 0.886492
0.340769 0.0151738 0.892827
-0.302425 0.0734066 0.715507
0.32094 -0.104729 0.857483
0.101015 0.0552588 0.550062
0.0707181 0.0532223 0.471256
0.0853531 0.0551893 0.606488
0.331163 -0.0746546 0.850227
0.0856164 0.0553542 0.561047
0.0700196 0.0537241 0.570069
0.06195 0.0581896 0.518454
0.118583 0.0680532 0.821802
0.33953 -0.0720263 0.845388
-0.278018 0.0672366 0.668019
0.347382 0.00362963 0.895063
-0.302941 0.0764308 0.825956
0.320048 -0.0637677 0.84758
0.334168 -0.0663093 0.840805
0.0951108 0.0569089 0.568151
0.0841093 0.0544886 0.631811
0.332561 -0.017696 0.852706
0.183048 0.0515504 0.700143
0.103157 0.056661 0.533405
0.0635687 0.0597502 0.529031
-0.146518 0.060654 0.607538
-0.285983 0.0158628 0.962632
0.340874 -0.14269 1.03001
0.189889 0.0516124 0.74439
0.0604384 0.0578625 0.474911
0.201322 0.0529467 0.702652
0.336265 0.0171623 0.882385
0.315266 0.0456471 0.893432
-0.0385189 0.0597198 0.567327
0.347489 -0.0556543 0.835252
-0.217413 0.0638633 0.767758
-0.304533 0.0306656 0.817982
0.343378 -0.0718267 0.85213
0.116783 0.038202 0.670454
0.0748642 0.0690031 0.614736
0.365519 0.0404304 1.00968
-0.173892 0.0722534 0.67272
-0.333653 0.0437507 0.821454
-0.63215 -0.0377024 1.0293
0.329602 -0.089235 0.854467
0.581622 -0.0569566 1.78987
0.368279 -0.195212 1.54837
0.0639547 0.0537937 0.518522
0.474354 -0.244285 1.74269
0.366895 -0.203284 1.53879
0.354129 -0.18948 1.49622
0.324611 -0.124075 0.903288
0.674721 0.0138077 1.80243
0.127189 0.0573788 0.637277
0.397433 -0.272561 1.57971
-0.627041 -0.157774 1.03706
0.0752418 0.055693 0.469033
0.217993 0.0524816 1.06611
-0.284183 0.0793131 1.10738
0.351926 -0.0420711 0.875182
-0.53013 -0.217713 1.33524
-0.555992 -0.277552 1.65128
0.354314 -0.00751543 0.877488
0.358645 0.0384605 0.996561
0.559289 0.0353624 1.62649
0.0119879 0.0595 0.545361
-0.528033 -0.225648 1.55005
0.570204 -0.183148 1.6854
0.0878697 0.0604316 0.839873
0.114841 0.0790031 0.980865
0.614032 -0.0366321 1.2866
0.332976 -0.0777896 0.660072
1.51244 -0.122974 2.37158
0.351699 -0.191101 1.67113
0.476768 -0.0592282 1.7668
0.498848 0.0144254 1.69043
0.638716 0.00514374 1.96586
-0.316761 0.0337202 1.19658
0.357475 -0.0337888 0.719283
0.429897 -0.135467 1.24905
0.427609 -0.173227 1.59824
-0.102004 0.0415117 0.41639
0.0638912 0.0544218 0.735931
-0.207802 0.0585898 0.486421
0.32823 -0.237963 1.67814
-0.436703 -0.283686 1.81352
0.390224 0.0515838 1.37686
0.445636 -0.0700857 1.52333
-0.285555 0.014301 0.965483
-0.449283 -0.193036 1.34482
-0.104854 0.0471401 0.952079
0.327475 -0.103607 0.756703
0.342147 -0.0590138 0.644718
0.61499 0.0210027 1.16498
0.334514 -0.0798457 0.659317
0.5979 -0.0128715 1.1581
0.334962 -0.0368887 0.677106
0.32384 -0.0833201 0.768869
0.313098 -0.057927 0.727055
0.583856 0.0100395 1.14085
0.622806 0.0136698 1.22823
0.345694 -0.0356916 0.608736
0.597936 -0.00918896 1.14735
0.302531 -0.0602962 0.725947
0.303616 -0.0696614 0.669441
0.31314 -0.0624373 0.691848
0.337276 -0.0499646 0.730006
0.333118 -0.0411173 0.763235
0.293995 0.0505525 0.67209
0.627967 0.0140998 1.19888
0.34163 -0.0475304 0.730093
0.318958 -0.0730519 0.693251
0.336384 -0.0499366 0.70086
0.34818 0.0156893 0.671889
0.296718 0.0454954 0.645546
0.616021 -0.00586777 1.21142
0.579935 0.0233007 1.11421
0.351107 -0.059968 0.818196
0.328514 0.0445433 1.24143
-0.572228 -0.102988 1.25058
-0.27952 0.0195757 1.18822
0.634765 -0.137258 1.80852
-0.274706 0.0404318 1.49479
-0.236833 0.0969758 0.825016
0.473601 0.00867387 1.85991
-0.288395 0.0389297 0.812431
0.953933 0.237943 2.01183
0.088953 0.0617756 0.804942
-0.27854 0.0206711 1.17938
-0.203062 0.0646485 1.07456
-0.244476 0.0651826 0.675209
0.622394 -0.107044 1.86796
0.451481 0.028628 1.59309
0.647543 -0.045601 1.66632
0.0830603 0.0689133 0.839254
0.489218 -0.211914 1.53737
-0.283865 0.0796484 1.07892
-0.322297 0.0344264 1.20398
-0.460262 0.195174 1.53472
-0.222779 0.0651157 0.77946
0.346614 -0.237654 1.593
0.0876163 0.0464204 0.632288
0.449681 0.007725 1.64726
0.417456 -0.0637629 1.46798
0.376927 -0.177183 1.59382
0.600557 -0.00338668 1.17244
0.34748 0.0244344 0.880027
0.602284 -0.00136711 1.12924
0.598974 0.0202223 1.10375
0.609788 0.0190099 1.12068
0.341946 -0.0651388 0.876092
0.325319 0.0445573 0.793247
0.763641 -0.0170136 1.50432
0.200882 0.0486276 0.62766
0.623868 0.00911497 1.20449
0.345864 -0.0531103 0.894531
0.463962 0.0244497 1.90732
0.382038 -0.0452615 1.59757
0.593396 0.000175032 1.09737
0.615896 0.0147588 1.18126
0.75006 0.0104315 1.47057
0.61697 -0.00605058 1.23336
0.593604 0.0203716 1.13403
0.614631 0.00260868 1.14458
0.611572 -0.000280312 1.12399
0.608471 0.0118709 1.11784
0.343193 -0.0410048 0.843495
0.591122 0.0190149 1.1035
0.605214 0.00515365 1.11304
0.54938 -0.172872 1.72094
0.328036 0.0456818 1.24687
0.458316 -0.0362393 1.55637
0.00973759 0.0577101 0.590439
0.0120239 0.0579739 0.64307
-0.21551 0.0671273 1.08422
-0.20413 0.0649036 1.07998
0.695374 -0.0325795 2.05633
0.431933 -0.0844405 1.5339
-0.207694 0.0654038 0.874707
-0.277798 0.0195449 1.18608
-0.240929 0.064362 0.673279
0.0835555 0.0436427 0.615886
0.229531 0.0514957 0.954172
0.413617 -0.108061 1.49291
-0.194892 0.0620147 1.03922
0.286559 0.0527141 0.961032
0.37401 -0.169345 1.52857
0.43435 -0.172192 1.45981
0.433363 -0.0653089 1.51803
-0.185588 0.0664234 1.15729
-0.566594 -0.0576567 1.70817
-0.245352 0.0656957 0.675158
-0.271823 0.0581996 0.950662
0.131004 0.0566439 0.761381
-0.222186 0.065954 1.08605
-0.273194 0.0191513 1.1766
0.366125 -0.185097 1.48868
0.160094 0.0534536 0.791717
0.343724 -0.195342 1.57961
0.102919 0.0548265 0.834755
0.453221 -0.136238 1.49126
0.43018 -0.084729 1.52882
0.6468 -0.0449959 1.66377
0.488304 -0.241981 1.55198
0.306897 0.0547501 1.0871
-0.482672 -0.221992 1.3687
-0.279664 0.00706766 0.938241
-0.528496 -0.213525 1.3397
-0.598081 -0.183443 1.30019
-0.585782 -0.15903 1.34922
0.348482 -0.209417 1.51709
0.187346 0.0625481 0.876255
0.553412 -0.29642 1.80524
0.412792 -0.0774196 1.53561
-0.489863 -0.276362 1.65452
0.660865 -0.00679245 1.67744
-0.456384 -0.202926 1.54783
-0.493516 -0.197746 1.37247
-0.181262 0.0656941 1.15139
0.268363 -0.153884 2.65931
0.930339 -0.443614 4.03592
0.273856 -0.151578 2.63959
-0.36199 -0.247176 3.54108
0.884115 -0.426109 4.59962
1.08164 -0.0325064 4.9821
2.93919 -0.741875 6.68976
1.30779 -0.106819 5.83621
2.28971 -0.652741 6.53935
1.0388 0.0185531 4.75645
-0.412934 -0.139599 2.82796
0.962049 0.0200038 4.26203
0.0718861 -0.150161 4.30541
0.779812 -0.119674 4.15186
-0.078267 -0.173799 4.28898
0.404259 0.0502757 3.90436
0.242653 0.0520852 3.91685
0.378331 0.0499734 3.79316
0.479343 0.0454294 4.00408
-0.178567 0.0574607 4.5793
0.648962 0.0425703 3.8699
0.688904 0.0384326 3.89724
0.933396 0.0135152 4.12049
0.995401 -0.0134352 4.22548
1.47507 -0.103245 4.93442
1.02401 -0.377793 6.49381
-0.106693 0.0341749 2.5323
0.32644 -0.206052 3.6434
0.168712 -0.229869 2.69543
1.08053 -0.581938 5.86197
0.924974 -0.0878098 5.39192
1.07992 -0.570254 5.82612
0.792648 -0.23244 3.94117
-0.264769 -0.363123 3.39263
0.445629 -0.0302732 1.83986
0.683475 -0.0315852 1.92967
0.0746893 0.056711 2.75155
-0.326987 -0.237116 4.23159
-0.279825 0.0179059 3.5984
-0.244649 -0.231435 3.77053
0.371582 0.0512699 2.79306
-0.209444 0.0659901 3.03453
-0.310624 -0.23564 4.22969
-0.273446 0.0111901 3.49241
-0.166068 0.0667036 3.20532
-0.298136 -0.169313 4.30406
0.1668 0.0549228 2.62851
3.2339 -0.690393 5.44795
0.795964 -0.00609967 3.15642
0.419048 0.0502543 2.80382
-0.0631324 0.0404926 3.29218
0.259354 0.0526852 3.30505
0.136284 0.0584337 3.93758
0.199999 0.0531962 3.6551
0.135144 0.0586811 3.94052
0.373547 0.052694 3.78109
0.315076 0.0517034 3.70113
0.483713 0.0478372 3.78249
0.136853 0.0580343 3.93529
0.0745426 0.0660912 4.34979
0.315022 0.0513771 3.69812
0.0532187 -0.151941 4.25015
0.41838 0.0515017 3.66398
0.867808 0.011755 3.75646
0.641598 0.040706 3.56101
0.968812 0.0379555 4.17289
1.02523 -0.449277 4.04905
-2.72695 0.158582 6.42576
0.25755 0.0532196 1.6852
-0.40076 -0.235555 2.78884
-0.0216462 0.0573958 2.00659
0.99363 -0.562045 4.11303
-0.0801281 -0.397582 3.41281
-0.479564 -0.15904 2.34136
-0.162604 0.0338272 2.44051
-0.133663 0.06514 1.97942
-0.0418766 0.0611098 1.96772
0.257165 0.0532479 1.68404
0.637658 0.0245304 1.43684
-0.280272 0.0481056 1.12367
0.325605 0.0456392 1.03538
0.0965002 -0.146444 1.08646
-0.291721 0.0173102 0.983436
-0.0337591 0.0603307 0.784713
-0.1979 0.0630595 1.05589
-0.30093 0.0289177 1.15039
-0.520932 -0.0353305 1.13739
0.451138 -0.15565 1.58707
-0.181983 0.0585058 0.824733
0.366826 -0.185183 1.65823
-0.183884 -0.18042 1.88137
-0.294474 0.0306764 1.87808
0.491729 -0.133135 2.12726
0.703661 -0.139369 2.00264
0.460364 -0.0140839 1.85935
0.422868 -0.101267 1.74585
0.338747 -0.245224 1.84953
0.55264 -0.00586609 1.94569
0.471809 -0.169135 1.63443
0.472488 0.0216242 1.9448
0.0819379 0.0659293 0.811881
0.384015 -0.206183 1.89017
-0.388464 -0.287069 2.03104
0.737696 -0.0758163 1.942
-0.279962 0.025003 1.58243
-0.60882 -0.382709 2.64034
-0.36456 -0.261782 2.0718
0.482253 0.0187222 1.77549
0.0775205 0.0630155 0.772994
0.620057 -0.122518 1.78388
0.422821 0.00704668 1.68278
0.439044 0.00856218 1.85926
0.758431 -0.0767897 1.98093
-0.405541 -0.293826 2.31724
0.630822 -0.0286422 1.27694
0.334439 -0.0721036 0.856078
0.348169 0.0208154 0.889401
0.329953 -0.0635555 0.870593
0.391557 -0.0913849 1.56392
0.0649177 0.0451374 0.640283
0.441896 -0.0684884 1.51324
-0.422747 -0.305641 2.02197
0.479372 -0.0201163 1.62555
0.482388 0.0314103 1.8073
-0.0250691 0.0563281 0.893735
-0.259512 -0.255447 1.72639
-0.0339317 0.00452438 0.48461
0.432254 -0.00616132 1.83339
0.480108 -0.157873 1.81938
0.365976 -0.195822 1.50882
0.330701 -0.252783 1.63244
0.342674 -0.249885 1.66434
0.352795 -0.213079 1.78881
0.319272 -0.259585 1.7445
0.343162 -0.256961 1.78903
0.66718 0.005795 1.9186
0.358307 -0.188846 1.76013
0.600224 -0.155641 1.70131
-0.280074 0.0351798 1.54895
0.457348 0.0306262 1.65858
-0.0254262 0.057228 0.898441
-0.583403 -0.0878387 1.27153
-0.273402 0.0297965 1.23199
-0.19381 0.0631603 1.13905
-0.437855 -0.32001 2.01721
0.444106 -0.0459851 1.89066
0.442724 -0.0441057 1.88484
0.370694 -0.20526 1.49036
0.465625 0.0200661 1.6635
-0.454149 -0.270189 1.94938
0.430879 -0.0841189 1.58373
-0.41221 -0.309724 2.03901
0.668486 -0.1304 1.91728
0.697258 -0.0107781 2.07901
-0.255011 0.0398658 1.46308
-0.0383925 0.0596984 0.567374
0.0696375 0.0605516 0.657022
0.0736907 0.0445789 0.634366
0.562302 0.034293 1.69792
0.330759 -0.248938 1.55527
0.682044 -0.0118439 1.92114
0.716859 -0.0707512 2.06398
0.223036 0.0562844 1.32735
-0.312775 -0.234869 1.78609
-0.413757 -0.24166 1.91906
-0.357448 -0.233794 2.10743
0.368966 -0.219208 1.99475
0.720179 -0.0338062 2.20155
0.0509222 0.0421344 0.537008
0.376116 -0.24715 1.99733
0.107424 0.0804882 1.10961
-0.406295 -0.344636 2.35619
-0.0247489 0.0570352 0.903318
-0.193081 -0.233186 1.74125
-0.440187 -0.353523 2.42917
-0.38399 -0.284182 2.05971
0.132436 0.0562358 0.728926
-0.0308343 0.0571768 0.76838
-0.386911 -0.306621 2.37568
0.990376 0.0128328 4.25957
0.444429 0.00780034 1.6268
0.704376 -0.0829519 1.92513
0.33989 -0.171419 1.5453
-0.369856 -0.363513 2.35096
0.356864 -0.214363 1.62746
0.486704 0.00583546 1.8702
-0.185762 0.0640273 1.62285
-0.188097 -0.23304 1.72376
0.753266 0.0478676 2.04133
-0.105161 0.0567995 1.17363
0.589219 0.0103987 2.39756
0.347096 -0.237209 1.99541
-0.159531 -0.226987 1.70532
0.329305 -0.0820642 0.862924
0.353411 0.00776972 0.911811
-0.258104 0.0287933 1.67569
0.595077 0.0375814 1.68927
0.436475 -0.00578956 1.84764
0.684255 -0.0453225 1.94407
0.351185 -0.238707 1.9521
-0.368752 -0.366117 2.34269
0.285056 0.0521122 0.983453
0.693794 -0.00792818 1.94229
-0.184108 0.0636168 1.6081
-0.23345 -0.226636 1.70704
-0.2678 -0.25815 1.96551
-0.271031 0.0464809 1.11969
0.0364032 -0.23085 1.69322
0.332619 -0.234265 1.61958
0.369602 -0.248843 2.01873
-0.384677 -0.309509 2.37976
0.429115 0.0547568 1.77147
-0.377079 -0.375016 2.39489
-0.367559 -0.243217 1.98125
-0.230607 0.0282236 1.50427
0.619286 0.0386297 1.7549
-0.0195684 0.0586723 1.00266
-0.159161 -0.227004 1.70754
-0.228341 0.034814 1.60156
-0.411424 -0.0640191 2.15507
-0.388636 -0.255745 1.94678
-0.387292 -0.151252 1.87617
0.67964 -0.130825 1.89819
-0.411991 -0.340923 2.37854
0.450733 0.0110692 1.85411
0.262328 0.0601399 1.05848
-0.382509 -0.35432 2.41286
0.70115 0.00293415 2.13712
0.133525 -0.151406 1.61264
0.0359299 -0.228042 1.67761
-0.547383 -0.273351 1.6289
0.0618137 -0.224281 1.66963
0.0115503 -0.225157 1.70366
-0.214568 0.0158331 1.86394
0.11056 -0.142795 1.58059
0.112234 -0.141654 1.58774
0.394204 0.0927668 3.32886
-0.355151 -0.218925 2.79468
0.0660821 0.053538 0.653658
-0.325129 -0.134343 2.37127
-0.145119 0.062519 1.34893
0.0650488 0.0571837 0.627505
-0.547707 -0.095519 2.18234
0.610032 -0.237247 3.02675
-0.379036 -0.241574 2.22607
-0.495962 -0.206661 1.56168
0.372714 -0.185137 1.50658
0.646186 0.0143171 3.27187
-0.410494 -0.341603 2.36906
-0.414361 -0.298161 1.91097
0.373437 -0.259301 1.87468
0.329141 -0.275927 1.60319
0.369465 -0.207725 1.50337
-0.410077 -0.288331 2.44269
-0.195053 0.0359982 1.78994
-0.257646 0.0306103 1.68531
-0.3933 -0.15444 1.90234
-0.411528 -0.325414 2.37863
0.0156538 -0.227616 1.70705
0.0358508 -0.237056 1.74809
0.339915 0.0469086 1.27365
-0.301196 -0.279108 2.62759
0.0597567 -0.234365 1.73034
0.541639 0.13024 1.52512
0.475576 -0.0340955 1.85457
-0.0284919 0.0683642 1.07446
-0.21271 0.0330755 1.72012
-0.448795 -0.326368 2.52051
0.0366934 -0.236725 1.73453
-0.277763 -0.245555 2.36136
-0.603569 -0.0900357 1.35685
0.0602357 -0.227164 1.68524
0.332104 -0.238675 1.67888
0.330433 -0.218716 1.65728
-0.340004 -0.329616 2.33596
-0.355824 -0.277611 2.30239
-0.389318 -0.310456 2.39389
0.70317 -0.0862507 1.95984
0.376594 0.0220862 1.42283
-0.19943 0.0339647 1.67533
0.334316 -0.243983 1.94045
0.37301 -0.189529 1.48391
0.314317 -0.272195 1.81206
0.345512 -0.214732 1.49746
0.146552 0.0584289 0.74508
0.696754 0.00197831 2.13022
-0.336701 -0.2679 2.20074
0.115288 -0.14734 1.61326
0.0119261 -0.226023 1.70687
-0.0994856 0.0605721 1.39043
-0.16481 0.0638066 1.29812
0.358269 0.0454586 1.49503
0.405613 -0.0477751 1.56929
0.115418 0.053396 1.22991
-0.000403044 0.0564291 1.21216
0.0964053 0.0558155 1.17751
0.412669 -0.121486 1.50131
0.487575 0.0177273 1.65176
0.12717 0.0554703 1.25631
0.646337 -0.00428207 1.54509
0.449802 -0.0710705 1.52121
0.636994 0.0330664 1.60195
0.670478 0.0218855 1.73071
0.989581 -0.152421 1.87692
0.634285 -0.0540511 1.4871
0.116957 0.049853 1.2319
-0.0798972 0.059295 2.71388
0.0826611 0.0583697 2.22107
0.108287 0.0563568 2.19799
0.354311 0.0487614 2.36127
0.29802 0.0525929 2.22741
-0.332744 -0.251674 3.1921
0.230343 0.0517041 2.18969
-0.0801236 0.0604964 2.71179
0.231087 0.0523603 2.19185
0.109089 0.0576655 3.71852
-0.252664 -0.172148 4.36901
0.291588 0.0525516 3.63051
0.291709 0.0527873 3.6314
0.765558 0.0209396 2.85661
-0.256862 -0.212108 3.27024
-0.183512 -0.197991 3.20119
0.347117 0.0491725 2.20592
-0.335336 -0.253183 3.19937
0.772379 -0.00550774 2.9515
-0.226067 -0.217158 3.27308
0.0891987 -0.26907 4.07619
0.0267755 0.0548282 2.35224
0.0433036 0.057887 2.54019
-0.720962 -0.231949 3.62106
-0.0979651 0.0449854 2.61893
-0.272029 -0.220413 3.3336
-0.338161 -0.244349 3.27477
0.346614 0.0458809 2.34944
0.802027 0.0200754 2.8829
-0.297211 -0.141119 2.83913
-0.257463 -0.166057 2.95275
0.770894 0.00568094 2.98702
0.279622 -0.153766 2.66167
0.848028 -0.0274938 3.52113
0.913494 -0.278728 4.0969
0.921165 -0.278702 4.11118
-0.0491584 0.0388444 3.23054
0.218592 0.0546254 2.24791
0.0875305 -0.323998 4.15284
2.90206 -0.76849 6.31515
0.149906 0.0574196 2.51362
1.28161 -0.350113 4.32705
3.01427 -0.799104 6.4816
0.261482 0.0516462 2.57639
0.07983 -0.330451 3.7901
0.754295 -0.0596165 2.55012
0.751314 0.0118248 2.69087
0.144847 0.0538819 2.45195
0.725011 -0.0153035 2.5464
0.714993 0.0267982 2.55199
0.0207807 0.0579172 2.37118
0.759197 0.0242228 2.77328
0.453609 0.0449628 2.26185
0.753557 -0.0891878 2.55063
0.755974 0.0231357 2.76843
0.720095 -0.0167218 2.54001
0.360135 0.0529003 2.75491
-0.109974 0.0332436 2.53819
0.380456 0.0475686 2.54332
-0.361583 -0.161489 2.79119
-0.120031 0.049882 2.42587
0.0318708 0.0702576 2.70335
0.313055 0.0516798 2.60769
0.378516 0.0526842 2.68102
0.367191 0.0496028 2.65336
0.376868 0.0494305 2.52783
-0.191723 0.066501 3.20808
0.0893215 0.0556169 2.86779
0.387792 0.0494928 2.72912
-0.551384 -0.222611 3.43929
0.375975 0.049343 2.52624
0.366546 0.0514018 2.59886
-0.383683 -0.0536287 3.18408
-0.342795 0.0124196 3.09778
0.0896351 0.0553744 2.86678
2.84852 -0.779587 6.33462
0.776074 -0.203904 3.91639
0.761117 0.0146091 2.81045
0.757184 0.00861659 2.83491
3.09068 -0.799154 7.08514
0.051638 -0.286334 3.74076
2.38373 -0.500967 4.28797
2.40297 -0.507448 4.31169
-0.719961 0.479764 4.90921
-0.165459 0.0662434 3.20349
-0.177356 -0.0856426 3.39791
0.205605 0.0532312 2.6961
0.325092 0.0517384 2.8047
-0.381871 0.00415963 3.53783
0.196489 0.0517383 2.83685
0.305246 0.0508508 2.78904
0.393228 0.0505668 2.99043
0.351792 0.0404327 2.87168
0.510315 0.0465579 2.96232
0.433084 0.0473396 2.76058
0.815814 -0.00864119 3.26896
0.8426 -0.0225899 3.51738
-0.458321 -0.122002 3.68507
-0.392517 0.00364369 3.55621
0.395529 0.0527591 2.80067
-0.394285 -0.1587 3.68535
0.85903 -0.0267713 3.54953
-0.127807 -0.190274 3.60103
0.0303056 0.053361 3.12344
0.363586 0.0504989 2.59392
-0.329834 -0.23933 3.24428
0.299657 0.0527793 2.23069
0.0222717 0.056773 2.3629
0.399527 0.0470081 2.56723
0.328849 0.0516543 2.19143
0.762849 -0.000514707 2.80132
0.228272 0.0558344 2.3006
0.749548 0.0149901 2.70082
0.738925 0.0185231 2.64435
0.454454 0.0477322 3.3116
-0.323186 -0.0962534 3.94871
0.00326711 0.0253652 3.32651
0.367086 0.047418 3.28414
0.756438 -0.20919 3.91667
-0.106921 -0.144403 4.17633
1.13647 -0.0272389 5.48935
0.402069 -0.155015 4.38675
1.07502 -0.156055 5.39264
1.11113 -0.343068 6.03452
0.927548 -0.345308 5.92391
0.117877 0.0557627 3.32438
0.226394 0.0511515 3.21946
0.0844875 0.0598321 3.61346
0.853749 0.102547 3.49975
0.459523 0.0455295 3.62991
0.884278 -0.0355174 3.78196
0.749753 -0.193817 3.99807
-0.221891 0.0243306 5.25525
0.0064314 -0.0451131 5.21716
0.011489 0.0532413 3.43152
0.878405 0.0133826 3.79599
0.0575436 0.0592638 3.39191
-0.00850722 0.0285887 3.33462
0.0569551 0.0583919 3.36009
0.0156197 0.0576047 3.4077
0.204766 0.0525169 3.19132
0.495938 0.044435 3.24691
0.441251 0.049459 3.26778
0.49387 0.0459041 3.30062
0.0502502 0.0578295 3.28588
-0.216075 0.0657646 3.04514
-0.00500707 0.0614373 2.97979
0.151461 0.0549641 2.69644
0.412712 0.0474594 2.82853
0.364663 0.0722143 3.00722
-0.218087 0.0663227 3.04979
-0.00570697 0.061716 2.98211
0.0893579 0.0559558 2.87181
0.182899 0.0553586 2.73506
0.378543 0.0535084 2.81032
0.771029 0.00104542 2.98988
0.770412 -0.00344207 2.92325
0.769747 -0.00297638 2.9228
0.389921 0.0503351 2.57894
-0.139303 0.0358444 3.41886
0.297977 0.0496229 2.69582
-0.0342462 0.0629023 2.76435
0.3293 0.0512826 2.70575
0.96546 -0.155496 2.19714
-0.436398 -0.233022 2.36837
-0.514572 -0.0579151 2.05527
0.0964268 0.0535181 1.18906
-0.171212 0.0653352 1.25425
-0.00188079 0.0580333 1.21945
-0.106299 0.0601216 1.23155
-0.572156 -0.062625 1.73263
-0.511971 -0.135931 1.74835
0.618787 -0.154185 1.68227
0.0166899 0.0583582 1.42871
-0.162015 0.0309939 2.2017
-0.304401 -0.227537 2.78738
0.574272 0.000593898 3.63832
0.857498 -0.218733 3.85291
-0.10449 0.0602157 1.31005
-0.302765 -0.351739 3.30919
-0.124783 -0.189625 3.83849
0.070678 -0.248779 3.44671
0.375723 0.0557964 3.3187
-0.0513194 -0.199829 3.84511
-0.0441846 0.0422846 3.28546
0.506687 0.0471533 3.37807
-0.127923 -0.14878 4.2352
0.122793 0.0538823 3.07847
0.8987 -0.0399946 3.86255
0.211001 0.0543104 2.95162
-0.339599 -0.0409647 4.38938
0.211763 0.0538389 2.94944
0.502567 0.0468037 3.37212
0.153997 0.0540919 3.30298
0.347072 -0.153793 3.1725
0.363073 0.0522397 2.78237
-0.289308 -0.219816 4.12192
0.789466 0.0191695 3.10786
0.771357 0.0133153 3.01615
-0.00645478 0.0616009 2.97837
-0.135184 0.0449304 4.96826
-0.128563 -0.151681 4.81889
0.29065 0.0491645 4.19899
0.321156 0.0369055 4.18365
0.398388 -0.0237357 3.90628
0.453524 0.0528391 4.07563
-0.083907 0.041712 4.86445
0.324867 0.0242179 4.00145
0.503586 0.0298999 4.26835
0.134484 0.0374314 4.93854
-0.108971 0.115712 4.92725
-0.0189804 -0.166158 4.83797
0.0304387 0.0797083 4.58319
0.377271 0.0577413 4.18182
0.533981 0.0445929 4.21158
0.587544 0.0437857 4.18572
0.0638319 -0.156612 4.7991
0.119975 0.047179 1.14749
0.512328 0.0191444 1.69301
0.0382454 0.0558328 1.12257
0.42457 0.00747394 1.86244
0.390964 -0.158367 1.72218
-0.226153 0.0677291 1.13798
0.405914 -0.0918253 1.63683
0.126448 0.0596715 1.32818
-0.471156 -0.00228278 1.86617
-0.226182 0.06784 1.13837
-0.46251 -0.11222 2.15954
-0.0935687 0.0582002 1.37641
-0.301806 -0.389059 3.39096
-0.517096 -0.118073 1.80917
1.23212 -0.46624 5.97405
1.29618 -0.600256 5.77077
1.09139 -0.529234 6.25225
1.49097 0.352724 4.85911
0.638259 0.0385162 3.5302
0.977006 -0.0302549 4.84662
0.230269 -0.259469 5.75063
1.19396 -0.0406068 5.8517
1.34743 0.18677 4.11898
1.10692 -0.14988 5.26787
1.46371 0.258669 4.37713
1.06675 0.0103098 4.99877
0.957802 -0.355475 5.96798
2.21705 0.460982 5.0402
0.332126 0.0459403 2.18284
-0.266829 0.00189836 3.19882
0.0514475 0.0562439 2.56679
-0.111266 0.0337615 2.53992
0.77718 0.0205657 2.96327
2.08675 -0.453614 4.75324
1.05309 -0.331095 3.95246
0.123679 0.0567438 2.30202
0.0799528 -0.21371 3.907
-0.105972 0.0476102 2.78538
0.296422 0.051897 2.22423
0.794574 -0.0648067 2.97058
0.0468168 0.0600457 2.60723
-0.133288 0.0215156 2.46247
0.79176 -0.0640999 2.96707
0.819742 -0.448116 4.15227
0.0104527 -0.375609 3.78314
1.05474 0.0182978 5.87628
-0.115005 -0.266325 3.4239
0.193048 -0.224659 2.67575
0.203264 0.0543918 2.89919
0.690391 0.0247255 2.0471
-0.253341 0.0359119 1.71612
-0.0635841 0.0577203 1.67335
0.716456 0.0244767 2.54339
-0.512921 -0.00296707 1.98784
-0.462975 -0.15775 2.21537
-0.209068 0.0711937 1.65402
1.14356 -0.124063 4.24951
-0.25913 0.0272114 1.7505
-0.228253 0.0775273 1.70688
-0.198119 0.0464627 1.89752
0.461404 0.03183 1.78421
0.418803 0.03948 1.76555
-0.517862 -0.0570979 2.0604
-0.51622 -0.00268219 1.99366
-0.22135 0.010284 1.78735
-0.232924 0.0789553 1.71992
1.00437 -0.326185 4.02018
-0.472173 -0.158585 2.49007
0.85711 -0.498903 4.18558
-0.516029 -0.0925077 2.11222
0.192343 -0.226031 2.68411
1.06129 -0.431524 3.96428
0.846054 -0.490819 4.10188
0.554649 0.0895153 1.95668
0.788322 -0.132394 4.09115
-0.167776 -0.262115 3.21811
0.584 -0.0536092 1.67641
-0.334141 -0.207244 3.87146
0.854092 -0.181767 3.80808
0.414615 0.0504807 3.07569
0.294661 0.0517187 3.30653
0.230602 0.0551743 3.09984
0.11792 -0.226336 4.25069
0.269324 0.0532109 3.37285
0.293346 0.0510653 3.30055
-0.317203 -0.161497 3.96635
1.51859 -0.388319 7.6659
0.295066 -0.352104 6.60417
0.394557 0.0323566 4.16834
0.969162 -0.0302558 4.36531
1.10863 0.00899116 5.25411
0.445632 0.0493241 4.60922
1.10809 -0.105743 5.40745
0.112235 0.0625648 4.52837
0.648444 -0.0539482 7.86216
0.129322 0.0239633 5.19773
0.0252423 0.0576389 2.39048
-0.160024 0.0895928 1.5296
-0.216666 0.0302383 1.90376
0.435373 -0.0247667 1.85827
0.132662 0.0550796 1.54086
-0.0742357 0.0578359 1.59111
0.146458 0.0526001 1.55347
0.433699 -0.238759 2.41627
0.445428 -0.0909103 1.56905
0.370783 -0.175159 1.67154
0.0657022 0.0525847 0.650162
0.349461 -0.260672 1.74288
0.675644 -0.0600476 1.9188
0.467154 0.251777 1.82571
0.112024 0.0590492 1.34877
-0.152913 0.0609747 0.824337
0.399924 -0.161929 1.73317
0.453247 -0.0240675 1.93292
0.362843 -0.200699 1.76599
0.292402 -0.241613 1.68107
-0.469212 -0.0409283 1.75908
0.0233111 0.0528478 0.762928
-0.178995 0.0635565 1.36294
-0.522079 -0.060821 2.09025
-0.414799 -0.274214 1.97697
0.0874152 0.0447498 0.644883
-0.019758 0.0576923 0.992185
1.57122 0.269931 2.72368
0.457705 -0.0929409 2.00884
0.119423 0.0571293 1.47429
-0.215651 -0.316955 3.30001
-0.177157 0.0217385 2.24247
0.198131 -0.148612 1.60674
0.549201 -0.117522 1.64816
0.406037 -0.113936 1.5656
0.23071 0.0762148 1.08006
-0.250272 0.067325 0.741806
0.739152 0.0277589 2.12351
-0.241092 0.0523981 1.75029
-0.34174 -0.218276 2.03615
0.65718 0.00349593 1.62501
0.315701 0.0688281 1.32425
0.363907 -0.209859 1.98414
-0.389845 -0.201808 2.09007
0.346729 -0.237199 1.63208
0.123819 0.0623348 0.834136
-0.429065 -0.347243 2.37065
-0.424392 -0.278111 2.01184
0.334544 0.0573144 1.28454
0.4479 0.0303818 1.8662
-0.428207 -0.194982 1.71659
0.104214 -0.242709 1.70721
0.134819 0.057488 1.33431
-0.342577 -0.341983 2.31787
-0.387476 -0.232917 1.65052
0.785842 -0.0791768 2.05488
-0.441645 -0.288349 2.1864
0.640214 -0.325035 3.53217
-0.299249 0.0376171 1.18388
0.345454 -0.196803 1.65455
-0.159653 -0.290935 2.91062
0.364629 -0.241776 1.83685
0.88562 0.0271299 3.96271
0.362847 -0.265823 1.94386
0.0900888 0.048963 1.04016
-0.389932 -0.26545 1.97239
0.342855 -0.256774 1.78856
0.116237 0.0599307 1.3863
-0.134774 0.0576045 1.26711
0.360776 -0.268747 1.86803
-0.203916 -0.235375 1.72172
0.113415 -0.150052 1.62057
-0.325404 -0.239418 2.40983
-0.34178 -0.224852 2.44273
0.36251 -0.159098 1.54545
0.353128 -0.250478 1.95515
-0.389805 -0.363307 2.35653
-0.362591 -0.147183 2.54492
-0.345038 -0.0247547 2.14426
0.612811 -0.00594486 1.30629
-0.429409 -0.164073 3.08767
-0.00764348 0.0559654 1.14048
-0.136716 0.0635062 1.0007
-0.307265 -0.260477 2.73853
0.169371 -0.0872317 2.30974
-0.0598619 0.00946311 0.777768
-0.195078 0.0332092 2.04358
-0.33723 0.168971 2.32001
-0.24126 -0.200991 2.58877
0.121796 -0.15352 1.69259
0.451859 -0.304938 2.28948
-0.159656 -0.226528 1.70238
-0.348063 -0.214635 2.75758
-0.416928 -0.30741 2.05871
-0.216483 -0.238549 2.80967
-0.357572 -0.149272 2.6045
0.0846112 0.0606032 0.700707
0.473852 -0.0742362 1.61374
0.463285 0.00955139 1.79139
-0.423919 -0.28065 1.94751
0.792126 -0.0995598 1.89197
-0.0102993 0.0572171 1.12223
0.66789 0.00484265 1.74933
0.1505 0.0494104 0.788476
-0.341966 -0.226526 2.43803
0.419554 -0.0920246 1.73166
0.424127 -0.0684977 1.56566
0.260778 -0.145502 2.12197
-0.202291 0.0475502 1.90163
-0.353604 -0.267582 2.20014
-0.338164 -0.231976 2.75872
-0.432176 -0.285927 1.9751
-0.447324 -0.187969 1.9463
2.09653 0.406261 3.96192
-0.341132 -0.20921 2.69365
-0.196968 -0.26966 2.49653
0.291527 0.0529841 2.27902
-0.101848 0.050921 0.988798
0.18809 0.0585987 1.84655
-0.00509079 0.0589955 1.21524
-0.304405 -0.260688 2.74469
-0.336226 -0.245452 2.80015
0.349624 0.0823206 1.18528
-0.328662 -0.2954 2.75646
0.97588 0.0198938 4.48225
-0.326677 -0.242361 2.42083
-0.181284 0.0199727 2.26207
-0.292942 -0.306012 2.79401
-0.322237 -0.237676 2.38383
0.356843 0.0519452 2.79464
0.41623 0.0481223 2.82898
0.0883316 0.0545203 2.85476
0.468258 0.0457556 3.82663
0.447094 0.0448669 3.83044
0.467882 0.0457585 3.82564
0.25571 -0.225794 4.69387
0.993846 0.0197407 5.95619
0.952343 -0.343128 6.17047
1.27472 0.0220469 7.13793
0.105689 0.0556543 2.96132
1.07096 -0.281843 3.96087
0.754806 -0.361275 4.14583
-0.0310531 -0.219129 4.06923
0.315568 0.0513248 2.93434
0.115585 -0.205595 3.68993
1.04508 -0.330339 4.07403
0.541246 0.0468007 3.81918
0.445641 0.04727 3.71914
0.0333789 0.0653476 3.95022
0.214759 0.0544073 3.72931
-0.249846 -0.436959 3.37185
0.444739 0.020995 1.85867
0.325791 0.0504978 1.17109
0.327166 0.0506159 1.17331
0.344116 0.0536364 1.20598
0.598497 0.00738302 1.61922
0.325324 0.0497815 1.18454
-0.113898 0.0587531 1.11048
0.113942 0.0549154 1.12741
-0.267824 0.130589 1.54929
-0.605311 -0.164737 1.724
-0.112931 0.0597812 1.17318
-0.259798 0.0402242 1.45569
-0.152073 0.0807958 1.33886
-0.157376 0.0775638 1.29943
0.765467 -0.148742 4.1382
-0.187331 -0.371539 3.34171
0.113219 -0.14082 1.62561
0.0361796 0.0578085 1.63432
0.0080692 -0.441153 3.98951
-0.263902 -0.126516 3.22578
0.445229 -0.0255384 1.87803
0.00215789 0.0555432 1.39347
-0.12097 0.0595345 1.0143
-0.573944 -0.0552001 1.66113
0.0408246 0.0706787 1.25318
-0.573699 -0.0552574 1.65989
-0.463085 -0.154807 2.46604
-0.0110349 0.0566232 1.11334
-0.458772 -0.153435 2.44781
0.359336 -0.239234 1.99213
-0.256118 0.115891 1.24263
0.135704 0.0538447 0.874833
0.422015 -0.252434 1.93109
0.413195 -0.111115 1.56795
0.211322 0.070556 0.963588
0.828452 0.0588091 4.15866
0.840965 -0.0213546 3.82306
-0.276445 -0.351836 3.27867
0.119091 -0.139213 1.61505
-0.135133 -0.425579 3.41395
-0.282044 -0.357844 3.15901
-0.256268 -0.231674 2.72875
-0.20146 0.0465934 1.89425
0.642169 0.0241809 2.9295
0.40001 0.127415 1.62671
-0.236082 0.0661825 1.40562
-0.419331 -0.124744 2.65597
-0.330988 -0.0429884 2.70446
-0.323163 -0.137638 2.75871
-0.440599 -0.201531 1.92067
0.905207 -0.0296031 3.958
0.197828 0.0507843 2.25757
0.0118761 0.0555186 1.34283
0.568603 -0.105796 4.33618
-0.177782 -0.294965 2.59003
-0.017744 0.0560257 1.39502
0.685538 -0.0879548 1.92264
0.245972 0.055447 2.64433
-0.060424 -0.343627 2.95385
-0.256483 -0.247495 3.50923
-0.116107 -0.341067 2.97894
-0.436758 -0.229794 1.82085
0.538967 0.0434715 3.33115
0.380506 0.0465499 2.56725
0.0117052 0.0627583 1.45451
0.33886 0.0564746 2.61422
-0.179575 0.0241533 2.28811
-0.324146 -0.116411 2.84376
-0.211021 -0.332416 2.90425
-0.281876 -0.20863 2.78356
0.660804 -0.0180087 3.62574
-0.00317322 0.0576585 1.20407
-0.218843 -0.232782 2.60849
0.462639 0.0251276 1.85737
0.362318 -0.249656 1.93153
-0.197057 0.0352089 1.66858
-0.248758 -0.435652 3.36908
-0.302449 -0.243606 3.0043
0.8255 0.0210307 4.24562
-0.520465 -0.17842 3.59043
0.660311 -0.00398694 1.34419
-0.00503537 0.0628916 1.52635
-0.156474 -0.481443 3.86669
-0.0530009 0.0591135 1.5167
-0.221374 -0.264889 3.21185
-0.243763 -0.350756 3.28423
0.755399 0.0157846 3.97863
-0.187058 -0.471732 3.78153
-0.259487 -0.424861 3.43239
-0.309229 -0.353288 3.32706
0.758061 -0.207107 3.95761
0.83853 -0.15428 4.33764
-0.126826 -0.41147 3.36906
-0.283486 -0.184475 2.8677
0.66076 0.00624447 1.37193
-0.231804 -0.220718 3.1534
0.0881688 0.0686825 0.911624
0.529353 0.0869002 4.0477
-0.368899 0.105052 1.48123
-0.0868691 0.0660932 1.7994
-0.20896 -0.307674 3.20999
0.416292 0.0767885 1.28566
-0.218612 -0.32803 3.36071
0.00285968 0.0583617 1.45721
-0.244816 -0.351769 3.30349
-0.236 -0.370428 3.37531
-0.113772 -0.412023 3.34712
-0.296039 -0.266118 3.6866
-0.338628 -0.259664 3.48501
-0.0684634 -0.398629 3.30922
-0.174188 -0.472692 3.58248
-0.209474 -0.395433 3.3624
-0.284119 -0.310326 3.40786
-0.110254 -0.399877 3.28116
-0.116163 -0.407575 3.30049
-0.565602 -0.0579297 1.73195
-0.26633 -0.234112 3.27392
0.0812348 0.0564325 0.958327
0.157379 0.0570255 0.999382
-0.170982 -0.331882 3.15044
1.03924 -0.504574 5.82706
-0.223283 -0.261354 3.26878
0.455197 -0.0681846 1.91316
1.00209 -0.0799255 4.57629
-0.2553 0.0321996 1.26193
-0.246899 0.0404338 1.09157
-0.255486 0.048156 1.15527
-0.0179252 0.0589087 1.00619
0.618962 -0.0354177 1.32635
-0.106617 0.0578719 1.192
0.137277 0.0832809 1.40454
-0.0108767 0.0571311 1.11738
0.11905 0.0555239 1.10156
-0.447916 -0.157805 1.73044
0.0853085 0.0559604 1.02842
-0.486969 -0.0667744 1.3836
-0.435005 -0.153699 1.70177
-0.388116 -0.281354 2.03738
-0.210747 0.0345739 1.72488
-0.0943758 0.0585714 1.37494
-0.44352 -0.225288 1.96054
1.01039 -0.0331592 4.75169
-0.0322472 -0.407997 3.56486
-0.177422 -0.268865 3.26033
0.11751 -0.145849 1.59526
0.113724 0.0518216 2.19802
0.189892 0.045382 0.936464
0.0227904 -0.407892 3.77433
-0.227158 -0.225043 3.34715
-0.156623 -0.279505 3.4426
0.35953 -0.0183528 4.12233
0.0145266 -0.380197 3.782
0.99566 -0.301604 6.04178
0.0163747 -0.412699 3.80927
-0.245262 -0.163231 2.67059
-0.112241 0.0601669 1.16138
0.356966 0.0452984 1.4939
0.198006 0.0545577 1.3119
-0.514429 -0.135365 1.75176
-0.439323 -0.154875 1.7146
0.358777 0.0455304 1.49705
0.0961178 0.0558511 1.17556
0.646548 -0.0447185 1.66064
0.672027 0.00856342 1.72916
-0.461011 0.0196852 1.76257
-0.207875 0.0142393 1.83865
-0.423148 -0.0214949 1.84822
0.416735 -0.0697619 1.62504
-0.205094 0.0138655 1.83187
0.667382 0.00516212 1.74821
0.6674 0.00508408 1.74848
0.647698 -0.0046442 1.54702
0.429405 -0.126211 1.73357
-0.196609 0.0449437 1.86856
0.432106 -0.174072 1.83822
0.000418645 -0.164002 4.37514
0.255234 0.0560378 3.59561
0.301662 0.0548221 3.60151
0.056944 -0.156638 4.21881
0.743244 -0.166622 3.97627
0.742096 -0.15581 3.99165
-0.0411764 -0.0954773 4.85689
0.223459 0.055372 3.83847
0.924568 -0.192368 4.23936
0.265223 0.052295 3.66953
0.31809 0.0522341 3.57902
0.491578 0.0472909 3.63518
0.115348 0.0564822 3.3309
0.286637 0.0504402 3.2959
0.499768 0.0457068 3.39496
0.446438 0.0497368 3.21721
0.596503 0.0402083 3.52422
0.450331 0.0494089 3.29485
0.919461 -0.0236598 4.00494
-0.321902 -0.267047 3.27289
0.10899 0.0565417 2.20193
-0.157508 -0.280265 3.27964
0.022563 0.0576843 2.3774
-0.322063 -0.267387 3.27916
0.382043 0.0483341 2.5458
0.717675 0.0229861 2.42232
0.715095 0.00481521 2.35761
0.0766471 0.0246166 2.11418
-0.0341262 0.0564444 1.92522
0.322742 0.0473829 2.09953
0.0237215 0.0573095 2.37721
2.76211 -0.683157 6.44951
-0.0663395 0.0491877 3.31921
0.94605 -0.453687 4.0839
0.029441 -0.426498 3.92666
1.13286 -0.611501 5.87262
1.13475 -0.518533 5.87224
0.740533 -0.241584 3.83104
0.730785 0.00294871 2.51687
0.729714 -0.0644775 2.39764
0.709306 0.00552343 2.3735
0.429071 -0.00533997 1.83932
-0.234949 0.0326 2.15355
0.436139 0.0452927 2.09944
-0.107259 0.0575883 1.92555
-0.205161 -0.257843 3.19742
0.277386 -0.152939 2.65675
1.06171 -0.428399 3.9597
1.09414 -0.425377 4.09881
-0.298454 -0.317407 3.2513
0.93834 -0.387272 3.93214
1.03394 -0.443331 3.88591
-0.14284 0.0611633 1.81349
-0.396495 -0.148025 2.78182
0.257041 0.0523738 1.71872
0.722934 -0.061693 2.38904
0.733358 -0.0625823 2.40215
0.0661451 0.0555966 1.85632
-0.291552 -0.179465 2.96457
0.192639 0.060333 1.90572
0.00534973 0.0573387 1.89301
-0.152281 0.0283057 2.1679
-0.154105 0.0730038 2.04682
-0.400908 -0.156476 2.60158
-0.395579 -0.154222 2.58806
0.109563 0.0569359 2.20534
-0.292646 0.00191612 3.27622
-0.304602 -0.255986 3.19019
-0.350003 -0.0111059 2.5871
0.379015 0.0474236 2.54027
0.754596 0.0244976 2.76639
-0.283005 0.00172129 3.23223
0.744693 0.0245777 2.66398
1.19952 -0.338437 4.19755
0.910456 0.0282983 3.43405
-0.177707 -0.172453 3.26231
-0.380255 -0.159036 2.82966
1.18354 0.0611292 3.89425
-0.187366 -0.210891 3.09489
0.997487 -0.399749 5.85728
-0.150884 -0.275784 3.50002
-0.0160998 0.0332869 3.30958
0.764066 -0.148385 4.13011
0.0964518 0.0520512 2.84321
0.495022 0.0425829 2.53623
1.19473 0.0275856 4.05897
0.98377 0.15027 4.22381
0.903377 -0.365661 4.07025
0.349539 -0.155934 3.18282
0.273032 0.0511219 2.07662
0.744021 0.0133726 2.68598
0.280314 0.0480717 1.81867
0.00461161 0.0582787 1.9003
-0.41439 -0.186752 2.82635
-0.0563437 0.0576769 1.76685
0.640732 -0.196603 2.56667
0.280566 0.0528552 2.09964
-0.40028 -0.201591 2.79161
0.324853 0.0510518 2.16885
1.49083 -0.189043 4.79995
1.19173 -0.396993 4.30431
0.0177586 0.0599168 1.44226
-0.193424 0.0501831 2.44916
-0.516266 0.00398373 2.08303
0.449589 -0.00489477 1.87192
-0.188506 0.0494269 2.42773
-0.354658 -0.00415169 2.58085
0.980641 -0.517037 3.9174
0.971567 -0.512807 3.89667
1.05458 -0.451019 3.9354
0.441139 -0.128423 1.88585
0.993791 -0.525903 3.95373
0.0569439 0.0561779 1.78378
-0.12559 0.0234786 2.52253
1.04243 -0.387315 4.07049
0.442506 -0.0470109 1.88396
0.351022 0.050125 3.41181
0.125893 0.0449193 3.48541
0.177687 0.052623 3.47844
0.191342 0.0536567 3.60309
0.541599 0.0438832 3.60731
0.447007 0.0496606 3.40846
0.370443 0.0514518 3.43897
0.445066 0.0489501 3.40502
0.403409 0.0482332 3.41025
0.91018 -0.0454211 3.95804
0.665917 -0.0682839 3.50281
0.661655 -0.0468615 3.50052
0.9716 -0.156849 4.02393
-0.46136 -0.117276 4.6153
-0.281497 0.012494 3.51086
0.164733 0.0575031 3.4594
0.321749 -0.156348 3.64561
-0.134864 -0.215597 4.99312
0.749426 -0.17677 3.94103
0.323434 -0.155639 3.64943
0.0278754 0.0584971 4.2683
0.768162 -0.290616 4.0494
2.00273 -0.437311 4.8227
0.44209 0.0462625 2.90981
0.89008 -0.269854 3.95262
0.391025 0.0507532 2.90996
1.3679 -0.395244 5.86291
1.72666 0.0448674 4.70978
0.371117 0.051071 3.70365
0.152723 -0.173976 5.28161
0.0375031 -0.0106662 7.0237
0.031422 -0.00954331 7.06721
0.996146 -0.41761 5.75496
9.40093 1.61015 12.2504
0.39432 0.06307 4.33579
1.05577 0.112457 4.2939
1.61574 0.0599281 4.63105
0.612538 0.0442739 3.68389
0.885635 -0.037226 3.95297
0.157501 0.0725003 3.68321
0.474358 0.0481804 3.72718
0.661922 0.0416422 3.8954
1.09335 -0.136614 5.182
0.119122 0.0680792 4.08847
0.471098 0.0492024 4.06703
-0.749744 0.00398227 5.39469
2.5604 0.392435 5.6015
1.12162 -0.441173 6.40351
1.18413 -0.0403474 5.82105
0.375697 0.0482423 4.84423
0.159859 -0.283061 5.2258
0.342914 -0.134857 6.16552
-0.230934 -0.119766 7.95393
0.832937 0.0252496 4.93858
5.1016 -1.33604 10.7521
0.147142 -0.177507 4.14463
-0.141466 -0.117265 4.26194
1.36682 -0.161922 5.02208
1.08151 0.00667511 5.12054
1.3155 -0.513162 6.1784
-0.197048 -0.128302 4.30994
0.14101 0.0543099 3.20922
0.504919 0.0452803 3.3072
0.565562 0.0426682 3.38237
0.517044 0.0453432 3.34652
0.392258 0.0517062 3.80275
1.27024 -0.512191 6.03166
1.4544 0.0471135 5.55421
0.979573 -0.0616421 4.56798
0.475179 0.0444115 3.88346
0.686528 0.0415695 4.12649
0.612961 0.0441341 3.68404
0.538892 0.0427203 3.63083
0.489352 0.0484819 3.65193
0.210634 0.0530682 3.70024
0.631831 0.0442184 3.80231
0.210613 0.0532346 3.70123
0.638218 0.0446951 3.81192
0.494805 0.0491996 3.6284
0.460534 0.0489819 3.66725
0.935419 0.00562778 4.09276
0.482262 0.0435181 3.80224
0.630544 0.0230422 1.36378
0.682398 -0.165855 1.39593
0.659009 0.00481461 1.62781
0.624935 0.0186577 1.3618
0.628591 0.00647695 1.33533
0.992453 -0.176307 2.07333
0.211967 0.0531422 2.94406
0.108869 0.0544369 2.95497
0.212402 0.0541098 2.95194
2.64798 -0.3428 4.77582
0.797831 -0.00140463 3.20923
0.809906 -0.0256153 3.27321
0.697196 0.0577339 3.82884
0.0183185 0.0557539 4.29888
0.375972 0.0502127 4.88244
1.03859 -0.453331 5.99978
1.04118 -0.00915312 4.83676
3.42317 -0.479911 6.96253
0.25606 -0.212658 5.76087
2.21483 0.309017 5.69584
0.676931 0.040308 3.79689
0.572162 0.0452487 3.72748
0.631262 0.044002 3.80037
0.198544 0.0567275 4.36293
0.354094 0.0525872 3.9682
0.224242 0.0551361 3.85712
0.305726 -0.208011 3.63567
0.38659 -0.172303 4.37417
1.00474 -0.31942 6.01905
0.961672 -0.330303 5.98014
1.27627 -0.373823 7.22142
0.649441 -0.139344 5.93295
0.21982 0.0531115 2.15162
0.716858 -0.0547634 2.56863
0.729951 0.0138585 2.60151
0.246053 0.0468421 2.08026
-0.29311 0.0195838 2.79349
0.0680801 0.05699 1.87074
0.177478 0.0573287 1.92649
0.173304 0.0515549 1.83048
0.174123 0.0579384 2.03817
0.232523 0.0520297 2.07901
-0.438772 -0.202703 3.01821
-0.0583209 0.0590474 1.75974
0.44776 -0.0363263 1.84606
0.440038 -0.157873 1.88702
0.0745925 0.058642 1.39554
0.115254 0.0538968 1.2652
0.1254 0.0522926 1.36819
-0.513567 0.00505424 2.07829
-0.196685 0.0364692 1.82161
0.425001 0.0401541 1.77686
0.419781 -0.15306 1.91408
-0.0785971 0.0578366 1.55058
0.63918 -0.0484681 1.66001
0.668062 -0.00757148 1.68622
-0.0156322 0.0566624 1.39575
0.423106 -0.0687806 1.63701
0.419427 -0.202255 1.96775
0.16888 -0.228745 2.69992
0.775501 -0.378368 4.10201
0.645953 -0.0448771 1.6608
-0.588178 -0.0572184 1.69916
-0.0632384 0.0086189 1.22472
0.0215358 0.0571962 1.06844
-0.281618 0.0424235 1.51374
0.441039 -0.0648355 1.8486
0.437614 -0.0768859 1.85091
0.19108 0.0803861 1.91443
-0.0780405 0.0465405 1.80188
-0.452499 -0.0586551 2.44843
-0.0250251 0.0526014 1.89992
0.745354 0.0113984 2.53388
0.332464 0.0494425 2.13547
-0.0227353 0.0509162 1.88144
0.0656608 0.0579005 1.86819
0.0655767 -0.211114 3.97868
0.0741134 -0.221547 4.08601
0.873765 -0.036995 3.70256
1.98827 -0.378327 4.61446
0.160092 -0.193002 4.07087
1.27055 -0.0249395 5.20265
0.0107911 0.0685967 4.6663
0.257597 0.0489958 3.27149
0.0935125 -0.216265 3.7007
0.429975 -0.15183 3.64685
-0.0466622 0.0612109 3.29748
0.78415 0.0179299 3.1055
0.723175 0.109552 3.08362
0.116705 0.0609843 4.49949
0.210554 0.0569977 4.47184
0.504759 0.0445666 4.16579
0.637317 0.0432147 4.09855
0.485613 0.0455721 4.07646
0.422448 -0.152482 4.38204
0.50411 -0.154033 4.37935
0.0910787 -0.0411118 5.62525
0.484304 0.0460277 3.6118
1.18207 -0.456228 6.0099
0.442035 -0.068514 1.51313
0.353042 0.0462404 1.52543
0.118441 0.0521426 1.29907
0.357505 0.0465945 1.53451
0.352806 0.044655 1.48449
0.329713 0.048511 1.53856
-0.554435 -0.156507 1.98064
-0.0942587 0.0586223 1.39689
-0.0795195 0.0581235 1.55695
0.440741 -0.0463529 1.88008
0.433246 -0.208703 2.00194
0.129381 0.0547307 1.35533
0.430505 -0.0630142 1.85156
0.427664 -0.174677 1.80574
0.350538 -0.223929 1.98232
0.442699 -0.0286673 1.87505
0.427691 -0.103449 1.65675
0.037595 0.0597224 1.64364
0.562524 0.0731675 3.39272
1.52826 0.0730256 4.52193
0.140709 -0.323551 5.19001
1.12271 -0.0590002 5.47427
0.937095 -0.0121929 4.14404
1.15307 -0.586286 5.86088
1.31193 -0.0448131 4.2429
-0.108176 -0.107784 5.0451
0.812654 -0.0419317 3.27125
0.384018 0.0513715 2.92549
-0.0174931 0.0145972 3.36331
0.447599 0.0476034 3.00469
0.445848 0.0465343 2.94502
-0.172242 -0.0832962 3.3863
0.0651136 0.0772914 3.09573
-0.0115313 0.0323438 3.30499
0.120027 0.0452369 2.88618
0.327961 0.0498451 2.95712
-0.256615 0.0195677 3.53512
0.0132373 0.0588383 3.22375
-0.184252 0.0643417 1.61088
-0.196265 0.0638307 1.3945
0.0509174 0.0572399 3.27945
-0.0156894 0.0144747 3.36095
0.478884 0.0463993 3.11038
0.496085 0.0444764 3.24743
0.517342 0.0458158 3.48996
0.595079 0.0407043 3.52467
0.910742 -0.010143 3.95306
0.89984 -0.0424858 3.8147
0.916651 -0.0370905 3.98291
0.118167 0.05729 3.61851
0.0831258 0.0608361 3.61872
0.40788 0.045886 3.5242
0.433922 0.050328 3.49373
0.541113 0.0440513 3.60643
0.102547 0.0581152 3.5879
0.0810232 0.06182 3.62316
0.407586 0.0458386 3.52343
0.431168 0.0492124 3.48785
0.792053 -0.0171308 3.14347
2.51635 -0.252425 4.72777
0.796193 0.0182408 3.12908
0.776516 -0.0298575 3.08773
0.372285 0.0523345 2.80114
0.397018 0.0509644 2.9449
0.443505 0.0466679 2.90892
0.15251 0.0555825 3.32668
0.821448 -0.00237912 3.33508
0.122187 0.054775 3.08297
1.04598 0.0231368 4.64615
0.316699 0.0492474 3.69083
0.316538 0.0494961 3.69182
1.06473 -0.0419989 4.96257
3.22466 0.522699 5.91271
1.1895 -0.299909 5.55639
0.577852 0.0424066 3.84703
0.201796 -0.238434 5.30292
0.337687 0.0536947 4.63598
-0.212472 0.019136 4.14342
0.257467 -0.22606 4.69585
1.09184 -0.429019 5.95367
0.796331 -0.037016 3.19201
0.793804 0.0173046 3.12495
-0.144142 0.037432 3.43704
0.0611928 0.0573097 2.6702
0.241336 0.0515477 2.58739
0.270522 0.0516674 2.60264
-0.392293 -0.100052 3.46914
-0.431986 -0.118962 3.64485
-0.207537 -0.12837 3.15399
-0.1314 0.0662418 3.23133
-0.0202926 0.0627093 2.88326
0.0778112 0.0559948 2.74897
0.18224 0.0560464 2.73866
0.269655 0.0511563 2.59974
0.346588 0.0516872 2.63076
0.389099 0.0503095 2.78744
0.33389 0.0510084 2.73813
-0.375232 -0.136559 3.78543
-0.361458 0.00167572 3.57109
0.761225 -0.366701 4.16463
3.16248 -0.662835 5.81102
-0.100717 -0.188946 4.07279
0.182855 -0.303766 5.10997
3.02061 -0.789587 6.81784
0.187296 0.0539743 3.58449
0.194061 -0.314195 5.2115
0.413505 0.0518535 2.63808
3.45265 -0.753238 6.01536
0.0557425 0.0581333 2.66253
0.792843 0.0171232 3.12486
0.282967 0.0505078 2.62012
-0.119149 0.0669989 2.72273
0.179065 0.0543776 2.71497
0.78875 -0.0377538 3.11102
0.445841 0.0537189 2.81945
-0.0165232 0.0613677 2.8756
0.36761 0.0511531 2.65744
0.767955 -0.0364201 3.15251
0.777167 0.0178781 3.10234
0.357758 -0.152903 3.1695
0.784211 -0.0158063 3.08491
2.24788 -0.421313 5.0157
-0.239834 -0.184917 4.44196
0.794174 -0.00878382 3.07053
0.794001 0.018696 3.09204
0.986425 0.00853525 3.25323
0.357969 0.0451523 1.4961
0.674601 -0.000567594 1.79516
0.00732543 0.0488857 1.7508
-0.214772 0.0272466 1.97271
-0.153108 0.0549924 1.53496
-0.503895 -0.0864711 2.08783
-0.209209 0.012094 1.75087
-0.185867 0.0642917 1.60925
-0.460958 -0.120256 2.2104
-0.0879776 0.0596524 1.48254
-0.432826 -0.173517 2.37895
0.448334 -0.0180138 1.61979
-0.253426 0.0542495 1.24476
0.470412 0.0217439 1.7497
0.287533 0.0676 3.58626
-0.2347 -0.170533 4.34025
-0.401861 -0.146568 4.49973
0.176547 0.0733936 3.84388
0.906022 -0.00176047 3.94168
0.945166 -0.02374 4.24251
0.244694 0.0528066 3.4423
0.285866 0.0528248 3.49189
0.275474 0.0515533 3.45668
-0.284656 0.0342265 4.13471
0.0372646 0.0623984 3.32658
0.0760392 0.0393692 3.34354
0.581655 0.044283 3.40165
0.223458 0.0492008 3.18651
0.167374 0.0531128 3.4098
0.474936 0.0467995 3.40775
0.630838 0.0389659 3.50649
0.585452 0.0443603 3.4049
0.509411 0.0451831 3.42994
0.640252 0.040946 3.55931
0.438489 0.0498966 3.35181
0.480013 0.0471844 2.7293
0.641255 0.0242946 1.44115
0.613862 -0.0358277 1.31665
0.629236 0.0213851 1.36317
0.640128 -0.058734 1.45641
0.637462 -0.0549205 1.493
0.631229 0.0198932 1.34542
0.635362 0.0237257 1.43291
0.590586 0.0162792 1.29612
0.346384 0.0390733 0.890905
0.22077 0.0410659 0.830473
0.596279 -0.0503508 1.75781
0.1227 0.0864764 1.33178
-0.198318 0.0690152 1.1752
0.390674 -0.0937724 1.55113
-0.312049 0.0469603 1.15703
0.476463 -0.198312 1.75333
0.421826 -0.134708 1.61164
0.23458 0.0431101 0.894372
-0.217252 0.065682 0.945597
-0.0753568 0.0361918 0.772095
-0.223468 0.0691517 1.09569
0.571878 -0.194206 1.80393
0.603711 -0.133249 1.74204
0.462222 0.0670296 1.52427
0.170898 0.0552102 0.95371
0.138125 0.0651301 1.19057
0.400613 -0.0902931 1.5966
0.409024 -0.0723706 1.60569
0.635495 -0.0547329 1.48882
0.254316 0.0469962 0.88787
0.437868 -0.0353592 1.82582
-0.216495 0.0173384 1.88994
0.143726 0.0482083 0.739684
0.217951 0.108654 1.24774
0.182659 0.0912812 1.10295
-0.19615 0.0613469 1.04137
0.16927 0.0591917 1.15583
0.0229747 0.054546 0.858038
-0.577368 -0.0917411 1.4408
0.0710529 0.0554462 0.805908
0.0794377 0.0550802 0.95753
-0.459458 -0.0698992 1.86291
0.574434 -0.195622 1.81188
0.202616 0.100858 1.18655
0.130053 0.060972 1.01873
0.118806 0.055273 1.09981
-0.255879 0.0401488 1.46235
0.595838 -0.131831 1.72599
-0.575006 -0.0922199 1.68434
0.533449 -0.187262 1.7782
0.466536 0.00623794 1.73575
0.373018 -0.183864 1.52903
0.347983 -0.151427 1.51427
0.01856 0.0558093 0.830694
-0.206996 0.0658755 1.07615
-0.447488 -0.18776 1.94301
-0.581239 -0.0930251 1.4478
0.113756 0.0542998 0.880059
0.118808 0.0551221 1.09976
-0.27524 0.0139405 1.19905
0.664212 0.00938573 1.71835
-0.2702 0.0467367 1.11585
-0.477056 -0.000484288 1.47019
-0.217932 0.0618925 0.926326
-0.287638 0.0436773 1.52991
-0.289106 0.0212911 1.1652
0.0799892 0.0532334 0.811621
0.742615 -0.0854212 2.00683
-0.264003 0.042924 1.11733
0.289715 -0.250723 1.67713
0.103155 0.0597684 1.04768
0.359187 -0.192351 1.51159
0.356958 0.0452576 1.49193
0.134334 0.113312 1.04312
-0.154416 0.0640636 1.3518
-0.271287 0.0469229 1.11813
-0.0250633 0.0554714 0.886285
-0.0232416 0.0565446 0.888437
-0.478679 -0.236604 1.94075
-0.31907 0.0249764 1.21919
0.209067 0.0533397 3.70243
-0.212291 0.0178361 4.1374
1.11477 -0.205688 5.52265
0.417068 -0.183716 4.34294
-0.186595 -0.229821 4.85692
1.52753 -0.5474 6.84115
0.328171 0.0536717 4.55113
0.325921 0.0502695 2.18683
0.32367 0.0500098 2.18324
-0.0565918 0.0591364 2.37752
0.385125 0.0482359 2.55601
0.417833 0.0460803 2.08689
0.0739912 -0.044285 5.12969
0.753373 -0.00124926 2.74806
-0.269354 -0.189604 2.8258
-0.0810953 0.0606899 2.71585
0.761592 0.0217575 2.85216
0.751399 -0.000869245 2.74532
0.727044 0.0162263 2.54423
0.748535 0.0246504 2.67106
0.135136 0.0497955 2.35861
-0.0817146 0.0577504 2.72845
0.0708744 0.0494565 2.5971
0.240848 0.0525672 2.44958
0.276098 0.05284 2.19821
-0.0778903 0.0592157 2.70923
-0.0663414 0.0411793 3.31123
0.279094 0.0528374 2.09387
0.291201 0.0529078 2.19792
-0.0783833 0.0591227 2.71107
0.203907 0.0509145 2.06483
0.22981 0.0509786 2.0727
0.769735 0.00630365 2.98253
0.106615 0.0516523 2.15874
0.95339 -0.0380252 4.22229
0.191348 0.0518527 3.56427
-0.0307247 -0.151865 4.39799
0.898865 0.0118834 4.04927
-0.0100745 0.0626931 3.55913
0.0169301 0.0586822 4.31485
0.412314 0.0508559 3.3157
-0.03304 0.0655353 3.56278
0.26867 0.051596 3.35956
0.372795 0.0485194 3.33753
-0.159077 0.0434466 4.98169
-0.0294069 -0.156115 4.25461
0.921827 -0.0333022 4.02356
0.666037 -0.0782205 3.51022
-0.0762921 0.0423698 5.49076
3.09577 -0.7168 6.45333
1.06165 -0.519338 5.91864
1.16091 -0.517297 5.88758
0.97512 -0.360051 5.89044
0.289903 0.0539487 3.90073
-0.0154273 -0.177366 4.80802
0.997361 -0.0275831 4.61612
0.0163329 -0.119171 4.76803
1.30038 -0.101939 4.73392
0.220963 0.0536437 3.77759
0.468543 -0.140833 4.61182
0.454192 0.0255513 1.84413
0.476824 -0.023387 1.84861
-0.200707 0.0514508 1.82577
0.360164 0.0494221 1.82045
0.429856 0.000508552 1.87358
-0.258226 0.0370887 2.00633
-0.215622 0.0345704 1.73353
-0.339254 -0.212178 2.73639
-0.0223821 0.057728 2.01319
0.332346 0.0500445 2.13107
0.441853 0.0408863 2.07352
-0.197379 -0.378574 3.27806
0.253857 0.0958663 2.33786
1.04666 -0.427112 3.97501
0.941802 -0.453028 4.0743
1.19159 -0.0129741 5.76048
0.11866 -0.261875 4.15904
-0.0953444 -0.178793 3.88797
0.00277587 0.0748858 2.54772
-0.00603245 0.0810189 2.59099
-0.0628354 0.0405525 2.666
-0.404122 -0.0342262 3.16186
0.753905 -0.000689779 2.79014
-0.0614197 0.0480964 3.28145
0.00828125 0.027186 3.39559
0.00575085 0.0278312 3.40341
0.822025 -0.0407448 3.34397
0.837233 0.0157308 3.39714
0.821047 0.0193924 3.32524
-0.0292057 0.0603981 2.03285
-0.148049 -0.22267 3.35693
0.0737469 -0.222843 3.15666
0.918204 -0.00587675 3.95562
1.82492 -0.383037 5.25656
0.891276 -0.266668 4.02555
1.06898 0.0487968 3.81809
0.759599 -0.328036 3.91254
-0.108192 0.0336042 2.53425
0.337893 0.0487603 2.06612
-0.317004 0.018954 3.12179
-0.283031 -0.15666 2.86047
-0.104819 0.0640506 2.22113
0.0105215 0.0566894 2.24015
-0.42975 -0.141532 2.86543
-0.475785 -0.250514 3.62999
0.75788 0.0184393 2.76893
-0.247994 -0.144194 2.80498
-0.0530889 0.057288 2.35513
0.337613 0.0668452 2.1734
0.74001 0.0147604 2.61738
0.686122 0.0190388 2.48563
0.766773 -0.104066 2.56399
-0.0451769 0.0543159 2.31501
0.231335 0.0519017 2.07627
0.924516 0.0324402 5.28724
-0.341764 -0.255347 4.28553
0.803712 -0.0382774 3.1996
-0.36711 -0.212892 3.27976
0.0281236 -0.215519 3.99325
-0.17346 -0.176493 3.39454
0.256557 0.0516817 2.36467
0.402 0.0990203 2.65262
0.769433 0.0205773 2.96229
0.122528 0.0571629 2.30086
-0.425021 -0.117065 3.61128
0.719183 0.00235165 2.43151
-0.21135 -0.199496 3.48826
0.273026 0.0523104 2.07751
-0.34514 -0.236152 3.45512
0.720034 -0.0168665 2.53956
0.709318 -0.0482764 2.52483
0.715965 0.0229258 2.55359
0.776749 0.0267634 2.62876
0.822986 -0.0672921 2.6284
0.143437 0.0533911 2.07973
0.253414 0.0521787 2.07411
-0.27863 -0.150106 2.8426
0.00921775 0.0578131 2.25437
0.022235 0.0570825 2.365
-0.069474 0.0620189 2.39193
0.315235 0.0521193 3.70336
0.330708 0.0522619 3.80169
0.986068 0.019298 4.48992
0.495537 0.0494014 3.63014
-0.214946 -0.0923171 4.91935
0.765587 -0.133684 4.13415
0.684608 0.0395854 4.16187
0.720998 0.0362306 4.18748
0.447669 0.0468057 3.90739
0.445195 0.0466664 3.66991
0.290384 0.0521295 3.88823
0.93779 -0.038776 4.13089
0.983534 0.00411349 4.43563
0.612107 0.0410593 4.16564
0.823032 -0.0415538 3.3304
0.817389 -0.010782 3.27197
0.938667 -0.0126791 4.14367
1.02536 -0.0267293 4.7464
1.05106 -0.0777136 5.03491
0.190944 -0.25155 5.22767
0.907757 -0.0415221 3.95759
1.26649 -0.492288 5.82521
0.0413549 -0.240223 4.05904
0.391453 0.0516395 2.97131
-0.31834 -0.0883763 3.95205
0.757343 -0.189495 4.12821
0.0613349 -0.208529 3.9886
0.797176 0.0219219 3.18795
0.0625701 0.0439528 3.77141
0.0319943 0.0898425 3.08886
3.46171 0.764106 6.39029
0.49045 -0.158715 4.1945
0.868667 -0.0222041 3.61465
3.04888 -0.651763 5.66529
2.77969 -0.582685 5.37053
2.86729 -0.56917 5.81549
0.895185 -0.0264149 3.94396
-0.09607 -0.137322 4.94028
0.152393 0.054686 3.31677
2.70642 -0.592151 6.12182
0.3092 0.0514531 2.80933
0.167062 0.0542596 2.62791
0.842741 -0.354361 4.04304
0.167041 0.0547248 2.6299
1.07166 -0.394728 4.05458
1.00469 -0.373129 3.97408
-0.0140459 -0.362388 3.71744
-0.185261 0.0282355 2.23022
0.276245 0.052291 2.19856
-0.427061 -0.162348 2.75604
-0.121266 0.0662732 2.11543
0.733598 -0.0320765 2.69551
3.04105 -0.664581 5.22733
0.337532 0.0496135 2.06581
0.88268 -0.0278834 3.77561
1.27557 -0.496751 6.06882
0.0853531 -0.323887 5.18702
1.18576 -0.574038 6.17456
1.20142 -0.476166 5.84744
0.0696294 0.060581 3.51764
0.168938 0.0533183 3.3772
0.0567609 0.0676538 3.63382
0.0868799 0.0593853 3.61003
0.252526 0.0526398 3.38934
0.382748 0.0494241 3.34288
0.455267 0.0494482 3.32603
0.452569 0.0535766 3.33754
0.0773481 0.0581109 3.49874
0.0278607 0.0633451 3.62787
0.0936397 0.0586608 3.59373
-0.121598 -0.0710046 3.86397
0.502345 0.0465612 3.39698
0.178931 0.0535862 3.48068
0.186414 0.0524984 3.51715
0.469029 0.0487865 3.37895
0.404053 0.0500568 3.40232
-0.119234 -0.304113 2.93828
-0.437216 -0.221672 1.94561
-0.301257 -0.271713 2.42038
0.428538 -0.0684825 1.57656
-0.332447 -0.300665 2.78165
-0.429693 -0.175744 1.954
0.161101 0.0564332 1.12178
0.662919 -0.0864075 3.73806
-0.176133 -0.241122 3.37934
0.706014 0.0452699 1.83559
0.344715 0.0460873 1.22483
-0.115078 0.055488 0.947325
-0.205835 0.0657661 1.0787
-0.0431397 0.0589961 1.00634
-0.018237 0.0588123 1.00663
0.341836 0.0463428 1.2213
-0.237757 0.0689511 1.02265
-0.104771 0.0508303 0.920503
0.0974288 0.0545225 1.06625
0.278298 0.0522502 1.22556
0.345116 0.0469322 1.22625
0.11845 0.0554499 1.09928
-0.490339 -0.0788441 1.38922
0.764655 -0.228889 3.96124
0.476453 0.0300796 1.77129
0.364716 0.0421143 1.10446
0.635772 -0.063307 1.59075
0.158404 0.0548928 1.1163
-0.150431 0.0749329 1.24543
0.0994857 0.054032 0.965596
-0.278643 0.0209568 1.18178
0.16321 0.0576008 1.13046
0.651941 0.041228 3.61958
0.56215 0.0455616 3.58105
0.216356 0.0489443 3.66551
0.118063 0.0574232 3.61676
0.200347 0.0531072 3.65489
0.491005 0.0488031 3.63405
0.418534 0.0488366 3.48892
0.23205 0.0532996 3.63493
0.550897 0.0437177 3.64221
0.947383 0.017881 4.24264
0.800509 -0.1208 4.10945
0.911854 -0.0426031 3.82689
0.903521 0.015302 4.00751
1.33551 -0.133397 4.74072
-0.2142 0.0148925 4.1508
0.430858 0.05057 3.76009
0.955935 0.0199269 4.25384
-0.278173 0.0499065 5.0294
-0.394668 0.0223891 1.61807
-0.476403 0.0245336 1.8459
-0.462494 0.0260089 1.76716
-0.252363 0.0357109 1.71418
-0.511888 -0.116101 1.79956
-0.235353 0.0674157 1.4246
-0.206131 0.0151758 1.76611
-0.351814 -0.238155 2.02055
0.416062 -0.112286 1.57248
0.433962 -0.0695082 1.58294
0.174385 0.0563101 1.3185
-0.46447 0.0186085 1.76842
-0.406741 -0.274673 2.21256
-0.0947215 0.0592234 1.40025
0.679603 0.0234916 1.91417
0.414674 -0.0934183 1.65631
0.419639 -0.0917436 1.57261
0.261873 0.00613825 1.4945
0.230182 0.0579324 1.34551
1.1429 -0.523645 5.91858
0.557939 0.0416646 3.52196
0.517375 0.0453701 3.48991
0.38341 0.049182 3.43082
0.59857 0.0447954 3.58145
0.552965 0.043087 3.52076
0.171945 0.052009 3.40209
0.225557 0.0533741 3.23174
0.342497 0.0499353 3.13121
0.335277 0.0543495 3.24405
-0.309777 -0.150212 3.95024
1.49656 0.0111997 4.47016
2.01268 -0.301248 4.62826
0.844838 -0.028308 3.51532
0.288519 0.047793 4.19177
-0.0851644 0.0325017 5.1831
0.314314 0.0498215 4.33114
0.0135632 -0.182994 4.75664
0.22949 0.055035 4.56881
0.339933 0.0507831 4.60365
0.393466 0.0537226 4.28943
0.10559 0.0622457 4.44817
0.614122 0.042505 4.10958
-0.123083 -0.138093 5.14408
-0.0756159 0.0665362 3.26637
1.63397 -0.219153 4.72659
0.89869 -0.00394689 3.91275
0.783522 -0.00587289 2.9616
2.03542 -0.412639 4.81285
0.0387767 -0.109774 4.81274
-0.33727 0.285844 3.95505
-0.221824 0.212104 3.48354
-0.275412 0.0125429 3.49793
0.425759 -0.15538 3.6716
0.419978 -0.1515 3.6418
2.70692 -0.48933 5.03818
0.175762 0.0540709 3.48519
0.339799 0.0516737 3.45367
0.491476 0.0489337 3.65472
0.544254 0.0445554 3.67842
0.970989 -0.033011 4.3577
-0.110285 -0.129212 4.21578
0.301943 -0.173159 4.24454
0.226814 0.0533207 3.82508
0.79179 -0.122605 4.17368
0.995864 -0.0275005 4.49592
0.544836 0.0406308 3.4001
0.485328 -0.158986 4.18814
-0.0600795 0.0756082 3.67946
-0.034355 -0.168464 4.9288
0.481494 -0.157714 4.18604
0.483338 -0.158759 4.19592
0.0411611 -0.190871 4.93678
-0.0756051 -0.157581 4.85652
0.489541 0.0483321 3.6322
0.556471 0.0441237 3.68736
0.916183 -0.0100555 4.04189
0.997559 -0.0142078 4.23793
0.921622 -0.0256426 4.00777
0.462946 0.0464098 3.66592
-0.0976223 -0.144484 4.27165
0.0391201 0.0640733 4.01514
-0.303272 -0.133747 3.44952
-0.306139 -0.228173 2.80001
0.185916 -0.143608 2.09186
-0.165315 -0.433158 3.40993
0.800816 0.00422793 3.02942
0.922367 -0.375186 4.13028
0.0223959 0.0848496 2.98199
-0.198222 0.0136461 1.68575
0.979674 -0.320657 3.95298
1.04834 -0.437623 3.9945
0.632368 -0.0159196 1.44669
0.437285 -0.0276873 1.64521
0.428738 -0.0161458 2.04271
-0.510023 -0.0622695 2.0591
0.134513 -0.152572 1.62027
-0.571269 -0.0927341 1.65338
0.0094562 0.0564426 1.33582
-0.588477 -0.0926799 1.68565
-0.139186 0.0716347 1.18858
-0.49304 -0.267243 2.00517
-0.297473 0.0216675 1.18805
0.0319675 -0.17082 4.2026
0.0441805 -0.216171 4.00375
0.26257 0.0536981 3.33601
-0.124917 0.0540801 3.13734
0.360916 0.050018 3.02423
0.142427 0.0535977 3.2067
0.00578374 -0.224206 4.18533
-0.330261 -0.0989162 3.96006
0.0830917 0.0649667 2.995
0.121776 0.0549046 3.08536
-0.163212 -0.0339485 3.38144
0.109687 0.0468756 2.86182
2.91189 -0.561604 5.82841
2.56235 -0.488783 5.4113
0.794786 -0.0410892 3.17468
1.61544 0.337434 3.99828
2.07215 -0.352084 4.83835
0.551025 0.0427207 2.94934
0.572727 0.0303415 2.94514
0.546504 0.0419224 2.94426
0.817241 -0.0265759 3.2791
0.8098 -0.00294029 3.21347
0.0403387 0.0534577 3.08146
-0.0404923 0.0333412 3.27966
-0.540504 -0.219375 3.41862
0.37754 0.0498069 2.52883
0.347006 -0.153487 3.16434
-0.0171611 -0.312793 4.18462
0.0188176 0.0569249 3.4159
0.10206 0.0568693 2.96863
-0.147231 0.0681503 3.15239
-0.44672 -0.12027 3.66498
0.167702 0.0548787 2.63442
1.73464 -0.476864 4.91253
0.167261 0.0544581 2.62994
-0.273825 0.0179428 3.56047
0.79437 -0.242814 4.04069
-0.357184 0.00254117 3.56481
0.197867 0.053149 2.84907
0.0560124 0.0608289 2.70003
0.112369 -0.211386 3.72052
0.0671467 0.0526782 2.63349
1.08557 0.00761914 5.12976
0.232458 -0.252365 5.69799
0.544397 0.0479127 3.91144
1.30458 -0.0966637 4.83656
0.450532 0.0506358 3.9036
1.34486 -0.115756 4.87887
0.0162116 0.0318663 4.99618
0.00956053 0.0264468 3.41331
0.0155127 0.058369 3.40763
0.540561 0.0449681 3.20737
1.96259 -0.402971 4.81917
2.05872 -0.394329 4.69673
0.834633 -0.223097 4.30304
0.131961 -0.166168 3.95687
-0.174186 -0.233373 4.81096
-0.159227 -0.219818 4.33015
0.419425 0.0481103 2.85892
0.893781 -0.0240094 3.79849
0.895916 -0.275273 3.9691
0.238643 0.0658503 3.22322
0.321301 0.0522233 2.88682
0.797559 0.0192251 3.09845
0.337291 0.0526034 2.99004
0.825004 0.0171791 3.70567
-0.1437 -0.154391 4.26688
0.103277 0.0531892 2.92524
0.407482 0.047305 2.78159
-0.15474 0.0483914 3.23194
0.0207926 0.0623756 3.97211
0.406934 0.049492 2.75707
0.117023 0.0596237 2.29189
-0.0791694 0.0595018 2.71396
0.0234564 0.0579234 2.39196
0.264264 0.0532902 2.59322
0.93701 -0.529116 4.15714
0.441056 0.0279871 1.85265
1.34797 -0.468844 5.64549
0.0374341 -0.0881721 4.8144
1.08451 -0.203277 5.2074
1.37782 -0.400562 5.87805
0.17128 0.0570666 4.17517
1.14453 -0.329216 5.22338
1.17296 -0.110438 5.49876
0.481797 -0.159455 4.37927
0.423493 0.048713 3.67315
0.830232 -0.171241 3.82842
0.421043 0.0478067 3.6675
1.17828 -0.0861795 5.65995
1.11521 0.0377195 4.79065
1.20032 -0.568864 5.78444
0.34697 -0.130366 3.95
0.0937976 -0.259151 3.76765
0.289777 -0.197706 3.56779
1.0398 -0.344069 4.15198
-1.30758 -0.484355 4.8745
0.41771 0.0505854 3.66843
0.990387 -0.0249453 4.48557
1.06694 0.0162812 5.0009
1.04067 -0.0369336 4.79593
0.131717 -0.195441 5.31979
1.08837 -0.0409303 5.21934
2.89275 -0.551344 6.06559
1.12024 -0.0346574 5.3606
0.154595 0.0576903 3.9323
0.974531 0.00384507 4.38116
0.948161 -0.0408706 4.17873
0.957867 0.0235433 4.27794
0.364488 0.0509496 4.04381
0.411679 0.051207 4.01018
0.980504 0.0206217 4.54713
-0.183344 0.0440159 4.97025
-0.0112396 -0.167225 4.80492
0.0981405 0.0626762 4.45538
0.198621 0.0563845 4.36723
0.0203187 -0.192929 4.27899
1.31665 -0.103875 4.75226
0.226282 0.0543018 3.83512
0.755343 -0.180431 3.91912
0.0953334 0.0628307 4.46048
0.0195115 0.0558169 4.29023
0.773046 -0.154375 4.14347
-0.450446 -0.00319948 5.80751
-0.145995 0.000311005 5.44004
0.0438436 -0.185865 4.85127
0.346416 0.046782 3.89119
1.09725 0.0158958 5.23146
1.35024 -0.540487 5.78794
6.44139 1.09075 9.2117
1.14271 -0.280363 5.7465
0.48797 0.0490141 4.26429
0.489652 0.0507262 4.2965
1.3166 -0.0429366 4.26718
-0.155102 -0.120419 4.29786
0.531506 0.0453447 3.85595
0.199247 0.05625 4.36932
0.755792 -0.172646 4.1013
0.30155 -0.16909 4.2174
-0.518149 -0.115715 1.76235
-0.17536 0.0887304 1.39747
0.452262 -0.0796833 1.88755
-0.421703 -0.021865 1.84119
0.0749511 0.0560934 0.864262
0.0742639 0.0573816 0.818028
-0.457803 -0.0698228 1.86659
-0.583755 0.00188036 1.71517
-0.331418 0.0367368 1.21216
-0.278047 0.0425934 1.49654
-0.118701 0.0587078 1.00491
-0.0265311 0.0584471 0.901136
0.42159 -0.09262 1.73401
-0.513476 -0.108855 1.75161
-0.102833 0.0590626 1.25502
-0.0261642 0.0577821 0.89595
0.203086 0.0563519 1.32874
0.64278 -0.0497019 1.6665
0.388963 -0.218787 1.77421
0.635756 0.0272776 1.38624
-0.178506 0.0822811 1.09388
0.478128 0.0306099 1.79027
-0.124813 0.0610765 1.02953
0.340393 -0.208969 1.81853
-0.56301 -0.0543702 1.64329
-0.455906 -0.336257 2.3375
0.0864278 0.0491159 0.882972
0.468413 -0.0297694 1.83445
0.120762 0.0566895 1.11187
-0.43086 -0.151607 1.68857
-0.50112 -0.00253827 1.40267
0.543571 0.0443261 3.67735
0.498539 0.0490964 3.69122
0.459373 0.0489562 3.7203
0.115754 0.0600135 3.83467
0.721907 0.0389521 4.08202
0.470429 0.0481294 3.6825
0.560369 0.0450686 3.579
0.108151 0.0574284 3.72058
0.546966 0.0447943 3.64052
0.248826 0.0526938 4.00499
0.0169523 -0.154481 4.30775
0.952431 -0.0146517 4.25612
0.418093 -0.152467 4.36468
-0.084796 -0.152771 5.15749
0.0143308 -0.239895 4.94005
0.36968 0.053286 3.71446
0.369557 0.0528736 3.71147
-0.212283 0.0365122 4.83024
0.996922 -0.0284137 4.53155
0.469009 0.0493527 3.68055
0.468162 0.0459541 3.7087
0.0292633 0.0615672 3.94677
0.290058 0.0526544 3.51695
0.19555 0.0536489 3.5844
0.20122 0.0525576 3.65261
0.788403 -0.162171 4.09799
-0.0317746 0.0609729 3.82924
0.0522341 -0.176555 4.08459
0.866583 -0.0416162 3.65377
0.850928 0.0143321 3.56576
0.81078 -0.126048 4.13076
0.925926 0.018758 4.06397
-0.109503 -0.0762638 8.50459
0.298998 0.0531721 3.58945
0.386845 0.0474389 3.44001
0.316143 0.0507857 3.69593
0.387328 0.0475216 3.44062
0.0453728 -0.150017 4.33441
0.757881 -0.204706 4.16907
1.09616 -0.267831 5.30164
0.448993 0.0501015 3.89669
0.161711 -0.280377 5.21058
1.38921 -0.595297 5.80456
0.894036 -0.0397256 3.85809
0.212707 0.0379157 3.43132
-0.316787 -0.21551 1.89866
-0.0595626 0.0574176 1.71589
0.411142 -0.0585102 1.56284
-0.373559 -0.194559 2.64613
-0.322838 -0.281547 2.61546
-0.306713 -0.285535 2.39807
-0.202345 0.0374092 1.8451
-0.0589249 0.0582279 1.73909
0.63707 -0.0152858 1.45357
0.648233 -0.0592948 1.46762
0.550025 0.0363884 1.44991
-0.142633 0.0669432 1.00564
-0.319012 0.0690568 1.13835
0.910547 -0.0393642 3.88423
-0.284637 -0.20899 2.79349
0.632519 0.00804359 1.3396
0.614121 -0.0296301 1.27859
0.609124 -0.0354506 1.27983
0.687509 -0.160114 1.40496
0.649691 -0.0591976 1.46885
0.605648 0.0188409 1.335
-0.550217 -0.00162547 1.48421
-0.281934 0.0204903 1.18883
-0.509756 -0.077995 1.428
-0.313355 0.0472849 1.15744
0.0794824 0.0553445 0.952892
-0.232862 0.0671648 1.01428
0.101186 0.054639 0.970392
-0.495422 -0.0772673 1.39742
-0.20389 0.0658747 1.16398
0.0811562 0.0564641 0.959596
-0.124063 0.0587573 0.936008
-0.267596 0.0436691 1.12146
0.0441976 0.0590537 0.927746
0.120889 0.0550233 0.988746
-0.527728 -0.090415 1.39773
-0.240934 0.0239653 2.04211
-0.00200691 0.0579413 1.21409
-0.260075 0.128299 1.66744
0.370343 -0.223759 1.90012
-0.349379 -0.184047 2.524
-0.0112836 0.0569249 1.11298
0.360466 -0.18727 1.75864
1.12482 -0.278321 2.21728
0.921399 -0.301878 5.26265
-0.565223 -0.0923805 1.70432
-0.214806 0.0688127 1.09621
0.134991 0.0521881 1.49865
0.477598 -0.0239348 1.76112
-0.086453 0.053362 1.30424
0.449415 -0.077213 1.83629
-0.0431264 0.0432945 1.51215
-0.216361 0.0337679 1.73401
0.417868 -0.058985 1.55111
0.122936 0.0538897 1.34476
0.145974 0.0621908 1.53725
-0.539099 -0.0973508 1.98728
-0.440899 -0.0563495 2.41662
-0.210775 0.034746 1.72576
0.135368 0.053582 1.50279
0.129362 0.0542173 1.45282
0.432151 -0.0892561 1.87601
0.448681 0.0112132 1.84636
-0.260252 0.0291345 1.75364
-0.1749 0.0639934 1.6623
0.133671 0.0553937 1.54715
0.213354 0.0527426 1.49149
0.259801 0.0519425 1.59055
0.397938 0.0416134 1.61133
0.679439 0.0246877 1.97656
0.400419 0.0415548 1.61446
0.102227 -0.188189 4.15216
0.3749 0.0510871 3.43908
0.742941 -0.199089 4.08823
0.215294 0.0547453 3.79472
0.227402 0.0533955 3.82509
-0.14842 -0.132157 5.08867
0.989581 -0.064036 4.54777
0.119607 -0.304649 5.05977
0.79688 -0.121103 4.1047
0.121554 -0.312387 5.198
0.492153 -0.157559 4.19002
1.03978 -0.0876813 4.65537
0.40488 0.0476611 2.67755
1.01463 -0.208419 3.93907
0.77818 0.0236859 2.97444
-0.181571 0.203538 3.59929
0.134966 -0.168822 3.21141
-0.221078 0.0657843 1.08375
-0.2004 -0.309379 3.8012
-0.139755 -0.283678 3.3284
1.03155 -0.466663 5.98797
-0.165625 0.0251867 1.34753
-0.226435 0.0723915 1.11219
-0.121902 0.0606528 1.01459
-0.262965 0.0142542 1.25026
0.222922 0.0529898 1.21827
0.410001 0.0828647 1.26493
0.0578214 -0.15627 1.62452
0.932378 -0.0215448 4.16274
-0.401856 0.0217206 1.68152
0.657123 0.00489985 1.62547
-0.136602 0.0716133 1.31428
0.43123 -0.076999 1.66271
-0.186334 0.064463 1.24751
0.0178248 0.0562886 1.06146
0.0995871 0.0538596 1.10297
-0.576073 -0.0894212 1.68289
-0.577802 -0.0928801 1.66324
-0.460612 -0.00798884 1.77876
0.436347 -0.178875 1.6552
0.390994 -0.14399 1.59932
-0.0349516 -0.406948 3.55688
0.473118 0.00787396 1.86199
1.32587 0.0317019 7.43236
0.64052 0.11096 1.90273
-0.290929 -0.0315024 2.77375
0.458908 0.0420768 4.20262
0.179374 -0.0113003 2.10064
-0.421944 -0.324814 4.11494
-0.122361 0.0237967 2.50868
0.060529 -0.354916 3.7759
-0.559453 -0.163582 1.65214
0.12992 0.0538153 1.1558
-0.206818 0.0663966 1.1605
-0.104043 0.0539191 1.0489
0.104691 0.0547179 1.15138
0.0855993 0.0565424 1.02924
0.164921 0.0577463 1.13283
-0.570377 -0.0886929 1.72714
-0.107466 0.054675 1.02533
-0.255984 0.0330254 1.26403
0.638446 0.0172196 1.42619
-0.023069 0.0478718 1.76072
0.916893 0.0680055 4.39559
0.440115 -0.0468532 1.58541
-0.574389 -0.0940303 1.65996
0.198556 -0.148403 2.122
-0.0667927 -0.393695 3.25866
0.886035 -0.399873 4.11786
0.653369 -0.00367401 1.5543
0.863378 -0.137759 2.02019
-0.267322 0.0395736 1.52831
-0.238221 0.0369864 1.626
-0.0889372 0.0599407 1.48669
0.661117 0.0211974 1.71904
0.564464 0.0336472 1.52376
0.658818 -0.00532961 1.67537
0.339911 0.0496701 1.34393
0.335384 -0.206143 3.64701
0.833758 -0.183365 3.8744
1.13429 0.0308262 3.95626
0.376327 0.041159 2.63652
0.774141 -0.256481 3.92265
0.33466 0.0522882 3.04586
0.0778477 0.0555176 2.73967
-0.128699 -0.206226 4.16527
3.60736 -0.828631 5.94525
-0.0423093 -0.172102 4.50247
0.223951 0.0554137 1.69412
0.171529 0.0556112 1.91295
-0.414623 -0.108287 2.84321
-0.348694 -0.216588 2.7623
-0.322998 -0.181608 2.83759
0.802526 0.00144513 2.89337
0.0199842 0.0565925 1.83833
0.0417182 0.0585067 1.65836
0.266743 0.0536312 1.73057
0.0210856 0.0576623 1.84665
0.0888902 0.064147 1.63664
-0.278868 -0.198571 2.82015
-0.335642 -0.208576 2.72228
0.670356 0.0148416 1.79523
-0.299523 -0.20222 3.03655
-0.514286 -0.0671867 2.10866
0.176285 0.0600158 1.89412
0.861243 0.261668 2.92593
-0.520319 -0.0665469 2.11988
0.786385 0.00639751 2.97163
-0.0179936 0.0606549 1.42802
-0.0550635 0.0590224 1.76555
0.402536 -0.18692 1.95986
-0.535527 -0.152954 1.95151
-0.0574587 0.0587067 1.75991
0.338364 -0.247796 1.95756
0.613832 -0.0216752 1.37974
0.368287 0.0412759 1.20071
0.371447 0.0414802 1.20511
0.363552 0.0405562 1.19387
0.570944 0.0346928 1.63628
-0.278021 0.0140409 1.19975
0.0818063 0.0574068 1.02905
-0.25639 0.0485524 1.1566
-0.230777 0.0685143 1.09812
0.158296 0.0556078 1.11472
-0.225973 0.0671044 1.08997
-0.255634 0.0328649 1.26326
-0.25118 0.0562174 1.23541
0.184833 0.0547365 1.13621
0.628804 0.0304514 1.37158
0.637948 0.00782595 1.45535
0.301136 0.0602767 1.10546
-0.12644 0.0723644 1.51524
-0.413311 -0.0603423 2.16318
0.539852 0.25955 2.38905
0.350084 0.072945 1.49206
0.224472 0.0519476 1.11072
-0.16541 0.0295134 2.21209
-0.349183 -0.249745 2.05238
0.750893 -0.171004 4.08971
0.757581 -0.203997 4.16753
0.78629 -0.156205 4.19989
0.02167 -0.207611 4.97811
0.329282 0.0509524 3.48261
-0.196861 0.0374644 4.79545
0.35382 0.0515969 3.50376
0.886684 -0.0422782 3.75353
0.0550412 -0.0793303 5.07851
0.663566 0.0393664 4.14912
0.040893 0.0642941 4.32278
0.298432 0.0501482 4.01281
0.482183 0.0442639 4.0668
0.629586 0.0405052 4.15083
0.775619 0.0302774 4.33456
0.639699 0.0433851 4.10177
0.518924 0.04532 4.03052
0.488301 0.0457642 3.95575
0.15945 0.0614472 4.21059
0.565451 0.04817 4.08995
0.577402 0.0448918 4.14711
0.358748 0.0523153 4.01891
0.516744 0.0474947 4.11644
0.959149 -0.0406814 4.27542
0.0535542 -0.366219 3.90682
0.0596124 0.0558737 1.79223
0.00744838 -0.361452 3.72385
0.824095 -0.156738 4.11967
0.26769 0.0506611 1.10371
0.218786 0.0640556 1.27097
-0.10434 0.0591583 1.26073
-0.203023 0.0654889 1.15775
-0.339931 -0.231437 1.97704
-0.419226 -0.0213691 1.83903
-0.410803 -0.0436474 2.15596
-0.0024771 0.0577643 1.21126
-0.470183 0.0254575 1.78253
0.02278 -0.205776 4.44813
0.0936143 -0.215458 3.70344
3.1536 -0.773378 6.5605
0.0238992 -0.201507 4.39921
-0.00369243 -0.193509 4.27509
0.673217 0.103195 3.16889
0.0253915 -0.226413 4.11578
0.430548 -0.194733 4.65037
1.0953 -0.413094 5.89996
-0.163052 -0.0451555 3.37775
0.19656 0.0522215 2.83811
0.183156 0.0562422 2.73984
0.821338 -0.002186 3.33415
0.393445 0.0508795 2.99125
0.347239 0.0532797 2.86928
-0.376663 0.00501312 3.52881
-0.169062 0.0611262 3.2134
0.10697 0.0552631 2.95989
0.515743 0.0486078 3.39801
0.370481 0.0521937 2.73832
-0.0137188 0.0604202 2.86749
0.504108 0.046476 3.36753
0.301979 0.0497504 2.75569
0.394267 0.0510009 2.99345
0.270809 0.0520455 2.07479
0.22191 0.0537324 2.16031
0.705356 0.0252056 2.52663
0.247431 0.05259 2.2134
-0.294911 0.0196117 2.80113
0.526918 0.0446338 3.38703
0.500218 0.0459237 3.39579
0.602281 0.044568 3.55544
0.693143 -0.0341795 3.54278
0.387853 0.0477592 3.44262
-0.24062 -0.17706 4.41742
0.140674 0.0395022 3.43951
0.914106 -0.0109834 3.92631
1.17826 -0.232946 4.06095
0.496755 0.0477057 3.35886
-0.158899 -0.225025 4.76478
-0.13346 -0.134935 4.29272
-0.216397 0.0365098 4.14081
0.543963 0.042805 3.47013
0.178297 0.0537536 3.48069
0.112622 0.0604024 3.83844
0.636045 0.0389285 3.52727
0.903526 -0.0221976 3.88527
0.94698 -0.0156441 3.95994
0.141822 -0.184166 4.19068
0.219411 0.0523489 3.77353
-0.0262362 -0.179979 5.03035
0.461884 0.0463226 3.63585
0.797337 -0.120882 4.10463
0.464369 0.0472957 3.64159
0.756189 -0.217786 4.06815
0.0684953 -0.18992 4.22045
0.765833 -0.149492 4.13278
0.226561 0.052906 3.8195
0.94444 -0.0406553 4.17421
0.852409 -0.0364646 4.14476
-0.113046 -0.193984 4.82553
0.250842 0.0512965 3.99194
-0.187905 0.0188408 4.1448
0.94476 -0.0107997 4.17036
0.503733 0.047986 3.62778
0.203196 0.0537253 3.68863
0.189756 0.0535237 3.5362
0.275624 0.0521953 3.6561
0.316145 0.0504535 3.69134
0.4407 0.046593 3.67949
0.344909 0.0466548 1.22688
0.222063 0.0535719 1.07331
0.668774 0.0218654 1.72789
0.34055 0.0461272 1.22042
-0.00931435 0.0546598 1.10514
-0.2225 0.0778508 1.48866
-0.158012 0.0552504 1.18836
-0.26574 0.0553493 1.2663
-0.0982931 0.0525538 1.07097
0.406079 -0.109074 1.55927
0.100237 0.0544009 1.10345
-0.202047 0.065059 1.15373
-0.0403621 0.0581305 1.16095
0.470738 0.017513 1.62137
0.0990839 0.0582909 1.18951
0.217183 0.0554727 1.29837
-0.141856 -0.280461 3.34716
-0.222805 -0.268517 3.29859
0.90932 -0.0401452 3.8812
-0.0883245 -0.323625 2.99436
-0.301646 -0.266388 2.74961
0.941582 -0.416431 4.33573
-0.409703 -0.00310135 2.1704
0.43496 -0.0048917 1.84481
0.11647 0.0574329 3.10237
-0.0190809 0.036896 3.29614
0.137576 0.0544724 3.16731
0.0287769 -0.148618 4.13196
0.138353 0.0557207 3.23148
0.810398 -0.32229 4.20704
-0.0555203 0.0389139 3.43436
0.197845 0.0455969 3.48068
0.0373481 -0.169401 4.30612
0.821541 -0.00135192 3.33581
0.296768 0.0498915 2.6985
0.151249 0.05412 2.68878
0.181354 0.0540471 2.72407
-0.221195 0.068817 3.05705
-0.155988 0.0488682 3.23421
-0.182571 0.0680009 3.06456
0.878682 -0.299861 5.79918
1.98122 -0.180083 4.53194
0.199451 -0.24217 5.14919
0.0763101 0.0556353 2.74386
-0.184891 0.0617062 3.17139
0.329993 0.0502453 2.75305
0.729706 -0.070196 2.38969
0.721439 -0.0159965 2.54162
0.500721 0.0461825 3.39609
0.643498 0.0412927 3.56377
0.285243 0.0518479 3.48707
-0.383787 -0.14022 4.41994
-0.287875 0.0341449 4.13831
-0.220708 0.0365193 4.13179
0.117326 0.0590991 3.82529
0.201175 0.0525058 3.65327
0.284865 0.0539113 3.49849
0.374813 0.0521714 3.50047
0.0235892 -0.189871 4.26586
-0.750128 0.00223753 5.35661
0.303273 0.0531181 4.32547
0.581636 0.0450348 4.14603
0.316736 0.0518719 4.33229
0.46722 0.0502752 4.06753
0.284918 0.050262 4.21586
0.98347 0.0208211 4.552
0.759812 0.0129072 2.70314
0.432317 0.0440975 2.10017
0.331766 0.0515053 2.19563
0.711209 0.0245955 2.54887
0.319757 0.051954 2.65816
0.430746 0.0506944 2.75256
1.59878 0.0447504 5.83757
0.793564 -0.565362 11.9279
0.708244 0.0382164 4.01005
0.542357 -0.115738 5.71768
-0.0624712 0.0480234 3.28514
0.422568 0.0499326 2.80756
-0.00518231 0.0617836 2.98059
0.802736 -0.0373317 3.19636
-0.0630737 0.0484018 3.28616
0.784934 0.0203802 2.97348
0.367184 0.0415442 2.55877
0.807108 -0.0100479 3.17034
0.772898 0.0204159 2.96142
0.756983 0.00664137 2.8637
0.325566 0.0530752 2.4342
0.365374 0.0509714 2.59701
0.799783 -0.0370706 3.19445
0.167555 0.0505234 2.60589
0.134574 -0.169824 3.22007
0.0318296 -0.201277 3.88029
0.15112 0.0562199 2.51065
0.350123 0.0491584 2.36189
0.149001 0.0276393 2.7628
0.0424348 0.0562742 2.50714
0.456789 0.048591 3.31769
0.16127 0.0544277 3.37755
-0.344592 -0.0879976 3.88452
0.412927 0.0517716 3.34371
0.883072 -0.00180982 3.76666
0.0898077 -0.219093 4.09661
0.387638 0.0483304 3.3497
0.0609212 -0.207642 4.0044
0.428839 -0.149568 3.63628
0.81034 0.00858899 4.08403
-6.65954e-05 0.039971 3.29773
-0.0469094 0.0369351 3.23229
0.787004 0.0209927 2.88294
0.402979 0.0464995 2.75886
-0.142784 -0.215333 4.26953
0.138007 0.05577 2.4186
0.770083 -0.000784197 2.94912
-0.0995658 0.0433449 2.62444
-0.0966146 0.061697 2.69021
0.774422 -0.00289505 2.94284
0.0907918 0.0554109 2.87414
-0.332812 -0.140854 2.77817
-0.378889 -0.0531541 3.17338
-0.100742 0.0627256 2.70283
-0.110576 0.0335516 2.53745
0.175374 0.0554389 2.3682
0.22333 0.055597 2.25604
0.359771 0.049156 2.38183
0.321861 0.052695 2.45811
-0.378809 -0.0530666 3.1732
-0.202242 -0.00115869 5.69469
0.379014 0.0500124 4.14943
0.278545 0.0520583 4.19601
0.195642 -0.297047 5.26733
0.528987 -0.147974 4.42444
0.20739 0.0577111 4.47712
-0.654518 0.000984026 5.55557
0.447946 0.0453947 3.8309
0.000867446 -0.12454 4.83021
0.714661 0.0250989 2.54055
0.146019 0.0524527 1.56379
-0.514303 -0.0632083 2.11078
-0.45745 -0.1554 2.20134
-0.178575 0.0651075 1.67306
-0.196629 0.0243954 1.93319
0.257718 0.0511931 1.71126
0.25193 0.0531828 1.65439
0.437325 -0.0484215 1.87609
0.68156 -0.0201218 1.96882
0.459586 -0.0375337 1.86208
0.454904 0.0283852 1.76011
-0.0308443 0.0564361 1.95026
0.443514 -0.0453886 1.88254
0.018417 0.0549432 1.81141
0.297761 0.0502045 2.70313
0.384824 0.0489379 2.7248
0.379278 0.0512396 2.79633
0.920949 -0.0117326 4.04324
1.04679 -0.3426 5.84235
0.286617 -0.0371488 6.7264
0.988482 -0.0233827 4.62364
0.600729 0.0439033 3.55285
0.51891 0.0461342 3.49212
0.597492 0.0433924 3.54966
-0.25361 0.0356783 1.71813
-0.408481 -0.159825 1.96745
0.436202 -0.0626314 1.65254
-0.521256 -0.11783 1.81735
0.457556 -0.0109576 1.63626
0.446684 -0.0769888 1.83122
0.447453 -0.018249 1.84461
0.660232 -0.00688672 1.67626
0.680801 0.0137388 1.89432
0.772948 0.00613478 2.93706
-0.209827 -0.397257 3.36315
-0.503472 -0.0577543 2.03514
0.144954 -0.224715 2.69035
0.446306 -0.0253374 1.88
-0.159841 -0.380525 3.37913
1.032 -0.542573 5.54762
-0.172978 -0.243391 3.44564
0.658949 0.0324452 2.13249
0.143275 -0.223689 2.6918
0.277846 0.0524928 1.2252
-0.148755 0.0272146 2.33115
0.336876 -0.211763 3.68505
0.941033 0.0242198 4.17257
0.434175 0.0523629 3.77368
0.49561 0.0441648 3.88336
0.974249 -0.0191392 4.52273
-0.144018 0.047396 5.06416
0.0436195 -0.141587 4.71574
0.485769 0.0455993 3.80841
0.962587 -0.0681874 4.55204
0.347064 0.0501342 3.91774
0.507745 0.0488381 3.73979
0.662154 0.0421695 3.89642
0.508687 0.0488954 3.74088
0.435338 0.0470208 3.69989
0.261047 0.0503487 4.03867
0.454972 0.0474246 3.70965
0.140608 0.0613233 4.05296
0.331294 0.0534886 3.80892
0.159262 0.0543487 3.98556
0.791753 -0.0414054 3.17135
0.80363 0.0189992 3.18429
0.781289 0.00132038 3.02366
0.812255 0.0227922 3.20631
0.533985 0.0390945 2.77003
0.786701 0.0124573 3.03113
0.779747 -0.00775101 3.05505
0.823613 -0.0145787 3.18303
0.475141 0.0435866 3.98885
-0.507851 -0.0147532 5.85598
1.05799 -0.0696805 4.95012
0.234488 0.0556651 4.6048
0.506326 -0.15379 4.38284
1.15736 -0.0830198 5.57327
0.986428 -0.0646709 4.54806
1.02197 -0.0671359 4.53995
-0.142499 -0.214141 4.90669
1.22074 -0.459124 5.95248
0.824785 -0.107997 4.10957
0.236119 -0.211011 5.42918
0.977804 0.0150448 4.40652
1.08186 -0.524217 5.84474
0.38735 -0.170976 4.37876
0.720759 -0.233206 4.09392
0.450557 0.0509975 3.90095
0.0714147 -0.158369 4.29291
0.855767 0.0300413 4.2306
0.556808 0.0439567 3.68718
0.358396 0.0451647 4.02837
0.352211 0.0597413 3.85088
0.870167 -0.0420971 3.65677
0.873888 -0.0421292 3.66135
0.313994 0.051002 3.45973
0.0957506 -0.179881 4.08247
-0.191277 0.0290144 4.79278
0.533463 0.0457438 3.61382
-0.0594493 0.069268 3.64959
0.174692 0.0526064 3.41153
0.746697 -0.199712 4.09569
0.18951 0.0531925 3.56973
0.197549 0.0532786 3.61637
-0.216852 -0.168208 4.34977
0.0175132 0.063087 3.97869
0.723821 -0.192252 4.04529
-0.212401 0.0173917 4.13661
0.0099368 -0.350251 5.33449
0.405224 0.0504381 3.9038
0.531829 0.0430943 4.16213
0.0818978 0.0648177 4.36437
0.0774566 -0.268265 4.83779
1.0916 0.00841458 5.14159
1.10106 0.0177925 5.23897
0.187121 -0.244942 5.22042
-0.0749213 0.0661071 3.26226
0.121198 0.0552481 3.09048
-0.306335 -0.00174082 3.963
-0.269125 0.0165139 3.50594
0.863137 -0.30785 4.18753
-0.375092 0.00359673 3.52154
0.0864341 0.0571227 2.8767
0.0166745 0.0580797 4.31157
0.485509 0.039825 3.31309
0.221379 0.0492177 3.72172
-0.0421471 -0.1631 4.31413
0.537706 0.0517101 3.36265
0.507115 0.0432562 3.42725
0.0964816 0.0625116 3.7828
-0.105429 -0.0624296 3.78792
0.510473 0.0446775 3.43319
0.811003 -0.16015 3.81919
0.235184 0.0527188 3.32843
0.0107856 -0.203666 4.3226
0.982277 0.00442718 4.43308
0.90844 -0.0456004 3.9571
0.611455 0.043851 3.68242
1.22965 -0.0901479 4.67052
0.458587 0.0451708 3.62974
0.0828159 -0.195913 4.32913
0.906648 -0.00477055 3.91873
0.455664 0.0482152 3.31408
0.181451 0.0411152 3.28805
0.777928 -0.183814 4.00803
0.249658 0.0531835 2.87779
0.392679 0.0508232 2.98953
0.341363 0.0514822 2.85363
-0.147043 0.065092 3.22747
-0.341588 -0.0964062 3.89663
-0.162056 -0.0283699 3.38038
0.33695 0.049038 3.01352
0.31654 0.0523592 2.93578
0.328271 0.0500491 2.95742
0.800013 -0.00259791 3.20216
0.794994 -0.0342789 3.50296
-0.078057 0.0671455 3.17469
0.00750287 0.0296798 3.43784
0.0349081 0.0627245 3.43266
0.351679 0.0653384 3.11368
-0.171275 -0.148676 4.15416
0.00426988 0.0306772 3.45572
-0.0582694 -0.156739 3.45421
0.314543 0.0513547 2.92998
2.97102 -0.814968 6.52636
0.283905 -0.206124 3.66658
0.748365 -0.231382 3.97084
-0.0816049 0.0457038 2.72456
1.6717 -0.200825 4.75731
0.347513 -0.154947 3.17373
2.43724 -0.698288 6.5993
-0.329071 0.0177624 3.13087
0.72362 0.00684247 2.9234
-0.273333 -0.153932 2.83348
0.0809153 0.056733 1.987
0.0666435 0.0575014 1.87287
0.223368 0.0542731 2.00835
-0.233945 0.0339149 2.14762
-0.288735 -0.125421 3.31381
0.0279077 0.0527518 2.30729
1.02393 -0.381354 4.02359
-0.0734418 -0.423777 3.41243
-0.181059 -0.257095 3.34248
0.450117 0.0275887 1.85884
-0.111789 -0.201466 3.64595
-0.280428 -0.402067 3.39109
-0.147332 -0.213046 4.26317
0.854715 -0.0794278 5.0091
-0.035437 -0.219559 2.71159
0.0367787 0.0157958 2.34877
0.659494 0.00587205 1.62813
0.343386 0.0468931 1.22513
0.337986 0.0473207 1.27577
0.418226 -0.122972 1.5086
0.228069 0.0516132 1.20322
-0.457737 -0.00787344 1.77338
-0.190696 0.06494 1.24691
-0.261557 0.0405896 1.45722
-0.000963307 0.0593699 1.2293
0.169655 0.0578712 1.24001
-0.200006 0.0652125 1.40307
-0.00041736 0.0592324 1.22735
0.643875 -0.0539301 1.70621
-0.523535 -0.119932 1.81874
-0.179157 0.072919 1.40787
0.772583 -0.000224478 2.90382
0.774885 0.0183438 3.00236
0.764648 0.0200884 2.93537
0.770177 0.0185129 2.99986
0.495821 0.0430243 2.53666
0.783172 -0.024574 3.09495
0.392857 0.0428831 2.80131
0.818636 -0.0396064 3.32113
0.785218 0.0192325 3.23893
0.820271 -0.00169532 3.33128
0.118432 0.0558719 3.00756
0.121863 0.0547897 3.085
-0.135375 -0.15477 4.25438
0.821532 -0.00226945 3.33657
0.780014 0.0184569 3.09866
0.801299 -0.00281307 3.20372
0.806335 -0.0385788 3.30544
0.995421 -0.411254 5.89495
0.416511 -0.183596 4.35065
0.98784 -0.326939 6.19666
1.54351 0.0321246 7.50731
2.87222 0.0727132 12.4912
0.424027 0.0471801 2.83744
0.16712 -0.226642 2.67804
0.664377 0.00506005 1.74353
-0.459859 -0.162003 3.08914
0.0192386 0.0592207 1.44376
0.030643 0.0568504 1.55178
0.463228 0.00428887 1.83679
-0.143638 -0.269621 3.42305
-0.0750474 0.0564082 2.6975
-0.190371 0.0219113 2.24776
0.090269 0.0607755 2.11824
0.857365 -0.0479352 3.85935
-0.130152 0.0249213 2.59329
0.927426 -0.503643 4.58354
1.10638 -0.150568 5.26709
-0.0832917 -0.123237 4.07522
0.390673 0.0351696 4.14939
-0.568614 0.610509 8.08132
-1.3928 0.53933 6.62303
-1.39248 0.539832 6.62418
0.781926 -0.0313801 3.09355
0.792102 -0.0296155 3.10631
0.472039 0.0471517 2.61002
0.777153 -0.00242288 3.0588
0.812083 0.0156333 2.96931
0.0909458 0.0554188 2.87069
0.151406 0.0586184 2.53333
0.768877 -0.00290155 2.92201
0.752383 -0.0488647 2.85639
0.755237 -0.00739823 2.79683
0.771486 -0.0301827 3.07703
0.251302 0.0512894 3.99194
-0.262396 0.047316 4.9959
0.10914 0.0573238 3.71578
0.264724 0.0516595 3.6625
0.991439 0.0186274 4.498
0.642335 -0.0444246 1.65419
0.669841 0.0143296 1.79576
0.66106 0.0212213 1.71819
0.65284 0.00534922 1.73045
0.685512 0.0143903 1.81466
0.328476 0.0465998 1.53744
-0.413312 -0.0415014 2.1617
0.442526 -0.064323 1.85149
0.33055 0.0523329 2.18411
0.342979 0.0497684 1.56524
0.810873 -0.0251255 3.2734
0.910073 -0.517509 4.21843
-0.290161 -0.305182 2.78076
-0.121752 0.0256645 2.4533
0.937292 -0.46374 4.84463
-0.211276 0.0255944 1.88438
1.02231 -0.44481 4.0304
0.0337321 -0.000223136 1.30998
0.853576 -0.499416 4.17981
-0.210002 0.0665965 3.22032
0.369172 0.0513637 2.65882
0.336466 0.0593952 2.67555
-0.0909613 0.127799 2.89424
-0.190377 0.0660143 3.20412
-0.209647 0.0665872 3.21865
-0.0807681 0.0600861 2.71358
0.0528085 0.0575255 2.58435
0.775046 0.00105468 2.99434
0.77587 0.00140496 2.99538
0.766245 0.0199114 2.96798
0.770215 -0.00092065 2.90081
0.770519 -0.00541425 2.95004
1.30931 -0.351494 4.18855
1.01597 -0.322148 4.02516
-0.196707 0.0615387 3.19812
-0.376596 0.00163929 3.61945
0.0924808 0.0547477 2.8691
-0.00786423 0.0623155 2.98255
0.0808815 0.0516198 2.69262
0.414434 0.0491344 3.65323
0.514751 0.0432394 3.43089
0.134197 -0.260718 4.77999
-0.244371 0.0199869 4.16015
0.757376 -0.161388 3.93628
-0.160144 -0.113177 5.45297
-0.329961 -0.139843 2.7734
0.876204 -0.187774 3.84622
0.136946 0.0543201 2.40277
0.671869 -0.0650457 3.51481
0.993804 -0.370685 3.94988
0.883775 -0.0272415 3.77663
0.750004 0.0119089 2.68926
0.763863 0.0144607 2.81341
0.72555 0.0204422 2.80602
1.06156 -0.0333527 4.94889
0.357717 -0.153486 3.17167
1.2104 0.013877 6.55789
0.113493 0.00894893 3.56963
0.869963 -0.230209 3.86166
-0.381755 -0.0528275 3.17848
0.0545298 0.0550517 2.56014
0.380294 0.047282 2.54164
0.15157 0.0551322 2.50473
0.13751 0.0552151 2.41035
1.03509 -0.331372 4.06505
0.136945 0.0546658 2.40625
0.151016 0.0541089 2.49626
0.333614 0.0504297 2.73659
1.05906 -0.324717 4.01467
-0.268678 0.015959 3.55789
-0.0633721 0.0480947 3.28952
-0.159582 0.0255204 2.7307
0.0530381 0.0575169 2.58729
0.0335055 -0.197555 3.85847
0.358716 -0.155483 3.18032
0.358747 0.0499529 2.33178
1.15016 -0.314451 4.09925
0.292443 0.0549766 2.51215
0.334014 0.0412345 2.34668
0.207542 0.0548959 2.93557
0.386877 0.0392714 2.40908
0.775102 0.0204663 2.94313
0.77066 0.0207011 2.93885
0.099684 0.0581794 2.9754
0.198355 0.0507588 2.84054
0.807204 0.0157017 3.44909
-0.180179 0.0747872 3.23897
0.196524 0.0486386 2.8156
0.0690626 0.0550905 2.68975
0.0100953 0.0600604 3.46194
3.60012 -0.77251 7.53242
0.323484 0.0490191 2.9942
2.65919 -0.624723 5.81884
-0.0596227 0.0631756 3.28747
1.21362 0.0535152 4.06147
0.334341 0.0527356 3.04468
0.211099 0.0555861 2.96017
0.799632 -0.0371174 3.19499
0.793486 -0.383038 4.15092
2.82298 -0.604652 5.96026
-0.016199 0.0328148 3.30174
0.33012 0.0519489 3.79865
0.707954 0.038716 4.01163
0.449014 0.047172 3.80067
1.34354 -0.0975218 4.81741
0.260949 0.0508812 4.04788
0.544055 0.0460748 3.8333
0.136987 0.0605337 4.00351
-0.236402 -0.0811961 4.66684
-0.240315 -0.082289 4.67611
1.16031 -0.0574166 5.51842
1.1168 -0.27422 5.66735
0.381785 -0.16129 4.33172
1.03943 -0.0407415 5.53313
1.19921 -0.462817 6.05186
1.017 -0.0525449 5.28221
2.43813 0.645498 6.76505
0.471593 0.0463605 3.17159
0.549847 0.0449908 3.23681
0.471387 0.0464481 3.1717
0.823222 0.022387 3.40147
0.840516 -0.00385237 3.44531
0.521881 0.0454378 3.31866
1.05684 0.12898 3.83592
1.10374 -0.31758 6.13538
1.17225 -0.342222 6.33458
0.776557 -0.204484 3.91574
0.814898 -0.0415875 3.32042
0.508203 0.0465595 2.99714
0.724917 0.0291127 3.19133
0.85186 0.0166637 3.5173
0.547881 0.0447385 3.23439
0.590437 0.0411351 3.25763
0.542424 0.0439291 3.22742
0.838363 -0.0109383 3.39873
0.839227 -0.0147812 3.43326
-0.000427568 0.0132295 3.32864
-0.0116902 0.0291405 3.33913
0.559453 0.045229 3.95834
0.486582 0.0448436 4.01293
0.460137 0.0512815 3.98335
0.560754 0.045014 3.95993
0.561951 0.0470123 4.08416
0.4545 0.0534248 3.91177
0.145485 0.0544868 1.6952
0.752473 0.0206315 2.61368
-0.0671317 0.056486 1.61909
0.00514267 0.0587328 1.55051
-0.194345 0.0235008 1.92289
-0.0375967 0.0468788 1.65608
-0.0627455 0.0545349 1.6049
-0.42659 -0.163546 2.3769
-0.179154 0.0654853 1.67419
1.48876 -0.153638 4.80074
1.186 -0.458318 6.01704
0.592655 -0.0362636 8.57239
0.681447 0.0407992 4.11703
1.02558 -0.46315 5.96698
-0.279522 0.0713338 4.7806
1.1952 -0.0578519 5.83709
0.632008 0.0435574 3.80593
-0.0147926 -0.120967 4.2014
0.0264098 0.0645969 4.02746
0.0505683 -0.16759 4.31502
0.27989 0.0519334 3.70255
0.247771 0.0529856 4.00959
0.460524 0.0479195 3.79517
0.529092 0.0447286 3.85112
0.789317 -0.156672 4.20509
0.961817 -0.0376511 4.30126
0.264371 0.0521758 3.84066
0.496496 0.0499347 3.6701
0.443999 0.0462508 3.66819
0.494721 0.049348 3.66692
0.652978 0.043271 3.87448
0.229118 0.053605 3.83023
0.134107 0.0592126 3.9427
0.950938 -0.0456965 4.20721
0.940819 -0.0131525 4.14303
0.945988 -0.040054 4.27119
1.05509 -0.0463636 4.41415
0.994214 -0.00861873 4.25064
0.145225 0.0597252 4.03473
0.415902 0.0309828 4.28982
0.237319 -0.150302 5.07388
1.04533 -0.423538 6.02678
1.30989 -0.377561 5.70403
0.989071 -0.0209514 4.54813
0.416461 0.049741 4.41783
0.340137 0.0327115 4.28034
0.949384 -0.0412799 4.21406
1.34208 -0.134674 4.7439
0.964823 0.00340411 4.37201
0.551307 0.0437859 3.64244
0.543086 0.0442621 3.60876
0.523317 0.0294439 3.5753
0.621195 0.0442145 3.72231
0.335624 0.0502895 2.14162
0.0548913 0.0567646 1.77217
-0.0351714 0.0571401 1.93931
0.0548859 0.0563161 1.76604
0.7201 0.0115568 2.40764
-0.400305 -0.119714 2.60112
0.160167 0.0572647 1.79677
0.721824 0.0126379 2.41026
0.762619 0.00195443 2.82799
-0.0158001 -0.365932 3.73974
-0.129096 0.0215876 2.60643
0.75069 0.0145183 2.6329
-0.418201 -0.188314 2.83713
-0.322351 -0.0119275 2.85155
-0.184024 0.0355041 2.51971
0.717556 0.0216561 2.42234
-0.457071 0.00231893 2.47862
-0.304711 -0.226099 2.79315
-0.0467784 0.058433 1.81754
-0.0211242 0.058443 2.02354
0.0544821 0.0558729 1.7626
0.421794 0.0466786 2.09212
-0.416893 -0.187334 2.83359
0.43779 -0.131638 1.8971
0.454961 -0.0840206 1.89028
0.145963 0.0515962 1.60715
-0.20801 0.0125202 1.75301
-0.0584234 0.0587486 1.77069
0.271014 0.0548421 1.74436
0.426743 -0.00185195 1.85435
0.373566 0.0482879 1.68161
0.482187 0.0168425 1.78033
0.0412637 0.0573944 1.64829
0.941345 -0.457962 4.08332
0.435833 -0.0766654 1.8488
0.425366 0.0402101 1.77514
0.415574 0.0394557 1.76242
0.874127 0.00947489 3.86094
0.354585 0.0496812 3.30248
0.196821 -0.266356 5.20879
-0.322637 -0.0198502 3.90586
0.483597 -0.159367 4.1952
1.25922 -0.606584 5.86405
0.16907 -0.151203 5.09299
0.424349 -0.158851 4.41853
0.546459 0.0451517 3.6844
0.0326888 0.0582991 4.26679
2.67958 -0.383239 5.0174
0.885533 0.0198896 3.77901
0.0989313 0.0538979 2.92126
1.7488 -0.157008 4.71703
0.072403 -0.217562 4.12232
0.876963 -0.00267671 3.72723
2.52166 -0.285343 4.70952
2.05512 -0.309225 4.67012
0.88448 0.00795166 3.99707
0.362525 0.0485459 2.97495
0.329833 0.0502404 3.03058
0.239142 0.0551686 3.1629
-0.0305994 0.0309713 3.30021
0.511118 0.0483134 3.388
0.0392092 0.0618604 3.42641
1.09572 -0.591325 5.91716
1.01364 -0.319335 6.07659
1.17274 -0.550949 5.95759
0.00989113 0.0969246 3.07391
1.52652 0.0336906 7.18734
-0.252287 0.00829981 1.77913
-0.182611 0.0641785 1.60016
-0.0739461 0.0582592 1.55236
0.423417 0.0401301 1.77274
0.379121 0.048845 1.71831
0.446424 0.0105354 1.84206
0.00562315 0.0582589 1.54837
0.136742 0.0542258 1.50707
0.430163 -0.0054459 1.83549
0.43993 0.0312544 1.6141
0.0310938 0.0541215 1.53658
0.444335 -0.0358372 1.84125
0.564904 -0.131547 1.95941
0.45889 0.0278642 1.85308
0.397574 0.0468376 3.38599
0.4608 0.0254424 3.40014
-0.199366 -0.133709 3.98714
0.174565 0.0543988 3.45895
0.560299 0.0450185 3.57845
0.429685 0.0435609 3.41842
0.417844 0.0485969 3.39675
0.419866 0.0488415 3.4003
0.177191 0.0532177 3.45088
0.397522 0.0475826 3.43915
0.15665 0.0327661 3.35459
-0.0145119 0.0302715 3.34241
0.15463 0.0504819 3.23107
0.239839 0.0531311 3.15328
-0.262941 -0.138075 3.98146
-0.0506996 0.0322505 3.31102
0.1513 0.0538688 3.26032
0.504093 0.0449082 3.30697
0.740682 -0.190713 3.97785
0.494755 -0.159923 4.20687
0.948534 -0.0365746 4.21249
0.319413 0.051178 3.71861
0.435838 0.0490228 3.34529
0.287297 0.0512249 3.49348
-0.323884 -0.0213994 3.90634
0.931098 -0.164285 4.1717
1.61487 -0.126274 4.71854
0.756161 -0.160824 3.94274
0.755656 -0.160246 3.94272
0.102877 -0.223542 4.45452
0.438398 0.0496445 3.35208
0.967638 -0.0323981 4.60389
1.58947 -0.144834 4.51996
1.7273 -0.161982 4.69332
0.437456 0.0496297 3.35096
0.768388 -0.212942 3.93925
0.919472 -0.0307182 4.02131
0.45327 0.0477911 3.31082
0.874148 -0.187566 3.84282
0.243519 0.0513077 2.98608
0.00850765 0.0306204 3.44098
0.0135524 0.0581998 3.41588
0.160459 0.0551361 3.38532
0.124247 0.0570294 3.1518
0.0230802 0.0593969 3.12903
0.62925 0.0385259 3.50545
0.383001 0.0525794 2.92319
0.667181 0.0286533 3.50898
0.499053 0.0450974 3.25147
0.238146 0.0518507 3.13864
0.0538573 -0.23879 4.0478
0.0507385 0.0608408 3.37516
-0.0393137 0.0643854 3.60752
0.503772 0.0479005 3.35865
0.155091 0.0626982 3.48439
1.42155 -0.0236703 4.32663
1.42497 -0.0157889 4.33357
-0.155618 -0.17652 4.3523
1.15747 -0.385549 5.93401
1.11032 -0.561932 5.90525
1.18694 -0.0415651 5.82918
0.607117 0.0417443 3.35046
0.543997 0.0452696 3.24196
0.515788 0.0515628 3.36595
0.551685 0.0586845 3.39912
0.504984 0.050463 3.34433
0.454589 0.0480907 3.31298
0.410767 0.0486485 3.27999
0.360662 0.0497585 3.2782
1.13902 -0.0416068 5.35429
1.05083 -0.504095 5.98895
1.21726 -0.0103489 4.06467
1.60118 -0.207487 6.04676
-0.257996 -0.179386 4.71009
0.169254 0.0532643 3.41467
-0.295336 -0.174564 3.88815
0.916922 -0.0317671 4.01629
0.197865 0.0535099 3.6144
0.0757799 0.0583109 3.5025
0.257865 0.0529304 3.29743
0.799794 0.0219601 3.18902
0.827457 -0.0421354 3.33459
0.797318 -0.00914753 3.17347
0.874852 -0.0381597 3.7037
0.12775 0.0547913 3.13174
0.815669 -0.0346221 3.24221
0.713517 0.0285457 3.17887
0.71477 0.0272089 3.18146
-0.0886243 -0.361655 5.69128
1.24037 0.149953 4.43378
0.200462 -0.290808 5.23161
0.531147 -0.145693 4.42407
1.49597 -0.525598 6.2985
0.125333 -0.194625 4.85765
0.107421 0.0599023 4.39202
0.5273 -0.0549231 4.35204
-0.474483 -0.122915 2.23506
-0.0902322 0.0756087 1.85024
-0.463409 -0.120099 2.21436
-0.168923 0.0603494 1.59992
0.17969 0.052052 1.67532
0.382618 0.0474649 1.78099
0.472945 0.0162514 1.76956
0.445118 -0.0301314 1.83868
-0.44997 -0.0591693 2.49918
0.327511 0.0518194 2.18237
-0.199516 0.0507757 1.82384
-0.0360672 0.0577269 1.93787
0.724301 0.0164249 2.53771
0.423226 -0.159672 2.0803
0.221832 0.0567873 1.71703
-0.189769 0.0501168 2.43627
0.757628 -0.000539353 2.79427
0.336455 0.0503021 2.13856
-0.152127 -0.294089 3.51734
0.784475 -0.0682669 2.96382
-0.444006 -0.187262 2.9565
-0.212399 0.0142033 1.75318
-0.203702 0.0118255 1.73526
-0.538385 -0.219585 3.29777
0.259924 -0.147357 2.12524
-0.350793 -0.217955 2.77306
0.178685 0.0588973 1.90669
-0.425269 -0.169151 2.87844
0.0414467 0.0580672 1.6547
0.41972 -0.168198 2.29675
-0.516336 0.00341131 2.08256
-0.198651 0.0550905 1.81768
0.111197 0.0578147 1.56337
0.44246 -0.0285272 1.87473
0.436514 -0.0484539 1.87439
0.429818 -0.13637 1.90422
-0.460019 -0.118241 2.21148
-0.210732 0.0351565 1.72638
0.0429001 0.0583851 1.65949
0.424975 -0.162991 2.10863
0.425631 0.0452591 2.07597
0.692006 -0.0202925 1.98273
0.69156 0.0251408 1.99325
0.482786 -0.0251792 1.77123
0.42413 0.0407905 1.77381
0.0395692 0.0581869 1.64527
-0.311864 -0.0120336 2.57722
1.07154 -0.0654899 5.18428
5.30497 1.20286 8.69071
1.02769 -0.472037 5.99965
0.282992 -0.0395795 6.8734
1.11245 -0.49747 5.91377
0.437077 0.049498 3.34927
0.497922 0.0458262 3.36417
0.152181 0.0537927 3.25961
3.22405 -0.696005 5.56527
1.97143 -0.408943 4.83011
2.06183 -0.214759 4.7577
0.283302 0.038013 3.978
0.189573 0.0578221 3.65075
0.782046 -0.115856 4.16973
1.10788 -0.207409 5.40762
0.632885 0.0739585 3.53677
0.917069 0.0137366 4.09286
1.28501 -0.565721 5.81122
0.098245 0.0628799 4.45122
1.52108 -0.0519714 4.50911
1.08214 -0.259458 5.26714
1.04213 0.0108364 4.94363
0.631605 0.03976 3.50674
0.596905 0.0403236 3.52411
0.664156 -0.0470973 3.50278
0.56853 0.0456687 3.41172
0.668383 -0.0476961 3.50718
0.374577 0.0319861 4.01311
1.08741 -0.332191 5.95888
2.23199 -0.485483 18.2999
0.477529 0.0456729 4.79054
0.0591629 0.0503948 3.85861
0.950796 -0.0347182 4.2157
9.32079 1.64949 11.8788
-0.494782 0.40283 4.84484
17.2404 2.29251 21.6394
1.48314 -0.170509 8.93015
-0.618566 0.0805226 6.36508
0.437312 0.0499465 3.30315
0.140417 0.0545417 3.21069
0.5229 0.0455564 3.32035
0.00951597 0.0276219 3.43392
0.151232 0.0548877 3.26647
0.241663 0.0536024 3.16063
0.845546 -0.0294188 3.51529
0.85392 -0.0406586 3.51836
0.415229 0.047318 3.3607
0.227229 0.0517223 3.22383
-0.00092549 0.0593461 3.54088
0.48877 0.0463178 3.31729
0.854923 -0.0416708 3.6092
0.873477 -0.0425736 3.62798
0.491141 0.0487369 3.65399
0.833269 -0.172027 3.83174
2.12159 -0.247687 4.85103
1.15711 -0.080688 4.69137
0.478389 0.0412415 3.32645
0.915117 0.015551 4.02667
0.0786348 -0.247471 4.67059
0.326633 0.0506688 3.32795
0.4825 0.045592 3.24122
0.865165 -0.0216057 3.60285
0.86003 -0.0412852 3.62242
0.856982 -0.0215786 3.59629
0.237323 0.0575729 3.36002
0.285536 0.0492637 3.47013
0.0117304 0.0305945 3.43562
0.0926628 -0.2018 4.13274
0.183365 0.05347 3.50322
0.95277 -0.0247764 4.25373
0.560959 0.0449886 3.57966
0.367631 0.0528251 3.29097
1.03715 -0.457277 5.81809
0.691996 -0.835849 13.0068
1.82692 0.0499672 10.3071
3.57746 -0.769803 6.81509
0.0156648 0.0573583 3.40945
0.0384627 0.0494411 3.46922
0.369147 0.0508483 3.31268
0.395232 0.0515398 3.3485
2.04905 -0.433306 4.86349
0.450005 0.0458966 3.83523
-0.222915 -0.0998437 4.75211
0.627261 0.0410695 4.16308
-0.0424743 0.0122482 4.10055
1.14587 -0.152855 5.31008
0.141017 -0.186848 5.24507
1.12473 -0.205947 5.16498
1.08425 -0.144175 5.4232
0.922598 0.0122404 4.0682
1.16075 -0.147087 5.79592
0.488058 0.0481227 4.26054
0.0137552 -0.185503 4.75935
0.0335652 0.0661495 4.36883
0.965928 -0.0672802 4.55046
1.12203 -0.258174 5.14231
1.3644 -0.468295 5.97698
0.00333822 -0.118438 4.99804
0.500138 0.0486121 3.65234
0.045186 -0.188996 4.90992
1.30892 -0.132912 4.75467
0.957787 -0.0155527 4.28416
0.54881 0.0442415 3.62634
0.944179 -0.0406487 4.1735
0.910406 -0.0361232 3.97636
0.542236 0.0443311 3.58987
0.908492 -0.0438017 3.95812
0.454293 0.046863 3.89845
0.681645 0.0410111 4.11813
0.397706 0.0476471 3.4392
0.473043 0.0490196 3.37235
0.426133 0.0514918 3.36823
0.31974 0.0540253 3.37514
0.674319 -0.0479275 3.51403
0.631377 0.0383855 3.52182
0.588634 0.0448957 3.40777
0.8382 -0.00307763 3.44226
0.432085 -0.159439 3.69707
0.0574447 -0.238531 4.03126
0.32925 0.0508753 4.51625
0.617534 -0.0419023 9.01522
0.102007 -0.0118143 7.02138
1.43256 0.0369849 7.11518
1.83238 0.385021 4.30037
0.809999 -0.00269064 3.21371
0.817088 -0.0422354 3.27469
0.427292 0.048584 2.89564
0.505865 0.0478704 2.91758
0.78435 0.0193749 3.24262
0.545442 0.0419113 2.94412
2.60242 -0.474881 5.46849
0.813798 -0.0105862 3.26621
0.0118566 -0.184479 4.22928
-0.276749 -0.171605 4.14897
-0.201274 -0.130418 3.94512
0.000921757 -0.191621 4.26027
0.166934 0.0538136 3.07237
0.47517 0.0468051 3.40895
-0.00230365 -0.194087 4.26694
0.0882373 -0.22485 4.18526
-0.0121195 0.032379 3.31092
0.826328 -0.165197 3.86456
-0.156076 -0.028192 3.36581
-0.317512 -0.0879183 3.95427
-0.257546 0.0205159 3.5378
0.852476 -0.0217341 3.58793
2.25106 -0.258058 4.67239
0.441945 0.0498293 2.95315
0.437571 0.0499553 3.30249
0.457559 0.0498313 3.3588
0.421497 0.0497069 3.35953
0.474191 0.0466919 3.40678
0.846686 0.0242625 4.23057
-0.0799347 -0.0521615 3.74384
1.09753 -0.0868291 5.27022
0.556654 0.0884082 4.26563
1.06917 -0.505918 5.9414
1.01827 -0.318822 6.12292
0.384967 0.0513014 3.69376
0.846835 -0.114538 4.13842
0.44204 0.0448566 3.7582
0.977218 0.00480877 4.42679
0.0944755 0.0603931 4.31313
0.0985717 0.0607727 3.92841
0.986777 -0.0225433 4.54938
0.492857 0.0438147 3.86873
0.998383 -0.0646696 4.50286
0.912432 -0.00585239 4.03805
0.840745 0.0283156 4.9589
1.1488 -0.00684767 5.50369
1.08111 -0.192561 5.45479
0.81107 -0.0109434 3.26595
0.448656 0.047818 3.00524
-0.062834 0.0393187 3.29211
0.387858 0.0503779 2.96338
0.789317 -0.00970265 3.16604
0.815572 -0.0025127 3.32786
0.520226 0.0483448 3.35703
0.228265 0.0515119 3.07197
1.65836 -0.204466 4.75127
0.951122 0.0230917 4.27093
0.966287 -0.0325969 4.35233
0.609614 0.0402952 4.15772
0.141592 0.0586937 3.99213
-0.154157 -0.156944 4.7937
1.45395 -0.148939 4.76802
-0.229397 0.0318132 5.03292
-0.0695144 -0.163044 4.85191
0.0697326 0.0676438 4.38619
1.00108 -0.0630973 4.49028
0.76758 0.00697763 2.87487
0.767601 0.0217633 2.86071
-0.0102993 0.0503725 4.69187
0.0282597 0.0367237 4.97769
-0.00976825 0.0503284 4.697
0.0565755 -0.264817 4.84701
0.962554 -0.0411362 4.29097
0.941133 -0.0134571 4.06698
-0.0400376 -0.196175 4.64547
-0.144646 -0.102476 4.92615
0.204777 0.0530462 3.68153
0.983568 0.0151674 4.41609
1.16237 -0.226911 5.14232
1.04228 -0.0275646 4.89755
0.61922 0.0436068 3.65369
0.499561 0.046276 3.36687
0.539946 0.0434271 3.60451
0.599004 0.0436954 3.55152
0.844636 -0.0292316 3.5145
0.269548 0.0521379 3.36726
0.0770492 0.0578331 3.50003
-0.291444 -0.173605 3.88252
0.269966 0.0521884 3.36947
0.885281 -0.000903999 3.76993
0.862515 -0.0398987 3.58713
0.858017 0.00219004 3.51938
0.493318 0.0442687 3.24385
0.482374 0.0456336 3.24164
0.0110249 0.0262606 3.41064
-0.023269 0.0285131 3.38162
0.950214 -0.0404486 4.28919
0.362882 0.0517063 3.75383
0.321905 0.04854 3.71527
1.05932 0.0185507 4.98059
0.622616 0.0412557 4.12988
1.10218 -0.0421015 5.20149
1.13029 -0.504721 5.96705
1.09598 -0.136209 5.41291
0.0101804 0.0263995 3.41196
0.141294 0.0538919 3.20903
0.233609 0.0520939 3.20353
0.241523 0.05406 3.16333
0.9724 0.0145503 4.39958
0.975112 0.00417424 4.42293
0.944938 -0.0139171 4.25107
0.956348 -0.0199624 4.28314
0.00731402 0.0648101 4.64052
0.27999 0.0511633 4.18047
0.264515 0.0535886 4.10999
0.486864 0.0461055 4.00104
0.56636 0.0416087 3.38189
-0.267618 -0.138842 3.98976
0.480474 0.0469293 3.25647
0.522965 0.0457788 3.32
0.603472 0.0407727 3.34667
0.614381 0.0406403 3.36722
0.50656 0.0463366 3.24383
0.251474 0.0533978 2.22793
-0.236338 0.0347189 2.15166
0.459086 0.0432723 2.2939
0.124528 0.055038 2.14347
0.0246868 0.0559111 2.35821
-0.193475 -0.299976 3.24849
2.4402 -0.462722 5.16275
0.310512 0.0514934 2.89971
0.895715 -0.00347971 3.89774
0.0765651 -0.283375 4.7018
-0.0632088 0.0480255 3.28931
0.0957971 -0.255009 3.74553
-0.383336 -0.106436 3.48928
-0.0974078 0.0433688 2.74978
-0.016105 0.0611256 2.87094
2.53613 -0.501491 5.4221
0.423684 0.0502068 2.81296
-0.373747 -0.202839 3.33988
1.68344 -0.463575 4.82792
0.177867 0.0524985 2.69536
2.47 -0.513968 5.33517
0.334669 0.0509892 2.73874
0.104572 0.0557206 2.963
0.26646 0.052971 2.58324
0.771139 0.00239602 2.9892
0.386273 0.0493968 2.72572
-0.363842 0.0020112 3.59616
-0.432209 -0.117724 3.63528
0.0800697 0.0528922 2.71085
0.130755 0.0576373 2.57222
-0.364944 0.00182226 3.59953
0.273936 0.0514777 2.61773
0.405899 0.0482662 2.73887
-0.389608 0.00357669 3.55086
0.0445022 0.0583528 2.54468
-0.169318 0.0439939 2.76887
0.336347 0.0513715 2.66384
0.0289222 0.0589135 2.43467
0.780797 -0.0371984 3.10026
0.752418 0.0138186 2.76422
-0.00500506 0.0844307 2.68629
0.760464 0.00848388 2.83736
0.757423 -0.00106973 2.79444
-0.488266 -0.166777 3.53074
-0.41036 -0.0343803 3.17191
0.388534 0.0504732 2.96442
0.0638589 0.0753278 3.05977
-0.0950081 0.0652392 3.25066
0.349787 0.0499272 2.97497
0.359055 0.0498483 2.97082
0.335498 0.0492288 2.94532
-0.0326131 0.0633567 3.15357
-0.0360087 0.0310016 3.3085
0.754342 0.0290719 3.17102
-0.00178429 0.0417179 3.29941
-0.0579601 0.0337009 3.32369
-0.013039 0.0625831 3.10566
0.106699 -0.176773 5.02053
0.951179 -0.0137907 4.25595
0.399491 -0.185813 4.35145
0.718649 -0.00409365 2.25923
0.778627 -0.0661443 2.47631
0.0930868 0.0593045 2.09411
0.784222 -0.00019101 2.85986
0.109271 0.0541139 2.18847
-0.157147 0.0611886 2.17781
0.109703 0.0560487 2.2019
-0.407429 -0.110361 3.50019
-0.124065 0.0665909 2.11825
-0.153354 0.060147 2.17005
0.586588 0.0422957 3.50569
0.542763 0.0445309 3.67526
0.783132 -0.114332 4.17635
0.495767 0.0478086 3.64198
-0.0148043 -0.175848 4.39019
0.491224 0.0487567 3.65453
0.773836 -0.153721 4.14895
0.738172 -0.150317 4.02693
0.113048 -0.201153 4.13733
0.288752 0.0565321 3.53507
0.502145 0.0464838 3.39822
0.44096 0.0492511 3.32302
0.157664 0.0544793 3.32266
0.05671 0.0586569 3.36295
0.148053 0.0551789 3.25598
-0.318351 -0.0879037 3.95844
0.905927 -0.0114205 3.91508
1.98403 -0.279529 4.70424
0.407512 0.0502642 3.33144
0.0756436 0.0585781 3.50512
0.498793 0.0451138 3.25024
0.845728 0.0158307 3.50719
0.978753 0.00815792 4.47797
0.398799 0.0484553 3.35007
0.399651 0.048489 3.35226
0.993239 -0.0118934 4.4805
0.316538 0.0506222 3.69831
0.93198 -0.0132682 4.1549
0.932719 0.0138376 4.11741
0.281549 0.0509915 4.20303
1.11599 -0.150724 5.13143
0.35485 0.0461444 3.95235
-0.0161521 0.0646428 3.63058
0.12006 0.0735012 3.38566
-0.0665884 -0.209632 4.04654
0.230755 0.0465712 3.52583
0.270859 0.0534912 3.37898
0.960757 -0.0563815 4.53651
-0.107863 -0.157755 4.89362
-0.039081 0.0517397 2.28788
-0.0212162 0.0582473 2.01925
0.752054 0.0243169 2.67186
0.432011 0.0444339 2.09872
0.718113 0.00274108 2.42995
0.719036 0.012666 2.43375
0.719597 0.0117804 2.43501
0.434248 0.0447914 2.10048
0.442658 0.0410278 2.08026
0.328921 0.0492444 2.12148
0.713191 -0.0526928 2.56049
0.723969 0.0131346 2.41234
0.0832582 0.0551734 1.98722
1.09252 -0.00660446 3.82802
-0.295261 -0.195829 2.93465
-0.140131 -0.263968 3.6059
-0.0209975 0.0589351 2.02676
0.421443 0.0466799 2.09125
0.0793356 0.000289763 2.49796
-0.308589 -0.307977 3.29741
-0.30543 -0.228175 2.7944
0.694625 -0.0518143 2.53849
0.701318 -0.0656614 2.42656
-0.218789 -0.269088 3.28742
0.92665 -0.0106417 4.03444
0.51745 0.045961 3.49027
0.561626 0.0447976 3.57536
1.00192 -0.162503 4.0623
0.500189 0.0664869 3.83704
0.936105 -0.0395284 4.16331
-0.334394 -0.150339 4.41993
0.224655 0.0548378 3.8364
3.06019 -0.649749 5.74497
1.80463 -0.452679 5.43959
0.847419 0.0212987 3.51698
0.997171 -0.416752 4.08033
0.851681 0.0220068 3.52644
0.264725 0.053598 2.59238
0.949986 -0.349457 4.33203
0.839906 -0.363903 4.04726
-0.346061 -0.00438972 2.55739
0.265114 0.0534814 2.59509
0.83977 -0.361614 4.04294
1.70744 -0.205826 4.82817
2.77301 -0.703413 6.46237
0.285704 -0.207679 3.67081
0.075518 -0.337338 3.82388
0.722469 -0.38982 3.92604
-0.426931 -0.158345 2.87141
0.082059 0.0561998 1.98702
-0.299567 -0.155749 2.94683
0.736178 -0.06348 2.52345
0.223923 0.0533423 2.16499
0.680509 -0.052809 2.51641
-0.107305 0.0346356 2.53214
-0.38791 -0.0812813 2.77901
-0.184664 0.0461868 2.04636
0.710141 -0.00294242 2.24632
0.41673 0.0473927 2.02303
0.699488 -0.00307429 2.23478
0.704874 -0.0028227 2.24072
0.704887 -0.00318093 2.24013
0.755616 0.00739366 2.41272
0.729964 -0.0737556 2.38545
0.235336 0.0565383 2.20868
0.140939 -0.218817 2.6658
0.953048 -0.461668 4.1153
0.756918 -0.00113016 2.79308
0.766624 0.0137781 2.72722
0.0528557 -0.302567 3.71434
1.03112 -0.0483709 4.15081
0.0854405 -0.268677 3.77973
1.33177 -0.134826 4.74193
0.1747 0.0566354 1.91542
-0.131017 -0.319124 3.38876
-0.114773 0.0189663 2.53651
-0.411051 -0.123683 2.62526
-0.269567 -0.15331 2.82712
0.0818295 0.0555226 1.97918
0.708128 -0.00276865 2.24411
-0.306841 -0.331075 3.29534
0.748025 -0.0195243 2.77849
0.762657 0.0201797 2.92909
-0.300544 -0.325251 3.26285
0.76398 0.0218176 2.8551
1.59205 -0.458069 4.99785
0.270417 -0.148342 2.62581
0.0692587 0.0533492 2.67712
0.55653 0.0481736 4.05001
0.982561 0.00468716 4.43058
0.764625 0.0296345 4.32039
0.688242 0.0418327 4.12406
1.00864 0.0215956 4.49975
0.640986 0.0444484 4.10291
0.309225 0.0438763 4.2382
0.356194 0.0487893 4.15337
0.497539 0.0421783 4.14618
0.263734 0.0590371 4.2034
0.582165 0.0425739 4.17697
0.314376 0.0466802 4.1818
0.535928 0.0450066 4.21641
0.48467 0.0464015 4.04395
0.27765 0.0536523 4.23172
0.268723 0.0520226 4.09655
0.522456 0.0459354 4.05454
1.34493 -0.194191 4.82323
1.35234 -0.172356 4.76277
0.665349 0.0398914 4.1514
0.9607 0.00436388 4.369
0.964116 0.0192018 4.52654
1.26841 -0.124232 4.67666
0.20457 0.0566776 4.2188
0.417309 0.0518017 4.06257
0.486873 0.0461855 4.07902
0.497345 0.0478086 4.11956
0.483069 0.0456612 4.04119
0.0312911 0.067251 4.46579
0.269384 0.051619 4.09456
0.0467817 0.0681489 4.59863
0.418254 0.0529668 4.1006
0.377357 0.0547587 4.14288
0.504295 0.0444205 4.16204
0.441545 0.04411 4.03594
0.471952 0.0497933 4.0687
1.0084 -0.0269547 4.50576
0.0322059 0.0672221 4.4685
0.662657 0.0394241 4.1479
0.975819 0.0238743 4.41087
0.277907 0.0495242 4.74494
0.526671 0.0419926 4.19148
-0.559786 -0.0119007 5.88274
0.320736 0.0229176 3.97151
0.251694 -0.170743 5.1166
0.163808 -0.202112 5.20462
-0.604658 -0.0242566 5.82869
1.26265 -0.101267 4.76108
0.0469925 0.0640706 4.44513
0.040603 0.0649158 4.46148
0.100345 0.0617939 4.4166
1.06057 -0.0446267 4.78386
0.0819388 0.0558955 4.35584
0.0404702 0.0651526 4.46369
0.189882 -0.257627 5.20784
0.834983 0.0346509 5.16881
1.37439 -0.39835 6.02593
0.614447 0.0419407 4.15876
0.302273 0.0580283 4.26449
0.318426 0.0513123 4.10318
0.3402 0.0455249 4.13914
0.0253275 0.071255 4.58417
0.443343 0.045847 4.04352
0.416229 0.0494147 4.08312
0.562584 0.0428517 4.17068
0.343335 0.0414103 4.11382
0.0929481 0.0619956 4.33958
0.206014 0.0561848 4.21514
0.308929 0.0490133 4.30202
0.325182 0.0495948 4.39864
0.324156 0.0340274 4.15604
0.53422 0.0434355 4.16972
1.06678 -0.0621808 4.9529
1.02649 0.00417802 4.67377
0.502731 0.0292248 4.26438
0.106714 -0.114024 4.86326
0.0804031 0.0563367 4.3483
0.428022 0.0607899 4.15846
0.350019 0.0493197 4.10093
-0.618494 -0.0242059 5.84862
0.473757 0.0506766 4.07586
0.0646662 -0.183728 4.92486
1.02342 0.00822504 4.69578
-0.514389 -0.00639852 5.78366
0.0874038 -0.302827 5.24254
0.996728 -0.0281497 4.53113
0.991419 0.0205869 4.4986
-0.150763 0.0445255 4.97865
0.268246 0.0558893 4.88394
0.254133 0.065587 5.07246
0.31799 0.0514287 4.10108
0.372623 0.0506537 4.1214
0.373738 0.030883 4.50817
0.406707 0.0515766 4.3629
0.526186 -0.0580297 4.36231
0.122466 0.0568403 4.37911
1.12558 -0.1658 5.37787
0.135428 -0.258957 5.12164
0.0337961 0.174955 4.5939
1.0431 0.0541054 4.70079
1.09048 -0.029591 5.2177
0.318827 0.286238 5.06748
1.01907 -0.0304846 4.67751
0.372805 0.0747003 4.22021
0.250187 0.0684922 5.10894
0.372679 0.0748307 4.22255
1.1407 -0.191973 5.20798
0.213749 -0.276998 5.83223
0.370128 0.0522643 4.07229
1.32918 -0.154779 4.76192
0.00366834 -0.130014 4.77641
0.271387 0.051156 4.11902
1.02237 -0.0234377 4.74388
0.488101 0.0501238 4.16852
0.245904 0.0739043 4.3471
0.0774785 0.0606718 4.52201
0.415605 0.0497103 4.05202
-0.0049608 0.0852577 4.47371
0.436749 0.0521178 4.08607
0.781736 0.0307293 4.34368
0.614906 0.0417045 4.15992
0.0338355 0.0664269 4.36837
0.295104 0.0413193 4.09385
0.373838 0.0502293 4.09212
0.104084 0.135189 4.42067
-0.186634 0.0461135 5.15972
0.315272 0.0497647 4.33578
0.506047 0.0435147 4.19416
0.0485393 -0.201762 4.79581
1.01078 -0.028601 4.64888
-0.252206 -0.202287 4.83217
0.865683 0.0282031 4.25409
0.61637 0.0458867 4.0325
0.636688 0.0434377 4.10569
0.522062 -0.0564945 4.33415
0.37029 0.0488938 4.07776
0.3528 0.0427671 4.06375
0.564793 0.0471751 4.04748
0.631254 0.0418871 4.13246
0.352578 0.0431603 4.06677
0.56707 0.0473323 4.04677
0.29377 0.0398194 4.06653
0.634786 0.0422853 4.13729
0.724311 0.0377712 4.12517
0.607835 0.0426291 4.00731
0.981227 0.00429135 4.43041
0.650443 0.0457328 4.11501
0.689838 0.045417 4.11485
0.344836 0.0677874 4.21683
0.175029 0.0557906 4.17217
0.37695 0.0482351 4.11971
-0.154477 0.294373 5.34866
1.05234 -0.0428678 4.89212
1.14653 -0.0543091 5.70078
0.216988 0.0853753 4.36654
-5.97071 1.5091 14.5473
-1.54357 0.454287 7.25607
-1.55694 1.15162 10.9668
-1.54735 1.14668 10.9359
0.332397 0.0535479 4.19727
0.377544 0.0487297 4.12855
1.15157 -0.284248 5.10415
0.25572 0.0482851 3.968
0.319901 0.0518511 4.41323
1.04292 -0.052948 4.79363
0.243225 0.0520969 3.91589
0.326572 0.0447026 3.91905
0.278833 0.0512957 4.18518
0.359075 0.051198 4.01471
0.476173 0.0455453 3.8906
0.458889 0.0453627 3.90751
-0.0167598 0.0372835 4.3049
0.249478 0.0510305 3.94266
0.383624 0.0510495 3.98541
0.0823606 -0.307624 5.26108
0.472211 0.0498726 4.07089
1.02482 -0.0284149 4.74159
1.60761 -0.185634 4.81532
0.9119 -0.0391179 4.17813
0.466975 0.050231 4.06803
0.3865 0.0500026 4.22979
1.38558 -0.443095 5.76922
0.319834 0.0528778 4.42317
0.994969 -0.0281638 4.52615
0.0827265 0.0636638 4.31744
0.166875 -0.152794 5.10695
0.454834 0.0489099 3.96586
0.508755 0.0426132 4.13549
0.708271 0.0406838 3.98978
0.582451 0.0445133 3.93669
-0.218688 0.0739928 4.85687
0.359033 0.0519982 4.01936
0.456833 0.036594 3.84597
0.715455 0.0352561 4.17884
-0.0156041 0.0372611 4.30285
0.355151 0.0529062 3.9695
0.720264 0.0376865 4.12068
0.719405 0.0379807 4.11957
1.46397 -0.150123 4.77764
-0.237655 0.0324055 5.05183
0.85439 0.0299986 4.22896
-0.000537675 0.0532546 4.32088
0.239499 0.057769 4.03382
1.02261 -0.0507689 4.76099
0.443491 0.0560811 4.11646
-0.0655244 -0.145757 4.77934
1.01187 0.0136565 4.63788
-0.133719 0.0247341 4.75789
0.248771 0.0524245 4.00095
0.775753 0.0355907 4.51813
-0.168145 0.000806646 5.49206
0.358126 0.0453854 3.9659
0.428164 0.0471464 4.04597
0.429377 0.0409593 3.9296
-0.121378 -0.149087 4.71628
0.335694 0.0500278 4.04033
0.444637 0.0516576 3.99571
0.509477 0.0463692 3.9601
0.459849 0.0455144 3.90928
0.147755 0.0603056 4.07253
-0.00283028 0.0682981 4.35623
1.0681 -0.0623091 5.17703
0.406922 0.0488966 4.3461
0.404399 0.0470697 4.31765
0.401865 0.0515088 4.12806
0.112679 0.058946 4.40011
1.24015 -0.174562 5.69356
-0.0878826 -0.154085 4.91078
0.400246 0.0497611 4.11415
0.558774 -0.160196 4.64773
1.4159 -0.501597 6.03933
1.09833 -0.147361 5.09203
1.08244 -0.191791 5.14104
0.266866 0.0522197 4.09751
0.935773 -0.0156038 4.16486
0.957423 -0.039484 4.29726
0.727513 0.039968 4.08783
0.962531 -0.0362692 4.41313
0.478272 0.0458458 3.89458
0.48011 0.0466648 3.8991
0.475372 0.0449141 3.88845
-0.14408 -0.213552 4.91137
-0.227448 -0.0945363 4.79931
0.485285 0.0444061 3.9484
0.10973 0.0604016 4.4305
0.152209 0.0382293 4.08244
0.479456 0.046412 3.89821
0.610618 0.0423761 3.94
0.988322 -0.0283216 4.51881
0.331469 0.0493084 4.16058
-0.118538 0.0250499 4.72402
0.370326 0.0501547 3.93719
0.546717 0.046795 3.98695
0.462067 0.0443044 3.89365
0.15142 0.0653413 4.2448
0.371011 0.0512108 3.94327
0.207552 0.0579739 4.47888
0.964777 -0.038179 4.30607
0.533249 0.0442676 4.16491
-0.11616 -0.190235 4.83641
0.0392552 -0.188786 4.86171
0.347313 0.0503949 3.92003
1.10542 -0.148416 5.11234
0.991785 0.014698 4.43276
0.0286664 0.0362471 4.99104
1.63379 -0.211928 4.89828
1.14237 -0.510818 5.92216
0.21361 0.0523234 3.69458
0.459216 0.0485218 3.66482
0.0269245 -0.230748 4.87209
0.53044 0.0428089 4.16004
0.457112 0.0491067 3.72692
0.406403 0.0516914 3.91178
1.17679 -0.352569 5.23576
-0.168716 0.0505235 5.07085
0.197975 0.0567414 4.36791
0.14759 -0.202495 5.29258
0.270906 -0.165995 5.76567
0.937734 -0.0130668 4.14135
1.05802 -0.0401621 4.98688
-0.0336236 0.105966 4.07429
0.448076 0.0447253 3.871
1.0968 -0.202537 5.48029
-0.0540513 0.113461 4.12297
0.517824 0.0458507 3.49079
0.50077 0.0460064 3.39636
0.631498 0.041598 3.47527
0.477897 0.0498627 3.35895
0.409259 0.0516523 3.35284
0.463791 0.0512542 3.3305
0.470855 0.049293 3.33302
0.407416 0.0518274 3.29185
0.578873 0.0444787 3.36528
0.390783 0.0514974 3.36185
0.864653 -0.00616557 3.59256
0.514205 0.0461532 3.33195
0.550089 0.0400837 3.33454
0.551743 0.0446842 3.30725
0.908533 -0.0246105 3.90364
0.919695 0.00379736 3.98669
0.913081 -0.0455961 3.99103
-0.250844 0.0224592 4.41971
-0.339976 -0.136033 4.3748
0.610874 0.0440225 3.67882
0.560846 0.0451177 3.57933
0.232053 0.0527937 3.51118
0.328904 0.0499431 3.45409
0.253648 0.0493884 3.978
0.050866 -0.14164 4.21261
0.135677 0.0451526 4.02511
0.329423 0.05224 3.52732
0.334343 0.0504418 3.48086
0.475071 0.0482607 3.72692
0.395794 0.0479978 3.44764
-0.382739 -0.16207 4.39335
-0.000324663 -0.193155 4.81464
0.122274 -0.228927 4.23574
1.91487 -0.316231 4.70189
-0.121608 -0.130911 4.97615
0.750373 -0.119982 4.09871
0.311699 0.0499927 3.44939
-0.223579 0.0239916 5.25556
-0.187181 -0.160334 4.2682
0.138673 0.0617964 4.05745
0.364564 0.0515781 3.73522
0.229117 0.0525397 3.79485
0.365265 0.0531225 3.74334
0.450381 0.0507772 3.90021
0.102498 0.0604936 4.00013
0.991284 0.0198726 4.49797
0.35338 0.0511261 3.95847
0.991051 -0.0223192 4.55555
0.0226963 -0.239577 4.77027
0.205006 0.0582914 4.48611
0.733455 0.0351602 4.1556
0.116774 -0.321527 5.23509
-0.119072 -0.00246349 5.41524
1.32336 -0.559498 5.83832
1.3218 -0.565953 5.85239
1.2624 -0.554798 5.83418
1.12088 -0.131698 5.44919
0.921546 0.0159121 4.02798
1.06196 -0.522032 5.90815
0.485984 0.0462364 3.24591
0.497019 0.0448147 3.24845
0.500879 0.045329 3.25198
-0.222156 0.0363913 4.15398
0.544178 0.044674 3.6784
0.982825 -0.222534 3.97716
1.94108 -0.319593 4.7494
2.06645 -0.337663 4.68223
0.524728 0.0462807 3.32242
0.579355 0.0449468 3.33621
0.967425 0.0238255 4.40257
0.722407 0.0366595 4.1892
0.681704 0.0325804 4.07121
0.718558 0.0373374 4.11912
0.855049 0.0275327 4.24313
0.686199 0.0379962 4.13727
-0.0863167 -0.151791 4.8338
0.48434 0.0450596 4.0743
0.445073 0.0515747 3.9965
0.276525 0.0518277 4.1632
-0.0287426 -0.193853 4.78725
-0.149575 -0.206326 4.90001
0.0875343 0.0697898 4.60831
0.533361 0.0441939 4.16255
1.02917 -0.0417168 4.74026
0.716058 0.0393051 4.0452
-0.0266734 -0.192456 4.78236
0.369818 0.048354 4.07457
0.44656 0.0524128 4.0014
1.15971 -0.225318 5.13546
1.06813 -0.0734699 4.96251
-0.499038 0.485913 6.49936
1.20105 -0.32579 5.44615
0.494325 0.0411823 4.18608
0.313074 -0.272591 5.95257
0.97753 -0.0286663 4.56977
0.949649 -0.0410705 4.28819
1.12086 -0.212557 5.4421
1.2487 -0.0756835 6.44469
1.14835 -0.345591 6.26511
0.454435 -0.0774231 4.14981
1.15603 -0.156592 5.52108
1.37046 0.0473649 5.44845
1.29298 -0.126004 4.78924
0.991363 0.0179278 4.53098
1.00569 0.017405 4.54954
-0.0250054 0.0288684 4.99804
0.337912 0.0497854 4.04503
-0.121194 0.024338 4.72931
0.54241 0.0690435 4.16336
0.718002 0.0384678 4.07854
1.31337 -0.103417 4.75113
0.950527 -0.0215174 4.24518
0.0551742 -0.0823645 5.08401
0.0502741 0.0622298 4.30705
0.480007 0.045705 4.00479
-0.074856 -0.15749 4.85422
0.103838 0.062087 4.45364
0.0405138 0.0650347 4.4168
0.347471 0.0518364 3.93389
0.533991 0.0442313 4.16518
0.960525 -0.0263074 4.55789
0.575297 0.0441375 4.14303
-0.00346246 -0.197941 4.77211
1.02682 0.00842068 4.70125
0.412224 0.0518985 4.01335
-0.120711 0.0499402 4.46024
0.278415 0.0516399 4.1863
0.47932 0.0450003 3.8932
0.865798 0.0280034 4.25494
0.960396 -0.026756 4.26055
1.35323 -0.141821 4.87439
1.26302 -0.126182 4.75878
1.00746 -0.0314963 4.33685
0.639228 0.0439674 3.87862
1.34153 -0.451859 5.92752
0.0396022 0.0657275 4.4661
0.990526 0.00679407 4.54505
2.25842 -0.535753 6.46586
0.276485 0.053045 4.84045
1.02321 -0.00346922 4.75067
1.31817 -0.373314 5.7566
0.408519 -0.00923238 4.18198
0.256395 -0.305248 5.99147
0.314252 -0.264962 5.87
1.16607 0.278797 5.21188
-0.405174 0.240253 5.19733
0.326823 -0.248417 6.03276
1.12753 -0.338526 6.18387
2.11911 -0.700176 7.22475
1.21986 -0.100789 4.71354
1.08993 -0.102359 5.28056
1.66087 0.0192325 6.35637
1.13817 -0.154685 5.48057
1.13471 -0.0309968 5.48181
0.0914429 0.0253055 7.20703
0.208659 0.0913029 4.39519
1.99301 -0.0154874 6.64009
1.05312 -0.041248 4.93853
2.32689 0.325273 5.58802
1.34972 -0.172094 4.76264
1.34055 -0.0803733 6.75657
1.03635 -0.0332303 4.78912
0.95833 -0.350884 6.19955
0.628048 0.0410655 4.13772
0.268566 0.0512768 4.09379
0.268667 0.0513633 4.09479
0.405348 0.0523294 3.9991
0.852346 0.0299604 4.22699
0.988857 -0.00775703 4.4657
0.157467 0.062119 4.20902
0.269339 0.0508299 4.0921
0.487721 0.0464555 4.05463
-0.148525 0.0437311 4.96282
-0.0270335 -0.172712 4.85851
0.335679 0.050875 4.17109
0.671309 0.0436829 4.03203
0.978834 0.00370505 4.38451
0.972196 0.00452004 4.4208
0.964524 -0.0320878 4.35231
1.12535 0.0192433 5.456
1.34524 -0.134933 4.74401
0.0924039 0.0631838 4.40546
-0.191625 0.0478874 5.08016
0.118041 -0.0917645 5.18583
1.10406 -0.204524 5.40128
-0.012988 -0.233896 5.28777
-0.671162 0.651649 8.36534
0.975669 -0.337643 5.96406
6.62631 0.988736 10.2938
1.15984 0.00974614 5.70333
-0.107194 0.264346 5.20848
1.02577 -0.0288746 4.74142
0.0900088 0.148744 4.62792
0.328995 0.0533536 4.15591
0.611826 0.0408563 4.16803
0.375572 0.0766618 4.25012
1.31424 -0.356461 5.77614
0.987005 -0.00958294 4.46428
0.263719 -0.279091 5.85343
0.271044 -0.265309 5.68287
1.32114 -0.454345 5.86734
1.27182 -0.32533 6.08323
1.13188 -0.035852 5.43529
0.686064 0.0411875 4.12231
0.973186 -0.0336233 4.35955
-0.183777 0.0438097 4.97304
0.557713 0.0440279 4.14914
0.958071 -0.0213369 4.27867
0.560181 -0.161812 4.65456
0.712129 0.0388516 4.04142
0.910634 -0.017749 4.24016
0.458817 0.0588702 4.0311
0.0209101 -0.117189 4.7986
0.71297 0.039063 4.04215
0.682592 0.0351456 4.00905
0.704785 0.0379807 4.03393
0.260028 0.0512128 4.03878
0.553017 0.045639 3.90036
0.492632 0.0457257 3.95242
0.559704 0.045132 3.95904
0.197376 0.0558666 4.01872
0.944965 -0.0406443 4.2099
1.11562 -0.229378 5.76266
1.0702 -0.356241 6.25033
1.15558 -0.441659 6.06605
1.10038 -0.345863 6.00481
0.296897 -0.0347654 6.83652
0.29129 -0.0351807 6.85074
0.298569 -0.285907 5.99283
0.413886 0.0514848 4.01358
0.583096 0.0391909 4.08861
0.41307 0.0508229 4.00838
0.404306 0.0506522 3.99193
0.976853 -0.0656043 4.56474
0.951804 -0.0214308 4.24172
0.366731 0.0564167 4.08803
0.0939539 0.0614852 4.3329
0.492949 0.0459328 3.95325
0.259537 0.0519386 4.02568
0.560685 0.0454217 3.96024
0.271545 0.0494399 4.10081
0.493149 0.0496305 4.27394
0.975054 0.00458386 4.42368
0.283477 0.0499453 4.20621
0.965301 -0.0354428 4.3246
0.648705 0.0442627 3.93612
0.255246 0.0542662 4.04272
0.211305 0.0932619 4.45949
0.283919 0.0152363 4.18072
0.982481 -0.0627672 4.46775
0.213126 0.0527693 4.40309
0.280782 0.0525429 3.909
0.256174 0.0533573 4.03285
0.528294 0.0478556 3.93971
0.764138 -0.13309 4.13157
0.0522675 0.0654259 4.07587
1.05501 -0.0633052 5.09895
0.186925 -0.261293 5.23477
0.834295 0.0238929 4.94104
0.182644 0.0610075 5.37307
0.0104498 0.05502 4.31443
0.309453 0.0523265 3.92464
0.158468 0.0514263 3.89525
0.497281 0.0447494 3.88164
0.0179229 0.0527903 4.2952
0.725369 0.0394926 4.08548
0.31006 0.0532918 3.93363
1.00229 -0.0643944 4.50671
0.354734 0.0521212 3.96496
0.0226752 -0.223956 4.73257
0.985962 -0.0268632 4.29792
1.03483 -0.0561123 4.80683
0.369793 0.0581215 4.16535
0.47776 0.0491448 3.95138
0.510127 -0.153551 4.38967
0.233887 0.0519062 3.84967
0.0119695 -0.155078 4.85415
-0.268171 0.0263236 4.59034
-0.212786 0.0356726 5.21334
0.121458 -0.307116 5.18503
0.959912 0.012518 4.28708
-0.0271281 0.0611352 4.39984
0.3872 0.0509653 3.79698
0.350776 0.0267185 3.81144
0.294463 0.0515594 3.88682
0.145233 0.0598714 4.0422
0.651281 0.0448797 3.93875
0.5837 0.0438953 3.85428
0.0586285 -0.238178 4.80503
0.949422 0.0146811 4.17525
0.467085 0.0499531 4.06669
0.525873 0.0410074 4.14763
1.09437 -0.209629 5.23416
0.480642 0.0413697 4.16889
-0.189538 0.0451431 4.99552
0.938731 -0.0129818 4.14023
0.946776 -0.0411319 4.21097
0.932185 -0.0233413 4.09468
0.955806 0.0203171 4.25384
0.584427 0.0541199 3.72993
0.420343 0.0525571 3.70793
0.416903 0.0506592 3.66072
0.473597 0.0479636 3.72265
0.215279 0.0540324 3.78234
0.0315997 0.0648161 4.05708
0.146131 0.0367405 3.83188
0.447686 0.0477952 3.72386
0.24675 0.0361854 3.66771
-0.154562 0.0499578 5.13361
0.40003 -0.151005 4.37087
0.495832 -0.16023 4.20521
0.635204 0.0444024 3.77694
-0.158982 -0.157017 5.11571
0.236435 0.0514841 3.87631
0.0439036 0.0632646 4.08433
0.330932 0.0531929 3.80819
0.371043 0.0531134 3.71624
-0.0591425 -0.152398 4.22929
0.350466 0.0523632 3.77133
0.431895 0.0462605 3.66704
0.431944 0.0511081 3.76561
0.250711 0.0513977 3.99431
0.278006 0.0545823 3.80642
0.443668 0.048092 3.68581
0.462921 0.048945 3.7095
0.315148 0.0515946 3.69853
0.445944 0.0471889 3.6722
1.39306 -0.357585 5.999
0.199366 -0.0116807 5.41829
1.06882 -0.0186588 5.06386
1.14537 -0.360565 6.02735
0.30669 0.0515095 4.3572
0.553447 -0.157047 4.62321
0.084093 0.0635677 4.3126
0.167299 0.0532885 3.41178
0.420936 0.0491035 3.40204
0.165613 0.0541352 3.41519
0.159686 0.0539096 3.3162
0.292097 0.0548898 3.32429
0.868317 0.0251766 3.65488
0.632697 0.0388743 3.50783
0.502706 0.048157 3.34884
0.892753 0.0212751 3.84774
0.622729 0.0413596 3.39178
0.636654 0.04219 3.50292
0.251299 0.0531274 3.369
0.440973 0.0511464 3.30889
0.422181 0.0491892 3.36628
0.111268 0.0578001 3.45996
1.62247 -0.464539 8.44512
0.563584 0.0435376 4.167
0.973087 -0.0706322 4.56493
0.562989 0.043066 4.16649
-0.21996 0.0239194 4.50706
0.0211168 -0.149024 4.81573
0.23564 0.0494661 3.80098
0.494039 0.0570118 4.23901
0.650219 0.0430366 3.87213
0.414169 0.0504162 3.33007
0.200053 0.0540626 3.66937
0.152693 0.0328478 3.33243
0.501075 0.0461144 3.39652
0.200175 0.0531152 3.66129
0.832903 -0.172746 3.83185
0.0738402 0.0620485 3.59807
0.476735 0.0466943 3.40591
-0.291358 -0.173561 4.33854
0.422145 0.0496197 3.40442
-0.126531 0.0517926 4.47233
0.515962 0.047972 3.8437
0.70963 0.0387223 4.01313
0.258622 0.0518459 4.04959
0.139394 0.0572293 3.93126
-0.193665 0.0612027 4.62307
0.349499 0.0525339 3.79855
0.0948063 -0.157185 4.29525
0.261833 0.0513343 4.03967
-0.0705274 0.0653003 3.30781
0.939562 -0.0121332 4.14702
0.225731 0.0533308 3.82664
1.16125 -0.521812 5.9763
0.150034 -0.207092 5.24162
0.670723 0.0407326 3.74936
0.547103 0.0455667 3.65481
0.556508 0.0441139 3.6874
-0.0319507 -0.167446 4.92326
0.381824 -0.18857 4.36003
0.302218 -0.166474 4.20344
1.34921 -0.172412 4.75944
0.0872779 0.0635634 4.35133
0.963896 0.0208192 4.26509
0.417332 0.0398621 3.65747
0.456846 0.0470629 3.76884
0.236205 0.0532601 3.8814
0.437378 0.0490759 3.71712
0.45093 0.0474157 3.76786
0.457735 0.0473884 3.77117
0.259161 0.0517699 3.76724
0.54192 0.0471146 3.81999
0.908871 -0.0384985 4.01184
1.00776 -0.153951 4.09742
0.646218 0.043612 3.855
0.349588 0.052637 3.77447
0.434026 0.0478093 3.7617
0.800858 -0.121264 4.10892
0.477931 0.0461131 3.89337
0.450685 0.0473518 3.7675
-0.284286 0.0595602 4.92039
0.660444 0.0415685 3.89336
0.938091 -0.0369592 4.13041
0.937048 -0.0396724 4.16595
0.0548296 0.0588209 4.0047
0.220443 0.051677 3.76886
0.511797 0.0466162 3.71994
0.241889 0.0441433 3.7752
0.267694 0.0527897 3.81915
0.582091 0.0449245 3.75097
1.14203 -0.131878 5.30111
-0.17414 0.0286524 5.10494
0.987583 -0.0217513 4.55042
0.109981 -0.173403 5.01155
0.487308 0.0446655 4.18891
0.406978 0.0503988 4.0797
0.056635 0.0643081 4.0675
0.16001 -0.279084 5.20264
0.937378 -0.0456173 4.19056
0.200902 -0.24619 5.2992
0.528768 0.042576 4.19928
1.09266 -0.1813 5.27479
1.38216 -0.458989 6.8152
0.261318 -0.286793 5.92536
0.599136 0.0416341 3.24305
0.825012 -0.0107527 3.38403
0.830733 0.0206162 3.33591
0.817329 -0.00136187 3.32605
-0.0527882 0.0651378 3.31477
0.497017 0.0447552 3.24908
0.323723 -0.156076 3.6503
0.257836 0.0518368 3.28721
0.102302 -0.188363 4.05933
0.225412 0.0542677 3.83568
0.875988 0.0159037 3.75349
2.72067 -0.367139 4.94581
0.824605 -0.00219545 3.34095
0.448996 0.0479432 3.00654
2.01868 -0.302733 4.63569
0.844607 -0.0413098 3.48988
1.45473 0.0390143 4.782
0.0443732 -0.385976 5.6958
-0.173335 0.0380745 5.02783
0.385033 0.036536 3.17182
0.901648 0.0198514 3.85182
0.0174583 0.0623188 3.99104
0.168724 0.0540844 3.41681
-0.348666 -0.100887 3.90723
-0.0438501 -0.18711 3.94374
0.0146798 -0.208682 3.95741
0.827109 -0.0106904 3.38594
0.586829 0.0428047 3.18228
0.448669 0.0479077 3.00578
0.002517 0.0580047 3.38468
-0.120006 0.0110943 3.84225
0.296282 0.0517349 3.00924
0.472602 0.0460978 3.40205
0.332584 0.0496482 3.04211
0.0441065 0.0609061 3.41689
-0.308329 -0.092071 3.81911
0.0438421 0.0612502 3.42031
0.231162 0.0536945 3.09086
0.46623 0.0467289 3.12834
0.456754 0.0484351 3.31587
0.394321 0.0509596 2.98566
-0.313089 -0.0221058 3.94675
0.20439 0.0534023 3.19639
0.751571 -0.159705 3.93529
0.941914 -0.0365846 4.20393
-0.0508993 0.0326401 3.31165
-0.000959131 0.0259279 3.33745
1.30127 -0.0284205 5.27248
-0.263321 -0.142637 3.94384
0.0157572 0.057219 3.41169
0.229922 0.0525444 3.08405
0.452682 0.0463331 3.21597
1.96489 -0.472905 4.79125
2.03669 -0.452033 4.67809
1.99176 -0.480497 4.82163
0.812487 -0.00951503 3.26676
-0.0959068 -0.124856 3.85696
-0.0605407 0.0318207 3.38732
0.00473715 0.0309934 3.44662
-0.0526176 0.0448842 3.30136
0.148872 0.058647 3.35191
0.617718 0.045157 3.68969
0.189095 0.053275 3.56524
0.189258 0.0528659 3.56332
0.202996 0.0518656 3.64883
0.193476 0.0521732 3.59454
0.192401 0.0517623 3.52663
0.40994 0.0468649 3.52952
0.175945 0.0539458 3.4661
0.987677 -0.0381996 4.08837
0.0108524 -0.185614 4.74395
-0.211311 0.0193244 4.14096
0.966602 -0.0256885 4.34941
-0.121513 -0.105403 5.29071
0.196657 0.053349 3.61251
0.315985 0.0516185 3.21695
0.36009 0.0502059 3.28433
-0.0334643 0.0369293 3.29136
0.911148 -0.198855 3.9107
0.222519 0.0510941 3.76356
0.474054 0.0483555 3.72491
0.47691 0.0470799 3.75095
0.437494 0.0483014 3.70467
0.752067 0.0526225 4.2408
0.433267 0.0460284 3.69466
0.643858 0.043361 3.85109
-0.0505285 -0.00200477 5.09225
1.73291 -0.37066 5.70799
0.322345 0.0368602 4.16534
0.530729 0.0470181 4.10787
-0.0627486 -0.149402 4.76481
0.0895922 -0.102142 5.22786
0.388066 0.0479796 4.22152
0.447825 0.0508175 4.09134
0.0213856 0.0631954 4.2991
1.00075 0.0103068 4.59024
-0.161648 0.0429004 4.98075
-0.053003 0.0331247 3.31707
-0.0507575 0.0653719 3.31261
0.0533026 0.0596093 3.36795
0.884271 0.0178156 3.76759
0.883976 -0.0282276 3.77589
0.815804 -0.0416625 3.31153
0.507215 0.0452252 3.02846
0.441467 0.0445437 2.9992
-0.0262013 -0.16384 4.05106
0.362322 0.0502697 3.28025
0.745879 -0.157461 3.92
0.141804 0.0535933 3.20911
0.362801 0.0505539 3.28121
0.474682 0.0466312 3.40734
-0.30536 -0.00813079 3.96284
0.280474 -0.199761 3.63495
0.895709 -0.0216552 3.87445
0.832609 0.0152516 3.39084
0.267941 0.0493733 4.08196
0.250507 0.0517922 3.9869
1.00435 -0.0456957 4.69815
-0.0560151 0.0307677 5.0887
-0.200431 -0.112505 4.73941
0.169607 0.0580386 4.18507
0.450148 0.047699 3.80376
-0.0958439 -0.142999 4.26948
0.478905 0.0487065 3.75015
0.111025 -0.137063 4.25055
0.468106 0.0456935 3.91334
0.310404 0.0527843 3.92846
0.226192 0.0527983 3.84516
0.213034 0.0514214 3.67654
0.279971 0.0515001 3.70101
0.459564 0.0520066 3.69665
0.432521 0.0464825 3.66767
0.464473 0.0481587 3.69115
0.116065 0.0599158 3.83446
0.21097 0.054242 3.70523
0.216598 0.0530127 3.77656
0.668784 0.0407771 3.72712
0.630002 0.0431845 3.76851
0.66831 0.040213 3.74707
0.553943 0.0442664 3.66839
0.941024 0.0241814 4.1726
0.567268 0.0470916 3.7015
0.0338514 0.0609265 3.93653
0.167595 0.0548911 3.73703
0.506097 0.0445385 3.32731
0.560799 0.0439022 3.40193
0.489538 0.046539 3.3244
0.560902 0.0440704 3.40167
0.86929 -0.0404055 3.66957
0.567245 0.0454277 3.40812
0.496184 0.0458152 3.36079
0.501223 0.0455435 3.36553
0.163185 0.0563369 3.39122
0.393919 0.0454378 3.37786
0.31081 0.0504949 3.31701
0.184312 0.0537871 3.52716
0.23676 0.0504911 3.36612
0.0576124 0.0466474 3.48642
-0.0954994 0.0223158 3.75033
0.252468 0.052339 3.38798
0.176274 0.0536262 3.48327
0.481691 0.0387402 3.31484
-0.0349769 -0.123247 4.12897
0.185302 0.0533403 3.52169
0.726819 -0.18445 3.94893
0.189364 0.0529992 3.56604
0.173916 0.0535491 3.45943
0.384891 -0.0163408 3.83421
0.415733 0.00555235 3.84726
0.605903 0.0398445 4.14481
0.629916 0.0407139 4.15087
0.507157 0.0471193 4.00133
0.334017 0.0129209 3.87411
0.204357 0.0531453 4.06739
0.274674 0.0504604 4.1408
0.575044 0.044575 4.14179
0.614465 0.0417777 4.1584
0.529987 0.0485515 4.12785
0.773931 0.0349683 4.51533
1.07651 -0.147015 5.39714
0.111266 -0.171994 4.99046
1.3695 -0.0156751 5.41266
1.13509 -0.195659 6.01304
1.24021 -0.153895 4.67116
0.901412 -0.019865 3.88083
0.95183 0.0188605 4.24862
0.101503 0.0596892 3.74003
0.336159 0.056662 3.47479
0.28562 0.0520614 3.48895
0.337091 0.0501045 3.44403
0.353075 0.0516285 3.41954
0.923035 0.0195718 4.05927
0.188988 0.0534325 3.53624
0.30849 0.0532259 3.33952
0.285132 0.0521934 3.49066
0.920201 -0.0219493 4.00517
-0.173728 -0.129611 4.37193
0.556019 0.0429965 3.51862
0.500595 0.0454051 3.25147
