ply
format ascii 1.0
element vertex 6928
property float x
property float y
property float z
end_header
18.362976 0.271613 25.399803
18.603795 -0.286121 28.359680
18.406611 -0.471242 25.871771
18.594220 0.098185 25.823676
15.205760 1.178642 21.877101
18.835600 0.472754 25.524501
16.028960 1.055550 26.675041
11.982483 0.813681 21.293441
12.123181 0.778788 21.485852
18.725405 0.582662 27.762951
11.289221 -1.759941 18.831638
7.575105 1.691978 13.403534
18.622166 0.737047 29.418645
18.761149 0.756905 29.092678
18.697833 0.166888 28.239879
18.462410 -0.251580 28.149926
8.281717 1.623344 14.486392
18.583022 -0.647085 29.112920
22.219100 -4.600507 30.554838
10.394127 -2.999251 17.528111
18.922433 -0.206014 29.906490
18.874993 -0.165613 30.109568
10.868529 -1.305885 18.525726
10.834282 -1.763098 18.732267
11.085736 -2.510465 20.310423
18.309236 0.514337 26.344239
10.858548 1.239662 19.916211
-9.480040 2.159957 17.349111
-20.140156 -5.062089 33.278887
16.158742 1.059948 36.920017
-1.338077 1.846503 14.477191
-1.115757 1.823204 21.329933
-9.826406 1.505355 35.560441
-16.468023 -6.824484 43.504556
-7.898765 2.069490 17.437192
-19.654558 -5.270906 44.435580
-16.780173 -0.778268 30.828936
-20.089285 -1.309641 33.386492
-18.783918 -2.852521 41.399537
-19.313182 -4.795788 29.587041
10.174924 -8.250963 53.728355
11.861590 -6.714789 61.177171
10.130228 -9.380980 50.566616
12.571289 -2.876524 50.291207
13.497978 -2.365066 55.276631
14.296943 -1.145768 58.898735
10.085158 -3.849980 28.057417
10.775520 -4.061573 28.819577
11.925030 -6.944130 56.847363
2.549478 1.810157 20.683332
2.834733 1.741430 19.728042
2.322114 1.718783 17.769179
2.372065 1.737098 17.378024
10.691993 0.186164 21.247279
9.714308 -2.218825 21.326939
11.039201 -4.020683 26.090944
9.659195 -3.802290 24.683242
10.500174 -3.896390 26.069204
10.354142 -3.728401 26.340122
16.599614 0.243153 61.030890
2.925013 2.148595 16.806965
10.303614 -4.480643 28.328552
10.621628 -4.594424 27.887368
10.582609 -1.576653 20.256714
10.648670 -3.714552 22.239592
11.139602 -8.519572 47.195279
10.885215 -8.317523 45.560295
10.881566 -8.259946 47.987196
11.178184 -9.401035 47.525894
10.813353 -0.695595 21.166778
10.698855 -0.322393 20.940120
10.494622 -2.539659 25.515768
11.371625 -5.849358 48.135348
11.623360 -4.982086 46.797918
9.767612 -10.576901 54.863050
10.278942 -10.776923 54.770104
2.152506 1.712691 21.900057
10.598423 -2.692069 25.998465
13.192908 -2.897834 49.525803
11.468720 -7.047805 48.116634
11.401630 -6.937798 49.184583
10.515301 -7.462135 47.095471
13.359619 -8.018129 61.565488
14.202063 -5.154661 54.214920
15.498292 -4.823703 60.737079
13.177032 -3.800574 48.391731
-13.971911 -9.612847 52.431783
-13.085489 -8.875950 51.096847
10.654596 -3.055415 20.797300
10.746669 -0.924605 21.091953
10.306015 -3.496752 23.512865
21.918459 -1.830646 63.863885
21.480644 -1.925819 60.557736
22.170444 -1.037491 65.461130
21.201617 -0.986333 60.406776
-14.630739 -8.406851 61.944759
10.777578 -2.474459 20.513002
10.643243 -2.309922 19.932399
10.560059 -2.090603 20.133419
10.143328 -2.617781 21.726359
10.166845 -2.227824 21.176447
19.837862 0.214997 42.066693
19.890760 0.639575 43.106571
13.264738 -9.371685 46.394318
11.686270 -4.652469 51.339194
12.488043 -4.580046 50.718200
8.948935 3.873653 63.909423
3.060169 1.730123 24.436341
2.494842 1.934927 28.050118
-15.268701 -10.218340 50.999534
4.416391 1.812110 18.666269
-4.738991 1.895319 11.119921
10.735846 -1.414096 23.265434
10.814726 0.597861 28.018242
10.674745 1.262837 27.526312
11.136982 1.071068 27.421045
10.194729 -3.361387 27.494934
6.731351 1.589076 23.680075
-22.881640 -12.519514 68.081097
-17.083777 -7.400534 43.202012
-16.642001 -7.258900 43.255659
10.680484 -1.039082 20.511630
10.363187 -3.547623 20.689694
10.678987 0.390556 27.266030
21.697945 0.827099 64.256568
21.147565 0.810839 59.991636
14.355113 -2.872083 49.989911
5.945485 1.618213 23.343908
13.747311 -8.778450 49.671148
1.921627 1.838350 15.068430
1.662952 1.627025 12.346128
-14.728707 -10.679361 52.439268
5.465720 1.690447 17.974504
-16.354397 -8.171491 50.440296
10.204429 -3.069114 21.521752
9.788541 1.615681 29.523631
4.831251 1.734839 16.326513
4.276348 1.825911 19.802804
-15.001808 -6.853460 44.586540
-15.114435 -6.021808 44.041026
11.000931 0.504671 21.211224
11.216173 0.969435 21.690803
19.728073 -0.471307 42.060767
9.551184 1.587276 25.584916
14.054347 -4.687433 48.624097
14.546308 -7.082676 50.601549
13.177250 -8.029513 51.632693
11.948860 -6.060577 47.286666
0.595388 1.854559 15.417790
-4.747537 1.911478 13.354129
11.244744 1.115542 21.260504
10.698044 -3.608662 20.567024
22.411574 -1.996256 68.864592
22.249604 -1.136570 68.689927
-8.903397 0.231954 28.851766
-17.720554 -2.057632 31.972646
-17.114749 -1.358191 31.382841
11.334976 -0.729683 21.227567
10.651508 1.350868 24.895865
21.316553 0.384670 58.789570
18.608785 -5.153850 54.661250
6.906421 1.657825 33.600768
5.714460 1.503630 26.291091
-9.074413 1.473089 37.918724
-4.673273 1.906641 15.141945
-16.062895 -7.525450 43.354220
-15.746658 -7.042566 43.066959
-17.669964 -1.331093 45.688798
-15.328836 -0.904341 38.264934
-20.392453 -4.683441 28.987973
18.913325 1.154298 56.141844
5.925399 1.627779 23.803276
-4.561800 -5.120165 34.329057
-10.084285 1.082939 37.628656
-8.624932 1.098153 34.269796
-8.881595 1.508849 35.485897
-15.243469 -7.424551 49.475586
-14.259827 -5.960145 46.407418
-15.867489 -2.484518 42.921614
-22.734766 -12.176391 62.962180
-18.930043 -2.411346 42.208920
-18.771722 -2.849894 42.958106
-18.872747 -2.084998 43.165208
-19.084216 -8.137431 41.756352
19.935736 0.948724 43.000525
10.266061 1.361890 28.154948
15.248708 1.083126 52.724658
10.705124 1.449085 38.327626
4.301269 1.819162 23.412526
1.835359 1.912804 15.256724
-1.253255 1.849351 14.386864
-1.350222 1.940045 11.097339
-18.505265 -2.901243 53.466358
-18.876583 -3.029465 56.565405
-14.573131 -4.545550 41.451313
-20.904282 -12.206927 62.844593
-15.121172 -6.382552 41.463165
-14.974392 -5.818978 41.970316
-9.061437 1.230224 25.582202
-7.606482 1.902343 21.143229
-7.354373 1.967305 20.270936
-4.582947 1.848855 10.934870
-5.165671 2.064943 11.360802
-4.969454 1.975321 11.304379
-15.894562 -5.446850 29.185811
-19.046195 -2.395723 30.530697
4.467949 -4.583446 34.478769
-8.093609 0.992534 39.733363
-3.997852 1.649609 15.416137
-8.827699 0.502588 29.959388
-7.876433 2.136374 24.513131
-7.717394 2.071290 23.145571
-22.978360 -12.257423 60.605457
-18.357019 -2.921887 45.639206
-18.152661 -2.896514 46.815384
-19.874604 0.143350 34.761975
-20.457391 -1.267097 33.029366
-20.517525 -5.684237 29.750165
9.600059 1.471595 18.029897
9.272626 1.448702 18.988525
20.210240 0.734049 45.402161
9.678939 1.438599 22.013433
11.365792 0.667864 27.741180
10.145449 1.419676 32.305132
9.141440 -9.285164 52.803257
-6.280904 2.019723 32.309187
-5.921719 1.659818 24.157658
-6.452730 2.044130 27.731168
-14.275484 -6.339354 48.368650
-14.529091 -7.021699 51.256852
-8.869244 2.150039 21.215497
-8.012858 2.083582 17.062568
-19.777415 -2.272032 34.663103
-16.300313 -4.892508 28.157350
-19.691705 -1.196567 34.402977
-20.169069 -0.829079 35.847702
-20.155502 0.123987 33.631646
-20.123906 0.143741 32.623271
-20.223808 0.002630 31.633298
-20.586767 -4.749127 30.114216
11.082337 -8.675741 63.220434
7.910336 -5.889842 44.496713
10.726084 -0.174601 20.995295
10.592247 -7.221971 53.869022
2.311145 1.622137 13.936666
10.397777 -2.911064 26.939969
13.838012 -0.169217 58.467376
11.435315 -8.323137 55.010579
11.109815 -6.749348 56.076344
9.698557 -9.322717 54.209930
9.403312 -8.826826 54.231139
11.128467 -0.964850 20.469586
10.694706 -2.540177 19.131500
17.783371 -1.456134 28.041728
10.498178 -1.953098 16.959422
18.023410 -0.455849 25.389916
11.918855 1.063938 21.230031
11.460517 0.397465 20.887439
18.953935 -0.545044 29.597489
17.246215 0.609448 25.794201
18.683454 -0.473250 26.253413
10.396935 -2.034801 17.789297
10.870369 -1.434011 18.507355
18.845331 0.788223 29.419706
12.007248 0.778938 21.280435
14.698547 -1.167345 23.372011
19.545767 0.042635 30.742041
10.993882 -1.147624 19.261500
18.591194 -0.280757 28.299452
17.743978 -0.227527 28.365231
9.402314 0.999034 23.923171
18.417060 0.414179 28.306656
11.723043 0.517422 21.353513
18.690472 0.691182 27.971394
18.731893 0.431920 28.677569
11.068145 -2.540052 16.695492
10.281469 -2.792196 17.646821
5.607135 1.632823 10.339607
17.857634 -1.752097 24.814427
15.459585 1.166706 22.675099
18.047520 -1.786724 25.068127
22.100266 -3.590478 30.488341
11.707604 0.488159 21.319141
8.344409 1.618179 14.982907
18.759932 0.261472 25.921207
18.471175 0.679857 27.641996
11.520370 -2.062173 19.373036
10.445373 -2.095790 17.250395
18.978294 -0.645058 29.694428
18.403835 -1.558628 28.870698
18.663898 0.171690 28.209562
18.442573 0.419410 28.303506
18.826648 -0.207902 29.032762
19.081627 0.737789 29.631175
10.914347 -1.264618 19.064972
18.711993 0.159719 30.676417
10.746950 -2.106719 19.819616
10.009211 -1.575773 17.634313
18.191150 0.922799 28.624983
17.882306 0.676329 26.739261
10.846758 1.226722 19.915432
9.154103 1.477256 14.758931
18.502396 -0.593610 29.014703
18.605697 -3.828957 25.281218
20.611626 -4.271139 27.742989
10.662986 -1.519986 19.350236
10.582484 -1.768272 18.077431
11.312520 -2.904982 20.498561
8.150874 1.578658 14.719444
8.387389 1.550562 14.940488
11.819421 1.098833 21.417047
18.375016 -0.282343 28.057728
10.964781 -0.993875 20.206716
10.796324 -1.449141 19.091046
13.330705 -1.276735 21.925258
16.041124 -1.029457 25.408754
18.687135 0.417277 28.757883
18.803443 0.042254 28.686708
12.287179 -0.381511 22.039289
8.698790 1.627567 15.458867
16.792774 -0.192135 26.927805
18.726029 0.675421 27.987052
10.763356 -2.144777 18.404521
11.056044 -2.464322 18.878299
10.542218 -2.274415 17.471314
20.751794 0.061199 32.552157
11.563662 -2.519123 21.081068
13.276684 0.289178 22.565622
11.221476 -1.181565 19.904702
11.572333 -2.799731 18.653980
18.710403 -0.457421 26.261710
16.526722 0.499908 25.942198
10.159828 -2.703304 18.210800
11.616467 -0.402477 20.884320
11.493453 0.410115 20.950163
18.803942 0.034259 28.687394
10.519512 -1.945663 19.360716
11.017836 -1.824530 18.799669
20.339305 -0.314833 30.895402
12.044769 0.713894 21.293191
13.853638 -0.021862 23.243913
17.338288 0.813584 27.421076
11.840880 0.681475 20.922248
15.788110 -0.369110 25.079699
14.452519 -0.078208 23.425408
18.575006 0.451296 28.574049
12.410223 -2.781987 20.762211
10.469607 -1.089348 19.319919
11.439931 -0.506315 20.606635
10.824925 -1.520582 19.798282
18.492446 -0.318825 28.250857
18.778834 -0.489288 29.325481
15.247305 -2.018838 23.119995
-1.309931 1.864833 14.974454
9.010816 -2.020244 20.793183
-4.722210 1.855349 15.118521
-8.222237 2.185396 24.745871
11.023169 1.100474 21.001034
2.887285 2.687637 20.855438
10.197287 -3.032073 25.396434
-7.504397 1.873994 18.759589
-8.397868 2.124525 20.531623
10.666666 0.413693 28.031154
10.496712 -0.363180 20.946763
11.343211 -0.195278 22.938655
10.892015 -1.757087 20.772067
10.285586 -2.204790 19.750873
10.065571 -2.751920 20.273743
10.509812 -2.628813 23.053872
10.008119 -2.230048 22.800733
9.212148 -2.303597 21.511927
9.546880 -3.740159 26.547598
11.077066 0.691665 21.686810
10.477218 -2.248821 21.923231
-4.794166 1.887350 15.266923
-4.421226 1.695521 12.959419
-9.068330 2.175034 21.920798
-19.692267 -2.164386 34.567973
11.148241 0.264127 21.636594
10.607655 -2.218601 20.220689
9.604956 -2.212500 21.101622
10.047762 -2.601758 21.564514
9.660693 -2.476159 21.323165
10.313002 -1.732375 19.990132
9.933762 -1.716138 22.652237
10.127858 -3.215074 24.909651
3.465562 2.397598 16.985466
3.525447 2.280987 21.703965
1.804911 1.603021 16.056282
-8.035190 2.044597 19.421443
-8.351551 2.166598 21.216308
-20.181327 -1.263386 35.013991
11.952977 -0.028613 23.111355
10.295037 0.225719 20.767857
12.261447 -5.777589 35.197077
2.062853 1.331227 14.298409
1.977988 1.319506 13.040107
-4.852990 1.891105 13.934202
-10.248813 2.357228 18.864388
-8.556127 2.144147 20.858620
10.989390 -2.267207 26.305095
-6.243975 1.584244 15.850833
-17.792478 -4.793137 29.324576
-18.312573 -0.044755 26.868918
10.191953 -3.696025 22.308148
1.914931 1.528383 12.579399
2.117651 1.586053 12.947753
10.400521 -1.155072 21.300926
9.704452 -3.100903 19.549135
10.142548 -3.074142 21.394715
10.473132 -1.968815 22.848485
10.335958 -3.060870 25.717630
11.429389 -0.126483 23.032600
10.245444 -2.649638 21.960753
13.426615 -1.314852 32.043759
11.552434 -0.992091 27.883220
2.932726 1.705234 11.226840
-4.460058 1.815400 14.162982
-7.157033 1.891660 21.604780
-19.803740 0.250552 33.770754
10.431213 -1.799674 23.277661
10.699478 -1.437595 19.910847
11.283887 0.747954 21.960753
11.391586 1.066795 21.814690
10.127483 -1.126486 20.329730
10.095482 -2.331209 22.185384
9.874532 -2.568051 22.037761
10.260696 -1.816913 23.331276
9.942433 -2.009449 22.329139
10.353705 -2.165861 24.093967
9.472835 -2.821374 22.506361
11.397700 1.026709 27.870931
11.748370 -2.792776 29.542158
10.552292 -3.436118 27.195541
-5.068639 2.083426 14.359167
-4.657834 1.920486 13.390434
10.595803 -1.838468 23.622685
10.848162 -1.600026 20.396352
-9.298794 2.127438 17.203142
10.829603 -0.866383 21.098596
-1.796920 1.809452 13.079064
-4.269985 1.764448 13.457399
10.737749 -3.946731 24.204536
10.648264 -1.591664 23.757738
9.910057 -3.895268 25.421137
10.639250 -1.581082 20.728495
10.840177 -1.439419 20.658473
10.664795 -0.678163 21.475996
10.345284 -0.180871 20.763677
10.723869 -0.879950 21.605404
10.665793 -3.930762 27.437077
3.524511 2.775983 22.568398
2.287846 1.718034 13.787422
11.192937 1.044051 21.471349
10.487292 -1.973412 20.777182
10.653161 -1.917513 20.381380
10.725772 -3.953032 26.618025
-4.849435 1.901488 13.876657
10.848505 -0.022907 20.973524
10.747511 0.182142 21.093668
10.657497 -3.618986 21.259568
11.240658 -3.272682 22.435840
10.459876 -1.986855 22.828305
9.993335 -2.563725 21.958944
10.247004 -2.655942 21.946561
11.297767 -5.043406 28.497665
-19.646168 0.422566 30.944714
11.054889 -3.540137 21.877319
10.574656 -2.992626 20.537362
5.292677 1.698918 11.201514
10.263784 -1.116505 24.759283
4.785308 1.751467 14.672939
2.277556 1.780180 11.726599
2.454332 1.704180 13.387066
11.283513 1.047491 27.643524
2.964321 1.704688 15.183895
-4.838580 1.936571 14.458289
-7.167295 1.865744 20.336841
-6.368610 1.962786 16.074123
-20.128366 0.197647 32.590209
11.221008 -2.261911 20.957804
10.572036 -2.509807 19.768308
10.558499 -1.744206 20.321495
10.633730 -1.612487 20.339024
10.681607 -3.711807 22.733861
10.279504 -1.770362 23.360782
10.551388 -1.802902 23.527805
9.968289 -2.599815 22.179676
-4.725392 1.842308 12.897007
-9.894837 2.269163 18.268470
-16.615614 -0.797131 30.459739
11.248549 1.113857 21.281433
10.820777 -0.714889 21.198904
9.702550 1.594022 25.896910
-20.249789 0.000910 31.666047
10.352021 -1.545431 23.705744
2.137007 1.721808 14.106590
2.255464 1.687730 13.638146
9.690323 -4.000721 24.948389
10.527933 -1.406049 19.722115
10.214473 -1.137964 20.485306
10.199876 -2.637153 21.540685
10.693739 -3.212080 26.493670
10.628209 -2.823932 26.848333
2.289490 1.793876 11.302383
2.228220 1.549346 12.189460
10.255144 -3.306056 23.112104
9.579286 -2.486477 21.441656
10.140958 -1.989369 22.192963
10.558936 -2.992692 20.493945
10.604473 -0.698087 21.353638
10.594181 -4.340101 25.051877
10.278537 -3.133169 24.103262
10.770904 0.494104 27.270678
11.084988 0.647434 27.140334
10.148973 -3.061631 21.386169
10.109923 -2.718749 21.916244
4.463083 1.773677 13.249798
1.600248 1.858558 11.484595
10.733756 0.132912 21.074518
-8.104276 2.167246 21.980402
-8.204864 2.131899 17.473030
-7.083768 1.817100 15.404940
-20.282508 -2.364895 36.451854
10.329003 -1.270207 23.651099
4.755365 1.705667 16.117914
-1.677518 1.817518 13.184299
-2.327139 1.954471 12.348935
-4.688057 1.909261 19.805050
-4.743544 1.888681 11.237819
-8.602569 2.206755 21.335485
-20.255809 -1.994416 33.877424
10.548893 -2.106341 20.102697
10.081821 -1.852460 19.341066
10.348184 -1.721350 23.077919
10.638128 -1.562941 23.745106
2.349836 1.719965 14.627620
10.540752 -2.102246 19.814812
10.578055 -1.407340 20.245735
10.672967 -1.309326 20.152320
10.552542 -2.256016 20.000674
10.344192 -2.934725 26.887788
10.378907 -3.890433 26.936289
10.598329 0.363988 27.132287
11.384537 1.119188 21.479989
-2.120277 1.864166 12.915908
-9.664435 2.200754 17.690456
-8.028484 2.095010 17.689551
-8.075644 2.094679 17.197028
-20.142215 -1.277515 34.119771
-19.872701 0.190206 33.753600
-20.187752 -1.181705 32.560891
10.703252 -3.962919 26.577135
10.683260 -1.851681 20.161147
11.996705 -0.040596 24.135326
10.653816 -0.182269 20.868881
10.375507 -3.135290 24.266230
9.629658 -3.964229 24.780648
10.688874 -1.223110 21.702530
10.653379 -1.271139 20.823749
10.753001 -0.950752 21.115034
10.940328 -2.309457 26.202636
2.117024 1.725133 11.667151
2.168924 1.691045 11.246615
2.292596 1.719129 13.792287
2.569056 1.703272 16.236623
-3.283224 1.898871 11.057166
11.312364 -0.737942 22.610723
10.727830 -0.206187 21.547890
10.328971 -4.383798 25.126578
10.423820 -4.257883 24.646469
10.611554 -3.839312 24.617368
10.595304 0.366605 27.096949
10.597924 -0.415842 26.736423
2.913163 1.739318 13.369381
10.674277 -3.918036 21.899807
10.238583 -3.305525 20.253626
2.751274 2.661154 20.008971
10.660584 -3.061578 20.808310
10.687221 -2.751979 20.735544
10.739495 -2.486237 20.466841
10.754841 -2.136855 20.154005
5.774907 1.574563 16.556571
10.569385 1.237298 27.329970
10.390229 -1.153531 20.211176
10.645114 -0.841409 20.813862
11.719519 -1.711437 24.106506
8.407849 1.637879 21.142730
8.439944 1.614689 24.025225
3.968627 1.780517 12.483739
5.644719 1.981032 21.975973
4.845006 1.723595 17.878095
10.585947 -3.301627 20.671666
1.818694 2.065535 11.743442
-2.518515 2.038593 14.051976
-2.424109 2.029477 12.964627
11.038608 0.491256 21.311094
11.300480 1.014149 21.634473
10.774834 -0.330559 21.106144
9.246457 1.566304 22.424206
4.430302 1.790891 16.087441
10.793860 -0.017972 20.828397
9.670081 -2.640718 21.097193
-2.596849 1.857984 11.338626
-4.879284 1.950753 14.674031
-6.580859 2.050985 16.565211
-19.695853 -2.255467 34.533352
-20.138815 0.170997 32.646040
9.331918 1.458807 19.098438
10.948781 -4.647073 25.194291
1.930863 1.777891 10.950091
2.146664 1.769629 11.125379
5.741097 1.592834 16.891303
-3.790126 1.887627 10.998841
10.745577 -0.376090 27.057462
-0.220692 1.941414 12.504885
-2.292459 1.885360 12.389014
-2.447817 2.000775 13.735241
10.664202 -3.934910 21.841045
4.223668 1.808407 11.182114
5.036482 1.638350 13.215863
-0.447693 1.912105 11.312114
11.597535 -1.681791 23.822645
4.940135 1.757168 18.135226
10.541875 -2.391837 20.833730
-4.851150 1.896694 15.193564
-4.659144 1.902221 13.626481
11.074539 -0.973770 26.937536
10.177481 1.338248 27.063888
-4.843228 1.932794 11.663408
-4.555468 1.887284 17.325812
9.302412 1.599088 21.216713
-3.351281 1.883551 14.496435
-8.450455 3.384967 17.434946
10.596894 -2.116503 19.899119
10.648015 -2.119500 20.220751
10.387702 0.073645 26.576418
5.442982 1.701263 12.952713
10.256579 -3.003774 21.114597
10.448180 -0.406011 20.585738
11.109815 -2.505450 20.337371
10.309727 -1.253807 20.158434
18.715798 0.156619 28.277712
11.191720 -2.667716 19.899493
19.217709 0.702242 28.594541
9.992150 -2.370082 21.126449
10.845386 0.081046 21.647947
10.746981 -0.327546 21.069278
10.502108 0.183024 20.971746
11.136233 -0.653573 22.070168
10.731698 -0.847909 20.967692
11.412141 -0.973149 20.832576
10.538226 -1.027629 19.188827
17.778755 0.519733 27.797073
18.757967 0.389539 28.849270
9.660817 -2.637636 19.735434
10.634229 -2.952653 21.617256
10.694800 -2.130426 19.753056
10.531021 -2.483526 20.814548
10.146915 -0.380940 20.785760
18.920967 0.948487 29.643557
11.267450 -2.407385 21.247685
10.781664 -2.495403 20.540512
11.382978 -1.280440 19.763661
16.439640 1.205434 24.461761
9.203945 1.434070 17.029818
11.146370 -0.483262 22.500092
10.636786 -0.826126 20.920719
10.819997 -2.713463 20.286531
10.907298 -2.008704 20.054914
11.217920 -2.695157 20.006600
10.921864 -1.459406 18.589635
10.669474 -1.162595 19.648257
11.358868 -1.443636 21.922358
10.886681 -2.534659 20.702669
10.644022 -2.736515 20.652173
11.280862 1.126626 21.383549
10.831350 -1.184038 21.708581
10.483643 0.172932 20.880827
10.959261 -1.219589 21.968207
10.630236 -2.221392 21.100281
18.530623 0.792247 26.756041
11.205039 -1.953694 20.630839
10.726583 -1.400943 19.810134
18.702855 0.540187 26.840379
11.825565 0.356643 21.364928
9.897675 -2.345978 20.978577
11.889630 0.088641 21.494679
17.905823 0.549806 27.150315
10.463026 -1.154651 21.355915
18.246575 0.528404 26.225748
10.387016 -2.794657 20.992207
10.222395 -2.938452 20.663027
11.092193 -1.504232 23.170367
10.672249 -1.669100 19.831905
11.037766 -1.713493 20.475574
10.979753 -2.396088 20.118916
18.681489 0.617161 28.237446
10.156740 -3.221780 20.399595
10.260915 -1.362707 20.225461
10.659306 -0.209646 21.410871
10.202839 -2.742251 20.703886
10.877543 -1.979803 20.366409
10.602540 -0.692860 20.899510
11.086953 0.944651 21.537846
11.896086 1.059147 21.246812
10.955736 -2.753657 20.467403
9.949388 1.300817 18.616739
11.106727 -2.517623 20.328919
10.859234 0.449237 21.355228
10.922113 -1.448121 19.299396
18.184787 -0.901450 28.703582
10.427501 -1.560671 20.027404
10.969304 -1.077811 18.701233
10.415430 -0.905211 17.169862
10.627429 -1.503000 19.201646
10.463120 -2.199085 19.815530
10.574874 -1.741046 20.618581
18.428444 0.782266 26.578539
11.058508 0.800665 21.544459
10.890705 0.463235 21.411620
10.665107 -1.942322 20.373458
9.988376 -2.377190 21.121209
18.583490 0.292241 28.548660
18.716422 -0.182959 28.837824
10.673341 0.584059 21.132874
10.266186 -1.355942 20.229266
14.987180 1.151928 22.452153
8.253178 1.656350 15.008077
10.327630 -2.181597 21.668907
5.934538 1.625188 11.690044
10.440351 -2.781928 21.127665
18.794054 0.968365 29.446841
10.753999 -0.714633 21.542275
10.666292 -0.713193 21.453727
10.468485 -1.947366 20.606729
10.773493 0.115497 21.145288
10.610056 -1.645361 19.199650
12.643744 0.049153 21.806736
10.618135 0.197116 20.894987
10.486107 -2.477029 20.751232
10.257858 -1.382750 20.190497
17.650408 -0.491740 27.708836
10.705779 -0.480861 21.045511
10.460905 -1.890490 20.124530
10.866096 -2.463658 18.917255
19.487722 0.642765 30.187793
10.726115 -2.113677 19.829784
10.126329 -2.954971 20.370776
8.328595 1.668607 17.931867
17.711103 0.645052 28.190442
10.558905 -2.082612 19.574898
10.763137 -2.038384 19.299521
11.265610 -2.280192 20.089909
10.664514 -0.800999 19.614541
10.065290 -0.389514 20.490702
10.574032 -0.692223 21.305823
10.500486 -0.597967 21.615510
11.094220 -1.553422 23.219741
10.558374 -1.186752 21.182311
21.180002 -0.281964 42.061391
10.329190 -2.427325 20.491294
11.201483 -1.089691 18.947073
11.858159 0.112051 21.514579
10.816192 -2.378899 18.856684
9.865268 -1.741689 19.176164
10.740836 -2.174838 20.125278
9.828371 0.140307 19.767216
9.673855 -0.690751 19.640865
11.398667 -1.116917 22.092531
10.799817 -0.953637 22.003140
10.844356 -2.000797 19.837300
11.315108 -1.391184 19.714786
15.682781 1.107342 23.582356
-9.752267 2.220650 17.969513
-4.186614 1.705686 17.453286
13.170731 0.518142 29.919278
10.286023 -2.340164 26.485904
9.976149 -2.677797 23.775454
-4.778540 1.772698 24.129774
17.582226 0.686419 38.441158
10.589876 -2.160466 23.708957
11.581129 0.715104 27.892296
11.727753 0.823964 28.394581
12.852312 -1.044506 28.608826
10.720657 -1.326202 28.179245
4.783374 1.739169 14.657656
11.451315 -1.288066 27.441163
-4.836272 1.884683 13.171355
10.918495 1.199118 27.946317
5.464534 1.750880 14.677119
2.312754 1.719653 12.927262
-1.283612 1.797831 14.327821
-7.715336 1.996028 16.687944
-8.707149 2.280366 18.650206
-19.577144 0.184520 31.886873
12.461250 -1.610067 27.216657
13.222600 -0.118654 27.582360
19.766093 -0.560168 41.993085
11.419845 0.718542 27.850439
2.654117 1.781387 15.175817
2.239417 1.870862 17.383327
1.864481 1.697402 15.183178
2.026691 1.726100 15.309280
-5.331010 2.030219 15.694508
3.030451 2.369916 20.031833
-21.074393 0.389134 33.668451
9.598406 -2.292843 21.422069
10.592746 -3.160304 26.272782
10.128700 -2.406540 27.228914
2.066527 2.077528 16.212856
-3.906964 1.586895 16.594997
-4.579578 1.900387 14.451022
-19.151774 -2.138682 33.632894
-15.309872 -4.934646 29.092990
-7.653829 2.059435 23.017192
3.145583 1.785523 14.918405
-1.283054 1.814630 14.284685
-20.146550 0.019608 30.638614
10.458067 0.897857 26.617370
10.145355 -1.552037 21.952768
10.036190 -2.503117 25.576651
9.606141 -2.028179 23.070434
10.853713 -3.303093 27.701850
11.092567 1.236113 28.373934
2.123016 1.488971 15.947429
-8.544212 2.200008 21.012106
3.263512 2.121765 21.129319
-17.169831 -4.444899 28.653646
11.009820 0.501989 27.754405
10.846041 0.774596 27.451362
2.802139 1.815722 17.413300
1.771160 1.682125 14.040872
-4.935395 1.924403 13.343930
10.886120 0.656267 28.008666
10.538912 -3.533650 26.084768
-2.975671 1.207368 13.260590
10.911477 0.464857 28.571772
-1.346691 1.866346 14.647894
-5.643160 2.333611 25.112168
-9.118515 1.222898 25.635662
-4.830471 1.881820 15.183708
-18.389363 -4.667815 30.400665
2.068495 1.842598 15.454126
10.381558 -1.624514 22.308148
10.791895 0.949170 27.244197
2.289203 1.688123 16.566739
9.844527 -2.093619 23.225635
10.647859 -4.290758 29.196853
5.461415 1.648246 14.283531
10.750349 -2.588596 26.122415
10.137495 -2.618158 24.102420
10.443283 -4.615603 28.603243
3.070209 1.708025 16.061241
10.667103 -0.634269 27.109456
5.379292 1.899785 20.035981
3.182948 1.779288 13.907971
10.216843 -3.266756 25.137463
6.581888 1.629726 18.671820
3.778398 2.068212 21.380056
1.605454 1.863792 11.484065
-5.194802 2.101002 14.510314
-6.534011 2.038612 16.298193
-20.356615 0.502575 34.162502
-20.160118 0.376287 32.391840
2.362297 1.694458 14.748108
1.881848 1.795214 14.857179
-8.389447 2.157038 20.896796
-16.332658 -4.917897 28.168328
-20.312357 0.165550 35.345542
-20.102884 -2.306067 35.182729
10.076301 -3.354120 27.269929
9.822756 -2.527258 21.620843
2.030459 1.951118 15.601406
2.655343 1.728876 14.126957
10.118345 -4.189359 25.255549
10.464898 -2.941122 27.113012
10.261913 -2.415105 27.370018
10.227635 -1.835955 23.179973
10.107865 -4.277408 28.622425
2.440596 1.796381 13.469158
2.250047 1.615562 14.743086
11.112997 -1.736942 23.787806
9.034177 -2.956982 20.137505
10.473007 -2.718413 22.397944
11.389310 -4.146036 26.870135
9.809594 -1.838833 23.772055
4.893163 1.727033 19.485757
11.361332 -1.314275 23.921923
4.004464 1.817658 16.021630
2.925181 1.647083 12.614799
3.084749 1.723474 14.641687
1.953997 1.696373 16.548774
-2.018775 1.796402 14.087845
8.957481 1.492084 22.528350
10.706122 -2.145317 27.486326
10.263940 1.370758 28.147026
-23.528710 0.485115 37.161428
12.368959 -1.043361 29.430903
1.812303 1.819393 12.867501
-2.189887 1.817150 14.090964
-6.233245 2.587620 27.436141
-2.857455 1.167043 12.190832
-4.536411 1.854157 16.628402
-20.155814 -1.334218 33.461972
-19.788457 0.479011 31.488576
-20.417374 -4.708081 29.041620
2.155687 1.626030 13.535718
2.270345 1.620743 13.640485
-0.674891 1.806754 12.833348
-7.481161 2.081976 23.045762
-3.223402 1.874917 14.453860
-9.553898 0.944841 25.692148
10.649730 -2.122018 27.341074
2.517801 1.755456 12.497119
10.580863 -4.364741 26.855850
10.152654 -3.031280 23.065693
2.856198 1.783197 12.450365
10.446683 -1.821869 23.285271
10.534888 -1.567121 24.041194
10.771808 -1.596948 23.992569
9.776595 -3.879423 28.052301
9.938440 -3.279949 21.837645
10.030014 -2.185321 22.091751
10.469639 -3.637700 24.631186
3.143493 1.700193 18.548807
1.958204 1.740588 14.919684
10.839584 -1.899005 26.580722
11.009040 -0.523529 27.356388
1.783515 2.051784 13.200300
-2.621686 1.819948 13.837451
4.141045 1.880612 18.318218
-14.859643 -4.759514 28.372624
9.358617 1.444500 20.338276
1.605613 1.885934 11.524519
-1.797672 1.880616 13.545106
-4.716347 1.900060 14.327447
-20.150231 -1.275076 34.142228
10.297033 -3.710685 23.945877
9.732711 -2.262080 21.154926
10.999496 -0.498009 27.306234
10.176046 1.336623 26.992618
9.320783 1.593866 22.551368
-3.385559 1.391951 12.490881
9.341057 1.602213 21.946717
-3.819382 1.581896 15.501878
-19.065564 -5.098332 29.049137
-4.673647 1.922682 19.837955
-3.722662 1.901706 14.695739
10.561462 -1.951888 20.017174
10.937334 -2.243540 20.466404
12.062672 1.062706 21.408782
11.749992 0.480879 21.403511
18.593814 0.706034 27.821152
10.643617 -2.479434 20.280480
10.993944 -2.392866 20.172968
10.801158 -2.747466 20.201382
11.761719 0.148837 21.357225
11.324715 1.009158 20.605107
11.563350 1.064621 21.064443
11.870292 0.465680 21.536755
11.988471 0.355277 21.767561
10.405449 -1.204686 19.774827
5.640852 1.569407 16.706939
14.298440 -4.553472 55.522720
-3.368685 1.465869 30.960715
-9.708569 0.852631 39.472614
-4.530578 1.797613 14.376228
-6.353078 2.025228 29.013268
11.212150 0.280344 42.640903
-1.273198 1.870772 17.594172
-5.329388 2.022477 26.952601
-6.459498 2.055695 29.157117
-8.413900 1.387669 35.330882
-4.749346 1.883959 14.130357
-1.288625 1.804755 14.341233
0.593822 1.773946 14.848976
12.311756 1.313786 30.562417
-1.244578 1.841818 17.408934
-4.506936 1.841488 20.409607
-18.478567 -8.578833 51.610860
-15.997582 -7.042566 47.398639
-19.662230 0.392590 34.681817
17.936046 -1.703356 56.086949
12.397217 -7.546285 56.021450
11.906472 -6.054464 47.942906
-19.652530 0.170915 34.059886
10.446184 -2.755809 24.725380
-15.263680 -6.700036 42.023339
-19.972416 0.480090 33.593906
0.607290 1.825288 15.227718
-19.748721 -2.823579 31.679147
-13.472620 -5.593256 43.905973
-1.156993 1.736692 16.740749
-6.069591 1.915299 32.185362
-9.627382 1.234204 25.277725
21.760138 -0.155011 46.149476
-12.331250 -8.266215 48.140651
-20.936283 -10.663953 60.779498
11.308808 1.204299 28.076193
11.623859 1.583449 42.662112
-16.854811 -7.064399 42.650884
12.612990 -1.520676 43.492080
-1.774494 1.826176 13.234390
-16.195234 -9.427640 54.400813
-18.950722 -2.808882 41.455368
-20.130331 -1.237644 32.509427
1.730295 1.783081 15.229589
19.601722 -0.011978 40.865563
-15.286760 -7.144432 45.676322
-16.111333 -6.733659 43.253476
11.479667 0.689650 27.869309
10.490068 0.795949 27.020564
-16.053382 -2.794130 42.773461
0.596938 1.810528 15.145313
10.728173 1.175289 27.560527
-1.240873 1.871761 17.801555
-15.887357 -5.083485 30.190538
-16.985123 -6.988513 42.959977
-18.887843 -2.121743 43.186417
-19.570189 -2.211090 34.372723
10.643212 -3.486521 27.453576
15.003897 0.372163 43.391960
14.407512 -7.019079 46.002258
-16.013458 -9.157784 50.790561
18.999285 0.567625 41.349009
11.344365 -0.599907 28.121013
2.971417 1.827727 23.528865
-15.817834 -7.068391 43.277804
19.530733 -0.488661 41.671203
11.173786 1.063807 27.476657
-2.752821 1.905059 14.331408
-15.020459 -6.862162 44.604943
-16.427881 -8.131567 50.492071
-14.998346 -5.892743 42.024587
-15.185580 -7.116798 42.558249
-18.835787 -8.423600 48.127239
-18.886065 -1.873788 44.084380
-19.465234 -0.796414 34.632848
-19.379586 0.442537 34.260750
10.429310 -3.619641 27.526468
2.101289 1.518683 12.892204
-19.341908 0.473297 34.208351
-1.227099 1.856821 17.754333
-7.472583 2.403315 37.783671
-14.139839 -4.436322 40.402078
-17.166743 -7.457456 43.402565
10.356762 -2.919938 23.411466
19.391251 -0.009851 40.477558
10.667914 -3.218630 26.443236
-14.944605 -7.294394 44.389107
19.774016 0.935422 42.774708
5.829365 1.582102 23.144292
19.857512 0.592861 43.095966
2.324139 1.642582 19.244190
-13.614473 -5.715646 44.486732
-15.156448 -6.983492 43.080683
-15.457121 -6.496302 42.347716
10.703190 1.442488 38.294252
2.089128 1.704928 11.448290
2.360042 1.579344 18.373986
-4.833372 1.967783 20.460946
-13.664876 -4.358752 43.456212
-16.525724 -7.218353 43.005515
4.600444 1.634033 16.569203
1.705224 1.897596 12.851813
-4.859415 1.880578 25.684568
-6.423505 2.033226 27.803529
-8.137369 2.293547 32.751150
-15.287135 -7.885696 48.650609
-15.013972 -7.318379 48.749793
-14.302994 -6.963499 41.281327
21.112569 0.325815 58.488898
-5.312202 2.315487 27.231409
-16.166477 -2.884699 43.202012
2.537831 1.781668 14.517675
2.994616 1.722697 18.946168
10.787029 -3.268222 26.715026
9.832113 -2.933481 21.280778
10.936866 0.961263 27.511309
-15.683841 -7.196582 44.454606
-14.846356 -6.442281 42.730730
-20.172469 -4.592428 28.086610
8.758894 1.607550 29.095423
-4.597325 1.876873 19.584723
-15.137734 -6.306230 47.823760
-6.923014 2.036170 24.603801
19.731597 -0.015078 41.121322
11.296394 -8.198470 44.645490
-10.289079 1.395975 39.280171
9.635304 -3.961110 24.817671
10.521633 -1.739272 20.189499
10.733725 -1.245130 19.142073
10.027925 -0.217723 20.763927
9.743565 -2.535037 21.815001
10.356824 -1.017823 21.469977
18.412194 0.447550 27.927104
11.269633 -1.212196 19.847624
10.093767 -1.202297 20.473703
10.164506 -1.162738 20.794524
10.457319 -2.372415 20.683051
10.637317 -2.867043 21.057082
10.811576 -1.460601 20.265696
10.146759 -2.800711 22.298292
9.456959 -2.878012 21.048006
10.688344 -1.641116 19.300488
10.864630 -1.448842 23.520538
10.411781 -1.706697 20.046617
10.257546 -1.214233 20.718763
11.139914 -1.200051 19.630728
19.715410 -0.190581 40.070216
10.294007 -3.021586 21.181281
10.811451 -2.093132 19.917802
19.637216 -0.216324 39.953565
20.974834 -0.192694 42.554818
10.368926 -2.968782 20.924930
10.711611 -1.946324 20.454272
9.561103 -0.972547 19.587842
10.473537 -0.060542 20.759654
11.201140 -2.474437 20.797175
10.655064 -2.906348 20.284535
10.663641 -2.217185 19.935175
10.263098 -0.927459 21.151526
10.174643 -1.014514 20.699675
11.366260 1.126461 21.473439
10.967121 -2.402298 20.494787
20.358424 -0.728800 41.060189
18.958426 -0.599944 29.376476
9.653644 -2.937183 21.424689
10.749102 -0.326180 21.000379
17.533975 3.039904 32.585219
10.561462 -2.384027 20.843274
12.046454 1.092944 21.479895
10.526186 0.036346 20.625037
18.606197 0.423134 28.479980
11.176749 -1.073803 24.054762
10.572005 -1.620440 19.166620
10.860825 -0.705978 21.218429
10.867967 -1.425343 23.580111
10.358914 -1.030461 21.318705
10.500860 -3.035120 20.822782
10.141613 1.338535 18.881730
9.321438 1.456153 17.179157
10.578554 -2.220765 21.008052
10.965124 -2.738617 20.469024
10.820371 -1.779497 21.025767
10.710083 0.031064 20.913951
10.485889 -1.151476 20.860117
10.525500 -0.453806 21.171862
11.065588 0.822111 21.499015
10.690839 -1.233895 19.079537
11.062219 0.603014 21.703871
9.976056 -3.294047 21.881779
10.682355 0.227540 21.519756
11.334820 1.107223 21.178100
10.718473 -0.859926 21.142668
10.010988 0.192609 20.432563
11.396109 0.827585 22.047430
11.290718 -1.104887 24.268351
11.838852 0.602312 20.981134
10.914004 -1.486635 20.401560
12.163822 0.292010 21.283616
6.570067 1.678211 104.058238
4.918833 1.680260 105.135231
7.381103 1.563771 105.040725
6.614856 1.665317 103.994298
-3.375266 0.678774 116.744182
-1.318910 1.998246 112.732513
17.348550 1.381571 111.532942
13.346144 1.341358 106.632356
12.975544 1.495733 105.951788
13.042010 1.505411 106.070622
5.527226 1.630072 107.625760
6.101374 1.687409 113.059385
12.428127 1.499847 107.476671
41.608823 -3.886971 148.536860
0.746569 -6.419200 154.396854
-6.559805 1.055285 150.791592
10.991355 1.584537 109.263551
30.360804 0.109445 137.962797
30.508801 -0.287279 138.903178
8.984959 1.567601 109.260432
34.722676 -9.894618 161.026619
18.852536 1.330869 114.598927
23.527368 -6.365491 129.941019
3.930076 1.372476 108.708368
7.227741 1.611436 109.458801
10.224017 1.535563 107.736796
1.683928 -4.371603 130.811846
4.237236 1.361588 125.331436
10.233000 1.598614 109.964392
10.386392 1.545126 108.534015
14.751539 1.484480 116.213014
5.154224 1.669103 106.600230
2.406858 1.775973 109.120701
7.990807 1.641815 102.793168
12.675776 1.606467 102.744823
12.685476 1.580673 104.541372
14.413750 1.586022 103.924120
14.636728 1.526596 104.008022
2.185112 1.863361 109.722981
7.994456 1.614895 102.603844
15.878998 1.405375 105.382881
26.716648 -0.670291 112.144580
15.436785 1.484087 113.632659
29.562775 -1.178717 131.569765
14.733136 1.240782 103.637795
4.627704 0.866554 86.362542
1.318152 1.753051 78.339828
-11.388561 -6.603440 102.274477
0.866679 -6.630607 124.141534
-0.635788 1.119690 103.639667
11.103983 -4.800217 99.067200
38.118652 -10.554881 132.648942
10.292105 1.608413 94.562104
29.175300 -1.066701 126.094969
8.835746 -6.410686 114.323831
-4.841169 0.800188 84.945265
1.656100 1.783337 80.756436
10.953490 1.478837 74.062108
23.715694 0.456342 87.850933
24.189565 0.636771 89.679920
10.101097 1.651041 76.053907
11.345176 1.587382 81.126662
24.844775 -1.152530 99.711587
12.564802 1.454834 86.283007
-0.371845 2.921098 88.030588
23.983399 0.697891 92.623328
3.804598 1.783823 71.934320
-13.226749 -3.652733 112.676682
23.999150 -0.033925 92.205693
-3.140156 1.355531 82.099481
-3.046495 1.930429 84.148358
23.998183 -0.076595 91.808331
-2.206880 1.946389 74.838741
-3.760370 -5.753510 111.332390
12.224299 1.581618 93.374697
15.852892 2.170942 93.275825
3.295077 1.725273 92.503246
5.692783 1.687876 85.260285
-3.725344 -5.769417 111.221041
86.734328 -15.686461 159.819562
24.350475 -0.483559 96.279118
24.003547 -0.080535 95.339673
23.233028 0.859845 139.919351
23.997029 -4.686872 129.758245
-5.867853 -11.654831 104.737870
1.142062 1.827100 51.630821
0.209225 -13.988567 126.250608
-7.892745 -3.855219 97.407887
7.464661 1.444360 30.853857
13.966203 -0.798463 58.978582
-8.832034 -7.922469 110.472167
0.085596 1.856927 45.776130
-18.489577 -1.806988 53.401171
2.652489 1.850074 32.489465
0.675711 1.794247 33.586733
-1.985814 1.556806 46.243046
-17.990473 -1.893344 54.180299
13.428050 -0.040941 59.113323
15.109476 7.644347 63.766572
-5.953252 2.728047 36.570376
4.272512 1.691195 27.517672
3.842712 1.831161 29.103002
13.273815 -7.944115 60.747372
12.942482 -3.473702 49.207352
25.639655 0.764666 116.307832
-7.455585 -6.874576 98.336104
26.544947 1.865152 133.136443
28.436095 -0.666021 127.742742
25.894290 -5.319968 121.457627
-8.578521 -10.912413 101.823468
28.403751 -0.747015 126.937414
-17.761164 -1.826385 54.398630
-3.594002 -13.074260 105.787104
-8.692989 -9.358897 104.073833
-4.107173 -12.877295 103.658693
11.441366 1.393773 94.082089
15.963710 1.482861 92.585900
17.181621 1.306007 93.132974
12.644711 1.541994 86.099922
-3.821222 -5.845989 111.724137
12.704096 1.479115 86.915854
11.494327 1.584431 87.139175
-0.029360 1.854921 92.586524
-11.636990 0.107703 109.936945
24.325897 -0.261409 95.448526
24.722385 0.551809 97.658656
24.200856 0.431983 94.388687
25.107739 0.700242 99.954246
24.667179 -0.276856 95.865538
24.264078 0.397730 94.429858
23.916465 0.631715 92.361331
23.951865 0.041836 93.354112
13.884017 1.532076 106.326381
11.506304 1.581821 107.255533
13.823259 1.509815 106.218463
12.532457 1.485818 106.378468
28.183362 -1.412412 123.317492
20.671573 -2.117295 109.257625
20.536613 -1.453330 109.184640
30.123916 -4.860788 125.399742
18.427789 1.360527 111.494890
7.619707 1.616099 107.341306
8.889268 1.612559 108.849971
8.570162 1.578175 107.788572
-6.881531 0.657456 163.288212
22.730867 1.073716 129.458196
3.549588 -10.109861 163.452272
-3.670137 -0.155890 168.277066
15.433790 1.286844 103.229517
41.186509 -17.690331 182.637294
29.393787 0.562317 132.177348
9.764275 1.584519 108.012205
2.275520 1.910605 112.279009
7.857344 1.609315 105.692598
5.493728 1.646603 108.648171
4.956947 1.658985 104.976786
5.258399 1.643075 105.388807
7.859122 1.617406 105.728155
11.889942 1.521006 104.282806
2.722386 1.762655 89.725457
9.200046 1.539986 84.246607
-12.036130 0.106647 110.583204
-8.636441 -7.778496 120.589607
9.266762 1.572043 84.434371
-4.784715 1.499510 100.780783
4.697414 1.699158 101.954154
13.757417 1.539128 102.046477
15.739079 1.412923 103.267569
10.028174 -4.761229 113.304227
2.201278 -6.566449 125.866970
0.802150 1.859634 134.016004
0.736810 1.808804 133.918067
4.513860 1.748891 101.842182
12.395627 1.497112 104.530456
12.418520 1.496681 104.588157
-4.995248 1.286142 155.212475
0.104427 -5.951443 149.210254
15.676449 1.395831 103.209867
11.497758 1.480528 104.252552
11.850611 1.626239 105.588423
37.417499 1.371559 154.481379
15.252857 1.502302 113.956100
59.632950 -9.850640 146.714112
33.068353 0.488062 155.674712
24.358802 -6.829257 123.815598
12.077456 1.433278 103.838971
7.827215 -7.451686 148.480406
41.792532 -5.350691 148.172560
12.592810 1.561591 121.780757
-4.510430 1.434304 158.591920
19.521782 1.324113 117.467480
12.039623 -5.692815 136.172174
16.989708 1.406913 113.964209
25.964562 0.843012 154.128307
35.406050 -0.245933 170.850560
34.119771 -1.262777 164.055800
32.372814 -15.546324 185.662732
-48.251376 20.271310 273.411674
17.913309 3.000022 135.301347
32.996304 -15.656020 184.416688
29.634699 0.619510 132.540713
28.261400 -0.184517 125.807709
13.415293 1.421947 114.316033
14.445439 1.492312 115.135709
3.601270 1.836432 119.545987
6.547766 1.668127 115.548354
28.414481 -0.316545 125.964907
15.402725 1.528723 113.201612
13.520715 1.450913 115.359966
6.165251 1.721144 135.858714
40.219616 -3.072420 150.252003
1.008329 -6.235148 152.502056
41.784735 -3.618799 152.069762
15.016654 -4.960035 130.807792
28.140195 -1.414009 123.301273
6.695857 1.652547 117.884179
-0.213776 2.339132 131.971182
30.657640 -2.022877 141.755200
13.511452 1.450012 115.342187
6.630326 1.688684 118.157716
10.278787 1.631348 118.693250
52.811054 1.369579 145.949331
50.050108 1.861802 144.219529
11.629504 1.498818 151.787491
4.670528 -5.538704 165.242271
1.222923 -0.436936 216.936720
35.494006 -11.843999 183.429210
30.942406 -13.030064 179.345804
57.280906 2.019075 195.790465
28.279739 -8.852807 182.654136
62.711100 11.272815 173.883172
3.193147 -5.865140 129.345912
11.643166 1.569233 107.253662
23.218056 -6.228816 127.754282
6.755430 1.628060 117.830844
7.068297 1.629392 119.237205
8.469980 1.631678 105.380385
-4.274757 -4.121832 156.475049
30.543329 -1.986893 141.392771
3.071840 1.887375 138.577242
6.175668 1.709491 136.001253
0.679763 -5.999600 133.155157
3.958365 2.448943 110.386082
40.689651 -3.212922 147.820424
23.458438 -5.607978 122.195897
-5.490952 -7.327830 150.286936
1.893419 1.831585 14.412845
10.683228 -0.236479 26.992618
10.910511 -0.193551 27.085689
-1.222517 1.815884 14.225050
-20.177304 -1.294747 33.527471
9.530630 1.582151 25.533702
-7.349351 1.990358 23.174172
-3.579749 1.468560 13.283951
10.092301 1.456281 29.044458
-5.292708 2.201767 19.358439
-1.366344 1.881505 14.586668
2.355681 1.752658 14.715951
11.476205 0.438233 20.950911
10.923392 -2.472220 18.954746
19.187798 0.777485 38.987296
10.849284 -2.255770 20.230826
10.213818 -1.146457 20.429850
17.391218 -0.193913 36.244128
10.635788 0.002609 21.043608
11.155883 0.993657 20.096334
18.460383 0.173798 27.942887
10.157582 -1.106135 20.919253
10.245912 -0.820249 20.236721
10.355233 -1.627920 22.305185
10.423259 -1.976338 20.710592
-20.581215 -1.419208 35.489952
-18.695463 -5.299196 42.437232
-18.502084 -1.555577 47.221167
2.261166 1.829308 16.293951
10.542031 -5.691692 45.382511
-18.723346 -1.541277 47.780717
15.944435 0.818026 51.357908
14.844766 0.564017 50.992672
17.608083 -1.707595 55.331525
-6.190452 1.998595 31.704099
-3.626440 1.517694 18.925427
-4.832904 1.955871 17.606149
-20.647494 -1.160901 37.384126
-20.795647 -1.473704 34.262622
-8.283370 0.879074 39.824126
7.064523 -5.223996 38.448020
17.063348 -0.639865 54.901726
20.775529 0.735091 61.703972
10.736189 -5.823657 46.225891
19.761290 0.358174 41.551433
1.695293 1.354136 18.422674
10.719502 1.427882 38.311407
19.658831 0.402184 40.700568
11.899829 -6.727826 49.517069
11.218700 -6.048038 47.828126
10.494029 -2.746393 24.802887
19.518039 0.737028 56.823035
10.154806 -2.473324 23.544772
10.831631 -3.578220 28.782555
18.504766 0.455852 27.998031
10.697607 -0.038015 21.121427
10.452453 -3.002417 20.746741
10.197069 -1.128532 20.896110
7.744436 1.655217 15.681315
15.025013 0.943332 53.205921
-14.939864 -7.804477 62.999920
2.147743 1.564632 25.830476
11.541299 -4.668501 50.403180
12.538290 -2.915038 49.466229
11.434379 -1.594596 45.336038
-8.657339 1.093799 38.013854
11.097308 -6.136618 57.226947
-7.790379 2.000498 19.425498
10.345970 1.450835 39.269566
-20.169350 -1.342393 32.635435
-20.033486 -1.354171 33.269529
10.857768 -7.890312 55.309068
10.872927 -2.287646 26.098305
-6.200496 1.949240 28.084427
-16.320992 -6.827947 43.005515
10.573190 -2.574739 26.446854
14.984965 0.677592 51.520720
-10.105588 1.045660 37.827961
-18.892428 -2.848538 43.068831
20.664181 0.278149 42.565423
-15.218111 -6.462929 41.975930
1.605528 1.489317 15.668995
-9.779153 1.496507 35.455331
-7.979235 0.842644 36.155236
10.578087 -2.574489 26.414915
20.060746 0.139995 42.264127
-8.446806 1.378480 35.409169
14.113109 -2.860044 49.385447
10.354360 -3.586642 27.364217
-8.709208 2.390374 25.686034
-20.220689 0.161496 33.621354
10.759145 -3.281322 26.322374
-16.320026 -1.075409 35.694247
-18.595873 -2.829780 42.597549
-18.288993 -2.886917 45.468908
9.897800 -1.856297 23.162631
19.327779 -0.597814 39.788569
10.602602 -2.484534 28.153700
1.813644 1.884929 15.081062
-16.150913 -7.610225 42.374851
10.669817 -1.533879 28.183393
-17.423780 -8.790676 50.823310
-16.270964 -8.100284 50.045429
11.042476 0.637341 27.037532
11.418316 2.691174 36.141825
-0.148794 1.920327 15.580852
-5.710468 1.809827 25.370796
-9.532158 0.686400 37.386621
10.908920 0.275932 28.270008
-2.321759 1.822465 18.084262
-14.409071 -6.394592 48.711117
-16.058466 -2.520159 43.406931
-18.865324 -5.136196 43.148989
-0.884189 1.865173 15.091323
5.421897 1.833104 25.035596
2.758994 1.782619 19.494833
6.421384 1.550409 20.658192
-19.969827 -1.612786 33.854967
10.677240 1.139829 27.513243
4.343220 2.225441 28.018959
-1.258860 1.829373 17.616816
-15.348392 -8.703843 51.867554
3.966506 1.798196 19.958879
-9.172693 1.124225 25.672903
-19.454193 -1.893463 45.428673
-15.099464 -9.479759 50.594687
13.825349 0.830271 47.896744
-14.409134 -4.898964 45.402161
-16.024780 -2.177835 43.435938
-1.286395 1.848231 17.713723
19.307973 0.241897 40.569257
17.732718 1.160427 50.206370
2.485644 1.858861 29.664111
-4.516917 1.953725 38.819493
-13.196214 -9.491112 62.803110
11.038109 -7.647965 52.320746
12.671565 -7.662437 57.966776
11.112997 -6.847440 47.950703
12.512277 -5.151386 54.660003
11.692321 -6.405196 55.394217
11.003613 -5.760341 49.696100
1.555949 1.363016 14.224145
-13.680409 -8.832783 56.777186
14.588414 -4.370604 52.564965
-20.072692 0.209702 33.298848
15.837702 -1.183979 53.224635
11.187073 -7.573733 55.734813
-0.788049 1.380386 18.554795
14.912043 -1.167133 50.145550
2.778060 -4.736215 34.727978
3.031645 -4.702093 34.486879
-1.095196 1.790136 21.341380
-4.852554 -5.424268 35.991800
-15.070208 -6.198749 47.600750
-7.776749 2.091613 24.295393
23.844041 -1.774678 75.824036
11.254818 -5.546627 48.350872
11.311459 -6.871457 50.337057
-13.770267 -9.285351 59.755839
8.115130 -6.570878 42.426627
-9.366040 0.716068 36.798688
-19.202301 -2.528250 42.650572
-20.446287 0.190285 33.860270
20.552583 -0.992575 59.500704
21.211473 -0.600478 60.725227
12.551920 -2.307939 48.749169
11.488026 -7.805569 48.861142
10.535138 -7.969223 49.737583
10.819779 -8.529615 57.666415
4.326346 -4.518820 33.810054
4.810946 1.361538 19.083810
2.990758 -4.626020 34.104800
-4.588561 1.766809 23.945534
-8.577898 0.929521 40.984085
-1.609143 2.727573 31.658562
15.932520 0.811055 59.540939
8.774489 -0.419301 36.744417
11.577479 -6.121304 51.912468
11.600872 -7.686734 56.635271
12.216627 -7.374459 55.707054
-20.016955 -2.987290 31.400619
-8.458689 1.216547 46.433305
4.414582 -4.627081 34.437286
11.732681 -5.078214 47.213681
11.262803 -5.527788 47.853078
11.368443 -4.712011 49.702338
13.752863 -6.987952 50.755316
11.880117 -7.340181 50.824246
13.852484 -0.925934 50.288400
13.110067 -1.801290 48.871746
21.177913 -0.752735 60.901763
14.886498 -2.329382 50.636170
-13.628196 -9.605455 61.671846
-20.736230 -1.320922 33.473825
-9.420217 1.148113 40.955079
15.387941 -10.916374 77.984885
-15.022955 -7.585242 62.947521
-7.042285 2.257626 35.767855
9.153448 0.355854 18.988493
11.840412 0.560951 20.942334
11.262179 -1.558235 19.794165
20.448283 0.216881 31.199755
10.644771 0.191191 21.471068
10.860513 -1.873975 20.404336
14.875176 -1.263935 31.236560
10.774116 -2.526344 23.333428
10.779606 -0.498670 22.016458
9.980141 -1.158235 19.868085
10.566921 -2.878985 22.782674
10.728704 -2.016863 20.004136
10.815350 -0.750343 20.343578
10.948562 -2.719723 20.446942
10.025398 1.305258 18.721070
9.871818 -2.119731 22.255655
10.750349 0.587914 21.210194
11.267637 -1.312535 20.085106
12.295693 -1.692003 25.316276
10.572909 -0.221034 21.460682
10.905520 -1.885197 20.153194
10.693864 -1.842913 20.111274
10.272455 -1.233755 20.769915
11.512885 0.072752 21.039928
10.366992 -1.951483 20.652266
8.084377 1.605803 16.739595
10.396592 -1.609770 23.320890
10.764229 -0.758013 20.289089
15.897805 0.392792 32.674111
18.747207 0.815795 37.969564
10.569197 -1.980814 20.181920
10.600232 -1.932503 22.992178
10.401364 -1.380027 20.361013
10.540409 -1.570065 19.811163
18.695026 0.690957 37.764957
10.083474 -2.364193 27.083787
2.285772 1.898294 17.575770
-6.926382 1.991521 28.339375
12.275233 -2.255103 32.060290
11.628787 1.143775 29.053940
-7.191592 2.024399 29.262009
2.270897 1.668589 17.498106
0.936613 0.852116 11.404686
11.117644 -2.423049 25.003876
5.658661 1.580112 16.773062
11.550874 0.772335 29.588288
12.576529 0.608509 29.903277
12.222366 1.337824 29.792864
10.089931 0.225647 26.194807
10.971581 -2.679865 24.838537
2.250265 1.466025 14.845202
2.146602 1.796368 17.006551
9.635397 -2.564633 22.154630
0.909253 0.824731 11.205943
2.066858 1.836229 20.531249
-6.959662 1.902411 20.834042
10.502887 -1.842798 23.866872
10.225046 -2.653593 23.880783
10.847070 -2.872875 27.278725
2.339634 1.687006 15.194781
-10.800378 1.391178 26.380045
10.860794 0.235200 27.857862
3.167572 1.742253 17.988196
-3.478474 1.414514 15.425400
1.961242 1.534739 14.908674
10.006622 -2.125726 23.119090
2.128174 1.712523 14.033543
2.192089 1.700689 14.406358
1.858736 1.637975 14.973175
2.399391 1.598985 14.084788
11.150581 -3.755099 25.168934
8.533732 1.661437 20.576693
10.408163 -3.407486 24.542107
4.895284 1.762711 16.478284
9.981296 -2.941992 22.826870
13.587992 0.228549 29.968589
10.378221 -2.374832 26.731464
10.951151 -1.788670 28.960276
10.185715 -4.255170 28.818579
2.663739 1.761654 15.882647
-10.588504 1.362211 26.002801
-4.782064 1.938401 19.472252
2.520115 1.680300 14.650264
2.121905 1.592806 13.662225
10.661957 -3.012582 26.900264
10.472727 -4.210974 31.652012
10.809891 -2.605963 26.237818
3.644374 1.253392 17.097532
10.641371 -1.935660 27.050788
-7.908808 2.134877 24.627412
8.286270 1.619533 20.129271
8.630079 1.644666 25.261849
6.723928 1.263432 20.420150
5.148579 2.350220 19.255137
4.475840 1.839635 18.854220
2.268452 1.822300 14.145827
-3.722225 1.513945 17.504095
-7.684769 2.052907 23.114692
9.638548 -2.954375 22.504053
10.106555 -3.362354 25.221177
10.341291 -3.842743 25.864005
2.299664 1.626338 13.584530
2.352157 1.682203 14.739717
10.800721 -2.626408 26.850610
10.522100 -2.376257 26.988563
10.490505 -3.562812 23.867621
2.460327 1.802977 13.976527
2.741019 1.904747 14.406358
9.942589 -2.128165 22.949354
9.994052 -3.677030 27.113667
8.366429 1.598763 25.412747
1.708793 1.758843 14.911357
6.151309 1.668036 16.295853
10.339171 -3.301408 25.411499
8.526808 1.628310 25.094483
10.993601 -4.492495 30.037020
-1.878407 1.740441 17.120301
9.031557 -3.444415 26.662222
6.297247 1.651955 21.959848
1.864297 1.873701 13.104764
-6.056210 2.492777 26.370158
-4.628796 1.892508 14.356797
-16.843832 -0.810337 31.356330
-18.852349 -2.229165 30.522026
4.327593 1.726646 14.993636
-2.668262 1.900855 15.118084
-19.686777 -1.584834 33.460413
10.710114 0.625704 27.544402
2.058758 1.706743 16.525537
-4.591118 1.902274 17.209224
-8.451640 2.176394 21.307819
-18.422955 -1.202612 32.430516
3.161053 2.245524 22.732770
5.198233 1.770031 23.102185
10.618977 -2.596020 26.427204
10.938270 -4.322541 29.040965
10.922394 -1.573259 28.730904
10.206145 -3.268472 25.077734
4.941040 1.736879 19.607274
2.882675 1.754343 14.094987
5.497440 1.665775 15.121079
4.580982 1.780277 17.586811
-0.096022 1.757281 14.738657
9.810904 1.443240 23.611083
-4.325005 1.800778 17.350047
1.971897 1.756386 15.058355
-2.702524 1.956445 18.088036
-7.727937 2.092184 24.191842
11.423369 0.241432 29.044863
-8.702627 0.526567 28.540863
3.863703 1.766741 17.328651
-4.653093 1.895967 16.605820
10.064448 1.450442 29.010274
4.991568 1.765574 19.032846
2.033544 1.983942 14.267500
1.963251 1.775857 13.266672
3.557822 1.184004 18.601736
-4.740082 1.920498 14.416089
10.727362 -1.375536 27.389699
10.903680 -1.308028 27.114259
10.448055 -1.171203 26.816519
9.965045 -1.844710 23.047353
10.677053 -1.913637 27.173801
-8.195663 0.988620 40.041209
-13.574830 -7.580127 51.313618
11.541642 -6.554877 50.233194
12.078455 -6.237300 54.460698
17.534973 -7.720139 47.958813
13.266454 -2.485488 49.039549
7.030869 -7.117890 40.825952
20.521361 11.713780 71.985784
14.108430 -4.557339 52.627345
10.539879 -7.214080 49.954042
4.238920 1.806973 19.638526
11.110844 -9.548970 54.868352
-15.645446 -9.709505 53.485696
19.845098 -1.378608 42.320581
14.583393 0.974799 51.008891
-11.743878 -11.091132 72.155458
-13.377147 -8.977224 57.851684
-13.836484 -8.588939 53.484136
18.200226 1.101718 53.985985
22.300413 1.420874 63.129047
14.266845 1.041359 58.858500
-0.997883 1.797213 23.965340
-4.940946 -5.526010 36.764067
14.725869 -5.024754 51.292409
11.506865 -9.490800 59.294849
10.148568 -8.267431 53.332864
-14.772093 -3.322150 52.071225
18.533929 1.087265 59.519730
2.792302 -4.759108 34.938511
-6.076110 1.980243 35.909146
-13.756232 -4.848967 53.552755
-17.772142 -2.904486 53.519693
-18.856060 -2.443806 41.999011
10.598111 -3.470646 27.366962
10.715042 -7.328922 50.712585
10.908577 -5.463879 49.434416
9.440771 -8.528773 54.480036
11.750428 -5.048396 47.263897
8.850062 -8.893354 51.072519
-14.036194 -7.901229 59.242138
14.410350 0.927163 52.146705
22.153258 -1.134040 68.389567
14.449962 0.639955 50.212296
11.721110 -7.936505 49.870765
-13.793597 -6.361717 43.001772
15.624861 -1.527132 51.727823
-12.379720 -11.498506 74.745483
-12.933593 -7.566372 59.835374
3.047646 -4.668844 34.499978
10.736127 -4.908041 48.385805
7.044749 1.625821 26.134361
11.147025 -5.973744 47.161906
-8.076143 0.933398 36.871361
23.745793 -0.157520 73.616713
11.768051 -5.507046 49.640270
-4.219333 1.903356 37.836070
-14.801193 -7.360860 62.044879
-14.126364 -5.537769 42.571037
-15.026573 -9.322062 62.360835
12.101192 -8.271081 48.120377
10.292292 1.417097 31.717823
-14.756966 -1.978584 55.234524
-14.513995 -0.251291 55.971234
2.726291 -4.641709 34.232056
33.863077 -8.240265 164.670556
14.900190 -4.969766 136.388322
42.833034 -12.519264 183.153802
35.895423 -3.392889 170.040242
5.233042 1.765777 130.537062
33.320369 0.200612 158.983356
5.295921 1.745104 130.171514
11.894589 1.598710 124.370470
15.477644 1.402453 120.913672
41.447258 -14.425009 174.975137
1.146086 -2.790939 149.940102
33.544314 -6.310846 161.944543
8.682197 1.617081 115.575489
14.286276 1.467827 118.279670
16.414001 1.376038 120.031617
9.791192 1.565140 115.236765
24.453496 -4.858355 130.967485
16.875334 1.467581 121.876198
30.427426 -0.609960 141.239316
-0.057077 -6.043984 149.567693
12.936088 1.548154 114.100822
6.672776 1.678373 118.048863
22.548561 0.344395 77.414418
23.475094 -1.844170 79.729035
22.374208 -4.545362 79.853795
0.806420 1.736305 73.607356
-6.203802 -5.933696 106.533171
-2.143844 1.960746 75.077969
-6.097724 -6.504568 101.518117
-8.673214 1.004255 128.580507
8.870117 1.582682 108.702442
-11.688391 -4.363306 137.277551
-8.781132 1.001966 128.706515
-6.732224 1.076813 128.545886
3.667985 1.799949 119.199153
6.248903 1.612687 113.969511
8.857860 1.647492 109.064247
11.642261 1.603991 109.166238
14.367058 1.446278 113.396550
0.782905 -5.901040 132.741265
29.515896 -0.752027 132.523246
27.968618 0.470269 124.876373
15.548289 1.426566 105.944302
19.955199 1.275001 111.129342
18.530311 1.250722 109.951605
10.908577 1.540734 106.418703
5.976052 1.631532 112.265597
16.756063 1.337415 112.397219
-4.480144 2.099885 31.604603
-10.020782 2.164913 35.770663
28.325651 -1.232589 121.148222
21.165530 -0.373168 59.990388
-8.803651 -6.461900 86.690350
19.825261 0.250263 42.053282
19.328372 -0.935347 40.228350
19.901209 0.244747 42.144980
19.170862 -1.118548 40.266713
21.556373 -5.021604 44.110268
20.401280 -1.859681 46.156337
19.063038 0.590332 42.005873
-17.199430 -0.058763 46.505043
-15.912589 -2.442577 44.714420
-0.491228 0.029889 22.294331
2.497443 1.734440 29.947816
-10.566546 1.113374 38.447396
-7.266729 2.091601 31.803284
3.177708 1.711310 30.491491
-15.516382 -2.428438 43.841721
-6.324289 2.039573 36.346120
2.550632 1.769888 30.160470
-3.865325 1.827801 29.350183
-8.381805 1.361737 35.204562
1.385255 1.841678 29.113139
3.798921 1.724568 31.077428
-0.064835 1.822624 38.215030
11.647657 -7.041973 59.768315
-10.950746 -5.773628 79.121140
-0.354516 1.789210 35.015862
11.335975 -5.894022 55.314059
35.386089 -8.757646 69.755381
22.414631 -5.681461 122.811277
5.784950 1.703387 111.881959
17.113782 1.404050 113.112720
5.438210 1.640025 107.835045
3.252814 1.795635 116.313758
19.277189 1.637124 113.403099
10.447119 1.743351 108.378377
8.867498 1.588742 108.797259
10.455416 1.524921 107.304190
10.971706 1.588327 106.661674
5.887441 1.639600 110.284403
9.598032 1.646790 104.226664
15.244903 1.503197 113.930212
2.968089 -5.631838 127.343197
-5.793278 0.916527 148.693435
16.556103 1.409798 112.685416
5.485744 1.586615 106.237489
28.530477 -0.701571 124.812433
-1.482172 2.041572 113.094006
23.151777 -6.213689 127.590846
0.513183 1.943698 124.142470
-6.727015 0.500626 129.234252
32.395271 -14.245511 187.448365
14.361226 -6.946032 143.824350
106.538785 -14.933938 217.097349
7.910055 -6.050409 174.161076
211.400168 34.039925 317.302987
15.563292 1.406405 104.997371
3.174683 1.730192 111.543858
-3.728931 -2.235571 120.401531
15.592891 1.436250 105.965511
5.562877 1.651063 108.615109
5.791001 1.620921 109.792535
15.714532 1.466711 106.200373
14.556039 1.503000 105.396916
15.501878 1.409546 105.894398
-1.588680 0.241541 28.860530
-24.940404 11.374432 80.034386
-3.036792 1.866736 43.539801
5.447972 1.599955 34.809384
-15.907755 -2.691386 42.961849
-15.634530 -2.006583 65.238432
-13.182428 -8.608713 62.658077
-5.717860 1.972527 50.311169
-4.816685 1.994484 42.312471
11.705452 -8.620441 62.140945
6.944722 1.737612 41.582623
-3.741968 1.788929 31.062581
-3.643002 1.865772 35.094150
-7.487399 0.742988 63.688909
13.766805 1.545051 102.071429
13.715061 1.531808 101.979418
14.900627 1.320495 102.274165
11.434317 1.545818 103.281605
1.760325 1.808853 104.959007
9.880302 1.609727 102.570159
1.646116 1.849965 105.165486
11.466848 1.566298 103.355837
0.204217 0.843985 107.316042
11.460704 1.563088 103.324023
15.911248 1.375364 104.209198
15.525552 1.432642 105.046652
-7.639357 2.545975 44.006093
14.202437 1.260463 130.378304
-9.573048 -6.677829 96.454407
-3.878238 0.741058 79.244029
20.435214 -0.108549 48.726089
11.629504 1.290936 37.821099
11.581721 1.296294 37.753416
6.083408 1.698743 31.094770
-5.983725 -7.171412 103.423831
11.000276 1.530582 73.789818
-10.416834 -7.840845 99.809524
7.933261 1.598470 73.827558
-10.686036 -0.313024 80.589569
-12.340826 -3.245609 108.119499
-2.510144 1.860554 84.812083
3.361044 1.780483 68.849932
11.345144 1.599858 74.590468
-2.496670 1.888635 84.719137
5.658069 1.743017 85.516667
2.468168 1.691173 85.443058
-8.969364 0.545929 112.860080
-5.670888 2.090569 95.626310
2.427830 1.725635 85.773050
2.413492 1.741068 85.851025
3.272433 1.727762 92.458333
-2.380948 2.066646 101.992830
-1.958809 1.980661 103.416658
24.178025 0.639369 92.623640
67.275769 -12.806338 152.854504
24.606701 0.551640 97.430656
24.600183 -0.903680 96.934734
23.943631 -1.001776 96.260404
66.213123 -12.741525 149.395212
24.791503 0.558387 97.673939
26.486465 0.591975 94.173164
-8.406227 0.507600 110.678957
-11.780215 0.047739 112.977355
5.843400 1.685484 112.653602
5.996138 -9.897581 162.896464
34.630665 -16.932443 186.051361
36.645544 -17.364457 186.401625
14.747328 1.480216 86.047834
-0.550424 1.037987 103.072007
-6.214063 1.986880 99.878454
-0.488477 1.023515 103.025534
5.633491 1.743264 85.472689
52.333534 -14.352056 150.462848
32.071518 -8.356354 121.282963
-10.919556 0.039398 110.819313
33.562092 -8.744328 124.183953
23.831035 -0.086286 91.175484
24.380947 -0.929044 96.646537
24.735922 0.543450 97.661151
23.855363 0.521639 96.445673
24.809562 -0.283811 98.590927
3.516526 -5.972683 111.931239
-14.097326 -3.789502 114.750823
5.569926 0.736164 91.481147
-0.586439 1.921319 89.902617
14.505199 1.296366 122.366195
49.082279 1.352380 180.863514
13.732246 1.447148 142.508129
1.649728 1.875210 136.833716
-15.969543 14.676152 186.101577
3.477352 1.908054 140.888427
42.876388 -11.275497 221.375069
8.985833 -1.166540 211.950673
33.106717 -2.043456 161.145453
12.194107 -8.683726 193.694179
40.810357 -5.083922 147.446455
2.428650 1.711444 85.485477
10.332870 1.603033 94.830027
6.558246 1.698191 92.236883
1.902302 1.758871 83.358625
3.248666 1.732407 92.542234
56.946236 -15.838076 158.382947
24.254908 -11.682652 128.287633
-11.694816 -4.255638 118.101574
-1.960347 1.485328 102.597918
23.691303 0.221061 89.599137
23.869087 -0.088678 91.213848
17.198993 1.339446 114.872464
19.072488 1.374828 114.921121
29.835158 -0.438133 130.623458
29.008277 0.044028 128.710258
14.365561 1.425203 114.283908
0.050206 2.230300 128.096437
0.802692 1.975945 125.556940
1.557917 -5.247358 134.479488
9.481443 1.582095 87.085216
9.535870 1.583686 86.539702
-8.367895 -6.733253 127.027553
-6.163036 2.102162 100.685966
2.417771 1.736458 85.868491
12.571258 1.482162 83.607834
4.740301 1.715679 103.683645
-3.968346 0.721149 79.389686
13.825131 -1.447345 59.043769
0.875428 1.631447 72.071868
32.022862 -11.939066 126.033525
23.029356 1.583047 61.375228
13.058135 0.294151 65.419959
-7.715211 -10.321392 124.060752
14.122341 0.867019 58.374742
-2.983971 -5.360578 120.360360
-2.104177 -12.323234 102.230187
1.293812 -0.052901 50.643967
0.538668 1.821794 44.872865
-16.078209 -2.049719 66.786396
-13.292809 -5.315976 62.400758
-4.864312 -9.416287 112.317061
7.817670 1.771288 84.176429
4.536161 -7.097179 84.786195
-5.510540 -7.497941 107.665995
-5.079243 -12.057869 106.861291
8.731041 1.659416 38.509776
-3.568084 1.946954 38.067189
3.327639 1.798118 40.377126
7.000209 1.663137 38.267117
-5.934475 2.017287 39.086792
-8.227851 1.269206 45.796092
-2.959774 1.845087 43.953070
-0.022091 1.837570 38.489502
5.302814 1.806106 38.909009
-6.345436 2.061662 44.230350
-0.009592 1.841004 38.495117
19.663852 0.576592 42.847693
31.264631 -5.556171 65.296446
14.214165 -2.249155 48.162796
2.721868 1.541570 27.774335
19.829129 0.723835 42.889800
21.470226 -5.221065 43.913770
20.800419 0.145054 51.319544
10.389106 -6.409407 113.673829
32.843785 -1.015499 153.883465
73.991930 -16.097921 179.739735
41.246082 -4.150496 147.475774
38.274291 0.382640 207.150518
11.126689 -4.780660 99.064705
-18.290116 13.459021 157.206457
4.405693 1.669637 100.170705
21.547453 0.871566 110.662115
-1.785133 2.049866 103.793434
-9.557173 -4.883775 120.438335
4.063819 1.658761 97.709808
33.365907 -4.932775 168.011638
32.314801 -10.629831 181.289258
89.955016 -20.328981 173.889098
39.833795 -4.943098 165.719167
29.856211 -10.296970 186.231327
29.372890 -10.931907 184.387681
13.466507 1.547499 108.947908
16.778177 1.355371 112.438390
3.230700 1.768225 111.821138
2.578962 1.872743 112.879730
12.647705 1.403479 109.855539
13.381826 1.513271 108.766693
16.834225 1.361176 112.505137
27.824770 -1.306908 118.840467
28.930396 -1.182843 124.736329
27.478903 -1.118177 117.988666
6.953206 1.679352 119.502321
26.823817 0.362139 117.031754
35.397941 -15.877906 184.251381
35.808714 -10.429403 194.591830
7.183326 -7.818450 177.577326
4.214904 1.778527 122.740788
5.211396 1.682162 116.507137
6.606247 1.585492 114.678774
8.696326 1.585249 115.417043
17.099497 1.346435 113.558114
16.868004 1.367283 112.537886
16.236311 0.903393 111.479919
-2.829169 1.485752 32.176317
-8.507969 0.429332 37.379759
3.766203 1.477094 36.047319
14.927419 0.555860 51.129285
1.212920 1.771241 35.400124
-7.044250 2.104769 35.665240
13.869233 0.084517 60.387438
12.803936 -5.179582 55.466266
12.725430 -2.882684 51.389098
3.575943 1.675868 39.660378
-14.673532 -0.081333 58.328581
-7.126810 2.131555 35.812769
-14.067478 -3.445475 66.473560
-3.076665 1.899529 44.302087
10.615639 1.523065 40.253302
3.117518 1.746398 33.693715
10.946597 -5.205158 48.183381
14.050042 0.357585 57.937145
13.523460 -5.463536 51.543177
34.431984 5.878333 63.728832
20.431004 -0.181516 52.290492
13.391557 1.379943 65.286465
-5.492231 1.999232 35.765048
3.689007 -4.630480 50.504236
3.717172 1.781653 44.848849
3.689007 -4.584756 50.152099
-14.370271 -12.237649 157.980907
-4.362214 -8.750722 103.073255
19.546203 0.932715 64.827971
22.094465 -10.983339 124.989905
-5.548373 0.922478 60.332856
-4.344374 2.146205 35.479035
11.117675 2.327785 47.171263
7.053544 1.629751 34.909504
29.580584 6.219865 59.443002
20.546750 -0.141317 48.889213
-13.721704 -6.963904 61.080482
-9.491549 -8.581141 76.196757
3.769072 -4.419105 50.986434
13.231240 -2.152721 49.052337
-10.381651 -9.390431 86.935504
-13.991436 -5.710531 62.836484
10.640498 -7.800142 61.577652
11.629068 1.301650 37.827337
-2.829527 1.465494 31.667295
-8.731758 0.433053 37.696962
-8.055432 1.517900 36.347367
-17.941099 -2.804662 54.294455
-3.392608 1.722264 32.271135
13.710133 -1.470394 49.659920
20.073316 0.542948 44.845418
-0.728345 1.497165 55.287547
29.847228 2.196921 142.718662
-18.044463 -2.963108 52.148889
6.285988 -4.764255 67.444195
28.042352 -12.667386 130.303760
25.148785 -3.982725 60.480385
20.962888 0.325809 54.154099
-16.774465 -4.985143 61.303491
21.167027 0.273435 58.920257
20.953188 0.690645 54.241744
31.640159 -5.064709 71.051329
13.630099 -0.916362 51.434012
-13.750212 -7.354778 74.500952
20.466810 3.635984 60.611695
-9.112496 -0.957517 86.871252
13.733868 1.382042 117.188016
23.295907 1.613469 132.080971
7.762277 1.583932 124.642135
14.625312 1.321795 120.652923
16.822841 1.408338 119.380680
2.190941 -4.743575 134.281431
11.140007 -0.236245 27.587912
11.286663 1.257310 31.367246
17.382828 1.096737 50.568175
0.379296 1.869478 17.143163
-6.363152 2.046413 33.878984
-16.598709 -7.094497 48.731391
17.935984 -5.760403 53.012542
2.766411 1.901167 26.424241
3.613434 2.484434 30.849304
4.402075 1.799194 18.592847
10.579272 1.505864 40.002845
10.999465 0.845760 27.801252
5.130083 1.703690 24.798333
-6.476590 2.015812 28.653054
-17.848184 -1.274910 44.631142
21.245969 0.438863 56.761591
20.938466 0.673197 54.221782
13.683652 -5.418623 45.926155
3.365410 1.730089 23.634226
11.488868 1.260962 31.744334
-4.873763 1.917651 26.003487
4.553004 1.791287 27.425287
-7.778964 2.088831 23.345499
-20.204688 -1.776319 33.325672
-17.865245 -1.324970 46.332873
20.892711 0.669352 54.154723
-15.570996 -0.216234 40.640059
-16.761116 -6.965183 42.977132
12.297440 -5.445134 58.783644
14.107993 -2.846803 49.383888
-6.231499 -6.195287 64.443709
19.247558 -1.939970 57.560057
20.407798 0.189450 58.110250
13.915956 -3.676220 57.408161
13.048186 0.442918 51.176070
12.802626 0.474872 48.685853
12.731357 -2.994473 50.184849
12.251965 -7.344392 65.334498
13.892470 0.232683 51.067528
21.005619 0.792715 62.163090
-9.815239 1.515136 35.569175
-9.361174 -8.925636 61.125708
22.354746 -2.646784 61.255458
18.793805 1.179176 60.047466
-3.100460 -4.469290 47.695256
23.010050 -2.371962 67.723970
-1.773340 0.949342 23.136026
-12.934311 -9.238410 59.194729
10.983402 -6.651317 50.574413
10.539972 -8.097726 60.948548
21.237080 -1.376802 60.243964
22.582028 -1.098125 69.254156
14.234095 -10.135375 62.749152
-14.065887 -8.773615 52.949538
10.675868 -9.977459 61.027147
12.846011 -4.172235 50.720695
14.193641 -4.386667 54.767920
11.028877 -7.958930 51.672616
1.856643 1.339552 14.263538
-8.022059 0.932262 52.300785
-11.368911 -8.280375 66.724640
13.002617 -8.710580 69.312170
15.140822 -1.081454 51.010763
-3.804723 1.559941 14.369990
4.392001 -4.541058 34.129440
-15.158725 -9.750832 54.899854
11.650807 -8.638063 57.479275
13.391058 -6.915560 66.351607
11.861434 -5.988933 47.106076
9.551870 -8.977661 55.048943
2.577059 1.887727 30.129592
12.006811 -5.461322 53.625427
-14.124992 -7.991212 61.482834
-19.778725 -2.539912 31.611464
14.101631 -1.096219 58.116800
14.166787 -0.896353 51.092481
-3.959457 1.616916 14.648424
-5.719732 2.022774 43.480852
9.965357 -8.080509 50.526380
16.417058 -5.288872 60.563662
14.018416 0.709094 48.857087
10.568917 -8.759736 60.581441
9.555738 -9.208499 53.709329
25.688467 -0.370211 75.760720
19.268861 0.705345 57.273108
22.024380 -0.201169 68.943503
-13.990750 -9.345797 62.258843
-13.187761 -7.692661 60.871820
10.993882 -8.197191 55.052374
10.262724 -6.847908 53.370604
15.490681 -1.253857 62.622208
10.236680 -9.268103 52.335094
10.707931 -1.109250 26.800955
9.980422 -8.645736 56.919101
14.984341 1.100829 58.249358
-14.601078 -7.517965 61.950062
-15.230681 -6.252178 43.523270
-16.272835 -3.678122 55.299088
-16.196295 -3.675221 56.755353
11.684274 -8.657869 62.251982
-9.258309 -9.065586 62.430701
7.665556 2.152874 42.577899
25.349618 1.548217 70.806798
-15.165213 -3.495567 51.981398
-12.340108 -10.440351 71.586863
-5.460511 -7.467125 55.293161
-10.576153 -9.439929 86.250570
12.906551 -10.380872 69.026156
11.573050 -6.328718 62.770673
16.156215 0.270202 67.667828
11.004050 -9.822008 63.105966
-6.483514 -7.148113 54.092343
-10.763106 -7.007820 50.477100
4.531732 2.962868 29.751818
11.168609 -9.259744 63.947163
11.303287 -7.807346 64.415326
16.666703 -9.906159 91.700102
-15.308843 -11.526577 80.481339
-13.138543 -9.300821 69.207059
-12.757587 -8.292477 52.327296
3.937530 1.781646 19.836864
-7.553989 0.785819 49.172731
13.085551 -3.772223 50.157714
-6.416393 -6.893165 52.736822
-12.586666 -10.108302 69.793744
-10.672187 -6.812040 63.399465
-14.728364 -5.675379 45.506648
11.765992 -7.003360 63.329599
10.929474 -5.215856 57.513584
-15.396955 -11.473991 77.854822
-15.059509 -5.752668 46.376539
6.237924 -4.687839 50.492695
11.322688 -6.965432 47.716154
11.764589 -5.155097 47.437938
11.063217 -6.675521 62.668369
-13.862621 -11.051115 76.381715
1.791549 1.857176 15.586560
21.342752 0.733694 60.269852
-13.428424 -5.297106 63.272521
-4.670778 2.208910 35.017422
-6.480271 -6.954173 52.969500
-13.685929 -9.899796 73.398695
20.890215 -1.007686 62.186170
-12.419643 -9.340152 63.692340
6.238641 -4.646450 50.292143
-7.011032 2.118496 44.885030
10.484454 -2.719804 26.616715
10.649044 -7.527759 53.200618
10.916655 -7.389431 62.866426
-12.326322 -9.332916 63.473385
-5.817918 -7.209588 53.691550
-4.347274 2.358173 44.208205
12.608187 2.136602 58.906845
12.660212 1.613844 53.041861
-12.954927 -9.181613 61.939457
11.046842 1.441119 39.965417
-13.090666 -5.305465 61.795671
3.542445 1.526914 67.702761
5.971872 1.424617 29.446217
-6.019936 -8.078544 111.591579
-7.263142 -7.158094 106.476093
-6.216028 1.210328 70.534509
22.340492 1.397041 58.177621
-1.935532 1.850876 54.915138
-1.852928 1.811813 54.530564
14.488637 0.930965 58.382539
13.222788 -3.478755 47.473807
-8.511182 0.596716 36.845161
-3.621356 1.741049 29.788809
-6.471537 2.061007 33.908614
-1.358359 1.852598 31.648893
-0.572238 1.845577 31.652323
-7.424395 2.148329 32.071206
-3.297260 1.595077 28.945991
-7.992678 1.004502 39.612345
3.053413 1.703272 33.474136
8.745544 1.640162 38.525683
10.812948 1.465073 38.504162
3.719823 1.736907 34.528049
-15.409306 -2.485953 43.657700
-7.767080 1.265806 34.321259
24.473270 -7.312204 126.408118
20.026094 -0.479763 45.702210
20.399626 -1.865495 46.171933
17.296618 1.144732 45.598035
11.468844 1.322772 34.728914
19.951737 -1.988193 49.976187
4.832155 1.672032 34.638150
10.740525 1.466074 38.370980
3.121473 1.691236 30.335166
-8.746792 0.641571 37.151448
5.124001 1.805366 35.522078
-6.844914 2.173631 34.500914
5.463817 1.759913 41.409830
-14.640221 0.575732 55.649664
-12.737376 -8.609556 69.344295
21.294345 0.746282 60.077721
12.989455 -2.923621 51.978591
21.977595 -1.037682 61.735474
13.047219 -2.847346 49.149026
-11.545665 -8.269927 66.525335
-6.912690 -8.331434 102.668719
-10.353456 -10.030576 75.482504
-3.966755 -10.590157 103.131892
6.323946 -4.673897 66.927064
19.465671 1.022355 49.836456
-7.627879 2.147144 44.927760
17.980024 -6.537442 78.252496
0.274365 1.819614 42.163695
-18.314850 0.061930 52.777057
13.347579 1.401461 65.212856
32.664442 -12.520356 180.242519
-6.467015 0.468204 55.428214
-11.065338 -7.497068 63.508006
13.086019 -3.534367 49.458744
-0.143125 5.520302 140.367865
34.065500 -13.806666 207.177966
-5.554299 5.127993 148.107373
1.025156 1.879449 126.983887
8.138055 1.615101 119.732192
13.924721 1.433163 118.415970
14.009620 1.446506 119.738118
28.938630 -1.276170 128.600469
23.497426 0.659708 86.443636
30.024513 -1.388527 124.606579
31.837281 -10.375788 127.231224
-1.762240 1.219283 102.946311
-3.172001 -5.672791 121.133562
4.480737 1.662301 76.393879
28.034055 -8.565546 126.889381
35.304683 -9.661129 126.929304
4.617131 1.757134 78.007654
22.856688 0.577640 82.500898
22.792468 0.294726 78.791773
-10.696484 -8.003314 100.601440
23.984178 -0.165461 92.151110
26.299138 -0.850572 109.778811
29.131510 -0.070181 124.983043
22.400845 -0.464704 79.428362
22.121007 0.834547 79.648252
23.308726 0.372824 84.029836
-4.445585 -6.688059 133.089970
35.511473 -3.545471 135.538704
-1.385245 1.133569 100.235269
49.193004 -13.861124 155.343161
3.980292 1.759080 67.261109
23.878288 0.187625 93.090556
51.830750 -6.217588 148.202503
75.579194 -21.665008 205.271940
-36.000845 -18.530779 184.736075
12.113231 -5.628501 137.640292
2.128555 1.603039 82.112893
25.207204 -1.206189 100.285797
-5.455021 -5.457828 106.066567
12.508036 3.089609 82.919780
-11.083865 -6.053871 102.881436
23.312063 0.377122 84.025469
7.730245 1.602796 124.784986
0.520943 -4.858792 134.223106
29.502516 -0.472826 132.558803
-6.556219 1.093874 150.328731
32.853766 -5.375549 161.603947
23.760421 -4.296060 128.415200
30.876096 -0.895090 141.099272
32.713410 0.547439 154.821975
28.599500 -0.375613 126.032277
29.641249 -1.101004 163.043370
-2.493666 -4.720058 159.683262
0.421568 -7.524265 153.968302
-4.510991 -0.079538 169.191248
11.392522 1.573883 115.304759
11.520994 1.621261 115.792884
-2.376943 -4.940104 151.261626
15.310122 1.523514 114.050606
28.729500 -0.332187 125.719441
17.364550 1.371625 111.412236
31.150600 -5.049675 126.676041
26.370657 -1.138017 129.052725
15.503687 2.040147 119.559087
29.057870 -1.241927 129.778207
-10.018443 -4.639775 137.014931
1.289932 1.929646 127.362846
15.623052 1.474252 113.096501
13.825661 1.456250 110.671160
0.733466 1.919653 123.415429
6.338761 1.638365 114.931414
5.899854 1.644803 110.292512
8.562396 1.599337 113.982611
9.820635 1.548139 115.122921
16.356144 1.277674 111.288100
3.390893 1.758987 115.969108
3.389458 1.760047 115.945403
-5.105911 -4.980339 135.061807
-8.855895 -12.763482 107.292650
0.928120 2.446809 92.167017
-3.773252 -5.711279 117.281899
26.001553 -2.475145 153.196036
0.035689 -11.738639 134.661327
1.150724 0.493636 73.648527
21.845755 0.449649 60.349074
20.161896 -1.682821 53.540590
-16.610031 -3.810306 57.423132
-13.695910 -7.321561 74.343130
-16.941083 -4.806268 61.264815
-7.960552 1.117675 53.971014
-2.500409 1.822097 48.908863
13.816241 -1.444977 59.021312
13.604118 -6.609554 62.982765
14.297723 1.389219 58.048494
4.083001 1.734159 42.706402
13.506617 -1.984235 58.181987
13.017494 -5.314697 55.770994
6.316991 -4.641553 50.553516
11.086360 -7.091565 62.588523
13.860001 -0.898876 58.825751
13.433414 -3.251130 52.074033
-14.553949 0.570120 55.509932
0.595044 1.836226 45.236854
4.207324 1.667799 47.015624
19.164749 0.636655 36.348615
10.450083 -3.171377 24.376799
10.791302 -2.939706 20.480877
10.517703 -0.827772 21.450140
19.386479 0.439029 37.195114
19.403041 -0.140939 37.691036
10.469171 -1.948694 20.813893
10.758209 -0.834088 20.988963
19.362026 -0.376224 40.682477
19.486100 0.277231 39.107378
10.506131 -1.752346 23.586224
19.952641 -0.246195 39.839721
20.474732 -0.723242 41.853665
19.257976 -0.646857 40.157860
19.537439 0.454527 39.127028
18.708157 0.619906 35.521766
19.389629 0.325216 37.490796
18.965070 -0.222146 36.246623
19.805580 -0.107220 38.356009
19.603936 0.240431 36.927191
10.292729 -1.989644 22.401781
19.373629 -0.183097 38.096507
19.165871 0.425411 36.751903
10.415337 -2.447093 20.657132
10.845916 -0.171090 20.935004
10.339888 -2.050414 22.975179
10.577681 -1.304859 24.195616
15.809475 1.098559 31.133726
19.880842 0.645981 37.487053
10.448242 -2.709807 24.236475
10.581642 -0.810537 21.588281
10.841206 -1.690072 23.445401
10.642120 -1.086388 22.131924
10.970926 -1.565677 20.594471
18.940648 0.396909 36.418793
10.579833 -1.709734 20.071413
10.445123 -2.217300 22.385655
10.107802 -1.584690 21.935957
11.171416 -0.270645 22.728746
10.450207 -2.084817 19.998740
13.761472 0.411999 27.826048
17.089048 -0.206996 35.453459
10.569572 0.382222 22.104352
12.627525 0.903733 29.984933
-7.902570 2.002675 22.697275
12.696112 1.202100 30.302198
2.343882 1.586075 14.502018
-8.531736 2.093903 20.926833
2.195236 1.702985 17.979057
15.580259 0.699145 35.136256
-4.625646 1.935501 22.899605
-9.358086 0.377980 30.143846
17.586031 0.196612 38.128009
10.522849 -3.141185 27.334586
4.977252 1.751074 19.422878
2.450066 1.799602 18.510131
11.023013 -3.093682 27.461218
10.466021 0.448482 27.675307
4.131876 2.578207 24.664777
-8.837306 0.485402 28.913803
13.591330 0.365498 31.012085
2.223476 1.705979 18.035823
4.846160 2.593293 27.882970
10.712173 0.477402 28.065183
-9.518559 2.309922 22.519118
10.085003 -3.290055 26.945521
3.174090 1.735105 17.281554
2.223554 1.671467 14.810145
2.682051 1.732538 19.051809
10.410346 -2.346340 26.726754
2.690787 1.737459 17.626048
2.200074 1.686432 17.906353
1.947974 1.827714 16.293140
3.731707 2.140239 25.845790
10.674433 -2.263858 26.576605
-8.746043 2.114947 21.015974
10.920273 0.113510 28.136421
10.060050 -2.004780 26.641823
10.504228 -2.083485 26.428826
2.988893 1.786743 17.850055
2.642911 1.710103 19.845503
10.453950 -0.555801 26.803450
5.752824 1.619289 22.001861
3.241617 1.779260 16.759369
1.998736 1.876704 16.625033
-1.289910 0.164225 14.087876
-4.609708 1.908556 19.117714
10.773586 -2.272822 26.747059
10.714574 -4.483513 32.374374
5.972184 1.622636 23.405696
1.901098 1.817711 14.927575
6.327346 1.663358 22.082020
10.570882 0.538684 27.737437
9.912459 1.434367 28.088232
-1.210281 1.879711 17.853985
10.925825 -1.749464 26.260088
-6.828820 2.004889 24.126280
-9.586866 0.964750 25.749225
10.795482 -2.257582 26.788729
2.353476 2.166086 19.312777
11.494826 1.270063 31.748077
-5.469556 2.272987 21.164751
-10.479713 1.373178 25.813040
-19.890542 -1.187472 32.386226
15.776039 -2.433391 53.484136
-8.991977 0.449805 30.400728
-14.146014 -6.079010 42.341478
-4.108608 1.799612 36.503941
10.359818 -2.803892 26.856598
18.296697 -1.792285 56.304656
11.579413 -6.138708 48.684294
2.010650 1.689492 16.293857
-8.937051 0.491135 29.233844
14.919903 -7.682992 54.810339
11.412110 -6.323073 47.904230
11.134643 -5.958616 47.044943
10.415992 -7.469215 46.829420
10.200593 -3.897825 28.385162
21.122550 0.442812 56.464349
3.971215 1.795931 19.934114
-19.730474 -4.966086 32.631692
2.365537 1.749174 14.740154
6.858107 1.649188 33.531838
-8.945816 2.496620 34.858976
11.057603 -1.321253 27.499863
-16.685137 -6.853211 42.024587
14.531492 -4.864655 50.872279
-17.481108 -8.727704 51.922137
4.561207 1.524022 22.467436
-4.791982 -5.356679 35.586329
10.494029 -2.379966 20.752542
19.399173 -1.162614 40.633509
10.655376 -1.427991 19.760791
47.604493 -3.869505 74.644115
11.060504 -6.009238 52.551865
15.009262 -1.864684 55.615043
15.334918 0.463756 52.102416
23.123051 -0.033701 70.688276
-11.656203 1.432554 43.670488
11.237008 -1.061751 22.610380
13.511078 -4.256262 39.256155
21.624898 0.879180 59.909918
13.448042 -5.448004 50.262200
-3.211862 1.307099 13.110316
2.298722 1.930033 25.632637
-6.540312 1.843562 15.308625
7.792406 -5.774283 40.087059
11.350821 -7.645564 57.508593
11.779310 1.624458 41.932264
10.558125 -2.933596 21.291133
9.948889 -2.121363 22.943584
10.291263 -3.255122 23.780850
10.754778 -1.854541 20.265727
19.343062 0.661598 36.638995
10.515457 -2.509361 20.725313
18.796019 -0.404436 36.407252
10.530366 -1.159167 21.285737
10.179072 -2.618133 24.167077
9.842125 -1.820219 22.853943
19.030756 0.282721 36.960252
19.582976 0.430801 38.619253
10.865410 -1.121493 19.133870
19.374221 0.441315 37.136476
18.805314 -0.288090 36.082251
9.510044 -1.894682 22.819042
9.543823 -2.189058 21.042797
9.843685 -1.961994 21.747787
10.598298 -1.569529 22.940465
10.471604 -1.291903 23.991602
9.242122 1.588860 21.127073
19.750031 0.444733 37.703512
10.735784 -1.493135 22.944457
10.023371 -2.295073 21.786650
10.574874 -1.569239 22.032116
10.944664 0.493231 21.120117
9.327926 1.429928 20.293112
11.040355 -1.885288 25.724710
10.330780 1.401377 39.035017
-17.956476 -3.234318 39.261769
-8.818436 0.623125 37.342331
19.571810 -4.276410 55.967179
13.956441 -2.957912 49.235111
10.667384 -5.422272 43.780589
20.312076 -1.424174 52.338213
-8.678579 1.249122 47.291345
14.250782 0.315878 56.122194
-9.064494 1.222782 25.539878
30.006485 7.486432 63.283126
2.809347 1.949783 25.358351
-8.764664 0.647968 37.105598
-6.451638 2.052086 34.016220
17.855701 -3.220220 54.050548
14.032326 0.882757 49.673644
4.271638 1.453517 21.191231
-7.599215 2.116322 23.184683
-1.147580 1.845920 21.512177
2.066880 1.734562 22.534557
15.379426 -6.662826 48.332782
-14.447435 6.123674 48.187748
-6.998244 2.045159 24.497661
10.896257 -7.470743 50.078803
2.644960 1.371990 19.400296
19.127851 0.360794 35.148108
19.478708 0.357342 35.960922
10.406510 -2.918703 26.235167
18.886938 -0.105254 36.869801
10.878665 0.770579 27.582048
19.061135 -0.060764 35.691128
18.838999 0.636621 34.712383
19.179190 0.598528 35.245110
10.752876 -2.047879 27.545899
10.063700 -1.955307 26.699338
10.226761 1.400716 24.935507
24.021638 -0.534155 47.319104
6.313154 1.527775 19.725422
10.559591 -1.568939 27.454200
19.620935 0.287970 37.879736
10.692648 -1.637607 27.775146
14.612836 0.770932 60.063373
12.018414 -1.424043 50.254091
19.372568 0.464848 37.152383
19.690832 0.281175 39.481035
19.403945 -0.188924 38.787368
19.331553 0.082684 35.997103
19.234770 -0.008183 35.348349
19.090329 0.365283 35.086976
10.898502 0.897083 27.420609
10.768689 -1.293487 26.480165
19.135929 0.076041 35.719511
19.034873 0.162694 35.004322
13.751116 0.296718 50.542287
14.357171 -2.189279 49.643077
11.804013 -5.525573 49.873260
-15.564695 -6.489565 49.030816
17.277904 -5.437305 54.123221
-6.754494 2.121924 34.002497
-7.648714 2.131187 23.324290
13.723326 -2.721990 48.530215
-6.517387 2.051051 27.470450
-8.733786 0.600568 37.313012
-7.577725 2.024240 21.179566
2.624290 1.362951 19.327530
7.224123 1.620116 30.017932
13.006453 -3.398659 46.944823
8.994223 1.652738 30.199957
14.358793 -1.175517 48.981536
11.973656 -5.418685 48.809054
13.633873 -2.055364 47.753270
-5.836320 2.086798 36.396024
-17.790763 -1.815347 53.643830
-8.499361 1.828260 29.786782
-6.505379 2.062379 33.679055
4.123080 1.781437 23.944972
-6.995375 2.070585 34.155016
12.426785 -6.255016 50.049484
10.469202 -5.957151 48.435709
3.270686 1.742849 26.441801
14.251686 -4.284395 46.892112
13.572865 -2.648612 48.217378
13.538962 -2.644046 49.783121
20.301721 -1.417365 52.238404
9.648965 1.721643 34.175913
-15.417416 -6.441626 48.633142
-15.178843 -6.982837 43.045438
-8.761732 0.214333 29.434396
-16.619326 -6.716317 42.131881
-18.766046 -5.758470 40.815971
-18.377417 -4.991724 42.349276
11.034023 -6.617601 47.940410
5.895176 1.966479 27.558718
15.682282 -8.339075 51.422784
20.791124 -0.211002 52.768636
2.037068 1.788137 19.647353
-14.241955 -6.333085 48.382686
-15.403349 -6.163473 42.867031
20.259489 -1.399499 52.130175
-5.699895 2.061649 36.203269
-8.312595 1.347873 35.105690
-8.876356 1.520445 35.538608
10.240080 1.434164 32.557148
3.031595 -4.598604 34.125697
-9.175032 0.544014 30.934920
-7.723975 2.074266 23.133562
-1.059533 1.895970 24.670766
-6.214718 1.979363 33.173152
-9.452093 0.907201 36.144008
-16.358015 -1.111499 35.727620
14.491507 -4.966616 50.822686
-5.716706 1.837492 25.920334
10.560277 -5.293301 48.232973
-9.246644 0.959597 58.977646
15.473714 -4.189047 66.938292
22.147332 -4.385794 63.027055
14.488138 -0.443514 58.511355
13.151050 -3.283380 54.464129
10.654066 -7.712497 58.168264
17.306755 0.005525 61.076115
13.848398 -5.008629 48.583862
-0.549304 0.432257 105.002674
11.618245 1.633771 87.546518
-10.489912 0.034864 109.962833
27.430589 -0.857235 117.739145
24.817671 0.613621 96.755391
0.487417 -6.501074 139.218198
15.545950 1.419105 104.845164
0.649627 1.892184 123.804058
9.706916 1.671810 87.899590
10.351522 1.562355 66.701559
-1.764052 1.799877 55.295969
8.627521 1.638581 65.347910
23.347901 -1.860383 79.578386
-4.062789 1.983711 61.621006
22.443950 -1.907458 74.609182
8.484514 1.804892 53.389319
22.465876 -1.969292 74.675617
3.385653 0.152661 107.637924
24.067394 0.186240 92.031340
-0.781521 1.818501 63.286557
29.500426 -16.655038 130.840541
29.675932 -3.494007 147.853486
-3.894207 1.259337 83.572589
3.842276 2.109398 75.264798
1.621732 -9.435656 116.053321
2.273798 -10.147819 120.653235
37.051327 2.333561 176.382434
-0.649621 1.811788 63.297161
6.429649 -4.762040 67.475697
7.683304 1.759576 66.734621
-12.888461 -5.852227 88.270128
6.465643 1.654718 58.473926
-0.649571 1.825921 63.398529
22.455272 0.407352 75.338094
2.581706 1.692879 61.939457
-12.775522 -3.354806 88.437307
-1.147767 1.816470 61.054906
10.453545 1.560699 67.054007
-1.067546 1.755550 60.497539
30.358340 0.133147 137.970595
2.768572 1.883878 134.993813
3.037889 1.864094 122.507174
30.562854 -0.704434 141.648842
15.308250 1.348220 120.613624
30.947116 -2.013510 140.248095
13.427738 1.450969 117.117839
41.220818 -4.126105 147.434915
-6.593054 0.413902 129.250159
13.357155 1.544882 117.161505
13.897304 1.366051 120.621733
28.511201 -0.776873 124.828340
3.264916 -6.860603 157.070156
-2.014243 1.148965 159.074119
2.869394 -9.965201 159.963660
11.830057 -5.826277 135.532154
15.894905 1.416276 105.914048
3.516090 1.843097 119.626146
12.050758 1.467752 107.381853
-7.449721 -5.544069 137.605359
-2.271150 -3.688508 128.463233
-6.235522 1.035258 128.056826
5.487272 1.647389 108.653161
10.566453 1.595392 107.767363
22.973214 -10.937365 127.880290
-11.150799 0.186261 108.331591
-9.609884 -0.035989 123.812479
15.641516 1.459864 105.289934
27.441288 0.611313 117.726981
-11.981703 0.139875 110.566673
10.748665 -4.741143 98.819239
27.154464 -1.145724 115.505623
41.102920 -0.887080 165.925646
1.160689 1.835387 133.447097
8.914906 -6.499858 114.679086
-7.445354 2.125314 30.821420
-8.046294 1.023010 39.729932
-18.341611 -2.928889 45.639830
3.496003 1.563487 30.134863
12.073527 -5.226273 50.479283
22.893773 -2.560956 61.856179
7.154600 2.256659 36.301206
-9.364636 0.687589 37.351688
-7.251757 0.931813 47.324718
-7.947078 1.257419 45.877810
-8.656590 1.325994 46.578027
-16.247852 -3.730178 56.843932
-8.496866 1.366350 30.112563
16.037755 -0.871523 76.687689
9.497724 1.343441 64.347020
23.058519 -1.091260 66.350047
15.262838 0.099004 51.469881
-8.854803 -8.468389 64.621181
14.626186 -1.522335 63.183629
20.654574 0.100435 51.117745
-3.108083 1.753744 39.047805
11.981110 -7.779307 63.071345
12.126986 -7.492233 57.475532
13.598503 -1.347777 58.592137
22.464753 -1.092136 64.989535
15.093756 -2.358679 50.265319
-8.411155 -7.918820 66.306069
-8.829352 0.759613 58.331700
12.204244 -7.441424 66.386228
-9.701302 0.832573 37.269034
11.338501 -6.183216 49.319636
19.643860 -0.109060 40.110451
19.604934 0.355898 40.531829
2.299408 1.780598 25.179632
22.146583 0.223718 63.198913
-3.582431 2.073146 43.803045
-3.918816 1.901766 39.321654
10.977507 -7.026534 55.086059
21.784903 -0.960234 63.488669
22.791781 -2.874949 62.286914
-12.591937 -2.230868 71.004544
20.762149 0.098123 51.272447
10.579116 1.495705 40.015321
-13.724293 -7.396542 60.720236
-10.581299 -8.473879 69.671167
0.401076 -6.968895 52.851290
6.308725 -4.688962 50.618391
-5.255654 -8.705278 91.608715
-6.487725 0.451926 56.852354
26.894307 -0.873896 124.863585
-10.330874 -8.993225 82.826210
-9.137136 -9.479322 87.007553
-8.843668 -9.483689 97.319931
20.658161 -0.183380 52.624226
-10.497523 -8.281685 85.230966
11.536464 -6.578738 50.077555
3.636982 -4.466919 51.297088
1.811586 -4.897436 51.055988
-2.441809 1.812855 49.079472
-5.887004 1.132244 64.230369
-10.324636 -8.174423 72.887801
17.272352 1.147858 45.564973
-11.051708 -3.877271 77.987068
1.818766 -4.866433 50.936842
-11.343897 -3.947168 79.772077
-3.065215 1.830902 51.803303
14.784101 0.698359 60.886791
11.304192 -7.093000 53.854675
1.999518 1.603501 20.959956
12.352054 -6.635847 60.735208
11.612381 -8.589376 59.698137
24.051393 -2.479057 62.845529
-8.793047 0.781854 49.708265
-14.082854 -8.705870 62.394208
15.181057 0.588398 55.883902
2.068973 1.654712 21.305792
19.507372 -3.853348 56.119075
12.034851 0.313560 48.565460
14.019102 0.270727 59.285181
-6.504381 1.840359 27.252619
24.184138 -2.473729 63.027679
21.201461 -0.488671 59.428967
11.654113 -7.406679 61.044613
19.837207 -0.900617 40.155053
10.513929 -2.266534 26.912210
10.943135 0.654228 27.954583
10.370142 -1.998511 27.363094
12.497556 -2.890585 49.742886
2.043390 1.418734 20.131704
13.962616 -2.158719 47.788203
-13.268076 -9.594071 63.470890
15.201237 0.991149 56.945924
-0.789119 1.775390 28.155665
-1.065435 0.153923 15.262307
13.609888 -0.193447 57.718191
11.491925 -6.158358 47.399262
10.399087 -7.948513 51.330773
10.775707 -7.857407 52.334782
11.130931 -6.710079 56.394795
10.033882 -8.159264 54.833108
10.787216 -8.077858 56.241964
11.269664 -5.940901 55.361156
10.739277 -8.739369 56.481504
18.877020 -4.895284 53.505969
-13.010882 -9.579411 67.637886
-8.796322 1.101824 48.655911
14.397188 0.893209 52.187876
-0.795849 1.791584 28.179370
-18.336683 -2.761714 39.971031
-8.589438 0.935113 38.713447
-13.735334 -10.039559 63.292795
13.979958 -1.448988 59.510685
13.937820 -1.390357 59.332589
11.654113 -6.452667 46.854995
14.391917 0.641421 51.528518
-14.234937 -8.469356 61.126955
-12.932065 -9.718176 63.980848
20.663807 -3.977796 59.384365
22.151948 -0.339389 65.978573
-7.893556 1.228952 45.472963
-1.205001 1.877986 17.848901
2.192152 1.903855 20.660157
2.319532 1.401449 19.946809
17.456967 1.066729 52.840061
10.398151 -7.825593 48.893268
22.554674 -2.226102 64.938072
7.016272 1.774426 41.761966
-12.994632 -7.592010 60.280144
-11.206224 -7.330325 66.086179
22.661750 -1.063601 69.274741
1.600173 1.321933 16.864636
-3.051495 1.773272 40.687156
10.503511 -6.914405 56.366724
11.510483 -6.484887 62.952199
3.005249 2.249158 32.487906
-0.777843 1.792332 28.405436
-6.061294 -7.321904 54.675286
4.164781 1.767308 22.915138
-0.968268 1.796312 24.156722
-12.132257 -9.615124 74.506255
20.774344 0.075075 91.626181
14.029426 0.274711 51.421536
22.148829 -2.527542 60.514382
-8.545054 -8.268024 61.582330
-12.978164 -10.867156 74.765444
11.220446 -6.740084 51.170456
15.344618 0.217319 58.954566
-5.825747 2.004584 50.867288
-9.490208 -9.041351 67.258614
-5.898201 -7.308679 54.071446
23.938828 1.599147 64.490182
-3.555857 1.924335 39.113616
15.486907 0.277042 65.255899
10.916499 -7.461885 62.760692
-5.016239 -7.107441 53.478210
18.706223 1.177073 53.105801
13.742009 -0.185106 58.158283
11.042538 -7.510043 61.381778
10.345097 -2.572474 27.107741
19.574898 0.709939 38.351642
19.723613 -7.548157 123.204272
-11.821448 -11.727285 75.016213
8.962877 1.637882 30.919856
-10.602789 -10.255144 76.406043
-8.518543 1.457725 35.197701
1.149461 -7.215483 52.985407
10.458130 -7.367597 50.925302
11.308714 -7.588548 61.873022
-12.214100 -9.817704 75.472835
13.494391 1.722326 55.706742
-11.756167 -11.713406 74.739556
-11.534000 -7.634210 62.182116
-7.240560 0.882804 47.238633
-0.601155 1.807172 31.153251
-4.989603 -7.113523 53.506281
-7.173221 1.089417 50.314600
-12.913850 -2.012877 67.659719
-12.196010 -8.027143 61.106370
-12.748386 -4.961220 61.397373
21.376874 -4.116093 59.705311
-12.885997 -10.661988 74.419234
0.491771 -7.146585 53.599852
1.129830 -7.464973 55.041145
1.877154 -7.360892 54.349349
17.033592 4.095071 47.961932
14.043524 -1.093499 55.063914
-9.565968 -8.501139 78.222865
-5.538985 -8.050598 73.426454
-0.895776 2.150017 33.797578
-6.728731 1.043527 54.339369
1.143775 -7.396979 54.289464
13.769331 -1.367592 51.040081
-8.520445 -7.603395 73.129836
-19.035341 -2.832749 42.804963
1.890961 -7.133453 52.922403
-13.227965 -9.546849 75.115709
10.392350 -6.880658 52.122377
-4.157857 1.902655 37.733143
-10.194542 -9.915765 70.389475
0.362067 -7.104883 53.583321
-11.190286 -8.739275 72.375972
-12.168687 -9.718893 74.858391
22.102792 -2.710946 61.614144
11.842377 0.695174 44.742491
-6.329872 1.082071 53.089270
10.504790 -7.661470 60.997204
9.885261 -8.560213 56.986783
10.863725 -6.751562 47.082683
4.608460 1.835911 23.424036
21.924666 0.068640 67.017827
-6.205673 1.066339 52.467963
-3.154534 1.909360 43.770296
14.143800 0.351684 58.218792
8.248530 1.889895 33.280758
-11.994740 -11.111188 75.676819
21.774174 0.088655 66.456405
3.564372 -4.696541 50.846391
4.199277 -4.759295 50.671414
3.756097 -4.710171 52.479504
12.515303 2.946527 105.650804
-11.145684 -6.866342 87.680635
21.342097 0.122560 59.417738
-12.098946 -9.051207 65.275237
-17.213060 -8.597734 51.223479
1.938539 -7.038573 52.405271
0.363904 -7.050425 53.342533
2.076025 1.680765 20.529128
-11.273563 -4.725548 81.721769
-4.222420 1.896644 39.815705
2.044482 1.794849 19.710544
-17.188014 -3.000592 68.493742
18.706223 -7.282573 93.090244
-11.886480 -7.577288 69.821504
11.717710 -5.822191 47.367760
20.397131 0.452500 103.268505
-12.932096 -10.792674 74.704312
-13.011974 -9.364730 60.016276
11.743691 -8.155896 58.957061
10.348184 -8.674961 50.403180
11.614970 -6.531422 47.263586
-12.849286 -9.034645 76.557003
-6.251897 1.150044 57.240670
-8.093671 0.959962 52.945172
-12.348810 -4.853240 59.737125
-13.019834 -10.306140 75.252321
18.021757 1.384054 105.047899
26.694067 -1.174107 114.057156
5.413539 1.567355 105.972997
16.059682 1.622708 104.767812
13.729377 1.495923 101.972245
19.305603 1.161834 109.169045
13.097341 1.505424 105.018269
4.992285 1.638219 103.409484
7.291743 1.648851 104.040147
7.998292 1.619081 102.689305
12.698669 1.617284 102.798470
12.826736 1.576784 103.486212
15.783681 1.398694 104.600321
60.416757 -9.939470 148.160708
63.702632 -10.369019 145.486782
15.591300 1.415419 101.507512
16.256273 1.421457 103.613779
15.627512 1.416816 101.550243
15.533100 1.409505 101.466653
15.133773 1.440483 101.331600
16.237434 1.414729 103.581653
16.224865 1.409770 103.566370
17.648037 1.410718 106.421199
2.936812 1.913331 139.014527
9.327832 -5.234383 131.056377
9.336596 -5.213236 130.916021
0.568864 1.661920 133.798297
24.017708 -4.791671 129.182476
-13.608765 -0.241960 179.653962
29.564521 -0.771568 132.561298
14.113233 1.440062 121.592992
21.108920 1.252503 128.259561
28.021735 -1.393311 123.181192
6.405134 1.699473 84.451214
12.518172 1.511815 85.316115
11.857286 1.607331 87.459186
-11.619680 0.110631 109.857722
-8.308103 0.321108 108.494716
-0.456333 1.880690 89.537381
2.476271 1.652529 84.761867
4.061043 1.715137 79.780498
14.783727 1.485029 81.634437
23.347682 0.437244 86.311390
15.364704 1.330684 79.237479
27.895353 -0.825449 123.202713
-0.171942 2.632275 83.964648
13.144594 1.551083 87.809762
56.699522 -16.061366 158.583187
5.560631 1.681741 84.762803
84.629621 -17.536408 177.395800
22.579470 -1.667001 80.653197
8.851497 1.652211 64.803643
23.096633 -0.601095 86.505705
-10.696827 -6.780101 85.635813
22.449439 0.397998 76.180538
23.599168 -7.169229 109.038671
-0.002382 1.884929 59.977289
48.151255 -13.696222 152.718827
29.002539 -13.999202 126.303007
33.668763 -13.764871 127.307328
-0.227730 -10.766007 112.948660
5.442077 1.749346 59.994755
5.425765 1.806823 63.826145
8.696888 1.646023 65.560626
-11.202543 -5.418591 87.019717
22.852384 0.808884 78.409070
6.898966 1.629626 66.092417
-10.813260 -6.836929 85.983895
-0.536289 -11.484814 117.207978
34.842446 -18.886533 181.919922
2.298959 -10.483425 119.152680
30.947116 -2.881643 176.605131
21.359408 -11.281953 117.426621
22.600742 -1.902851 74.803184
22.396728 0.174299 73.883077
22.302939 0.343715 75.179649
22.845054 -2.296245 74.766692
22.098395 0.336157 74.924202
6.598388 1.519774 65.921807
2.544612 1.739724 62.066089
8.249934 -4.743763 82.754161
13.418349 1.388764 65.663241
3.392670 1.749608 68.784433
8.324977 -4.775202 83.050779
28.450256 -0.178021 123.214565
11.848365 1.500287 79.504154
23.353078 0.454461 84.367624
-0.989568 1.842355 61.566735
-1.117366 1.789444 60.565846
23.549794 -0.030795 87.283585
23.324508 0.409211 84.091904
23.142202 0.398825 83.813688
35.136880 -0.669845 149.467261
26.692289 -1.214112 113.720615
2.641021 1.829121 112.681361
8.006807 1.616691 102.812194
11.350977 1.590180 102.495614
12.883689 1.665326 103.154349
18.436491 1.321112 109.761345
1.546738 1.786431 102.569223
11.376896 1.605279 102.545519
12.601107 1.554071 102.382394
15.495110 1.427639 104.999866
15.355004 1.422914 103.006508
16.785506 1.349202 112.453673
12.048824 1.489913 104.489285
18.599647 1.350150 110.776582
26.072947 -0.907214 109.082337
-4.328997 -5.256840 141.510670
25.218900 -6.605748 132.429676
0.507616 1.921858 124.794655
16.404145 1.332547 113.360681
7.062371 1.609608 100.681287
-4.388196 -5.091906 133.943331
-0.059178 1.829539 110.535171
15.464419 1.508038 104.032974
12.061019 1.523814 104.632447
4.920299 1.657775 103.552958
-8.414462 -4.409810 124.633402
22.973931 -4.724768 125.600607
4.601037 -5.509854 128.984107
-4.564482 -3.746678 133.218161
-4.438037 -3.695308 132.968329
-4.859696 -3.796270 134.078696
16.636262 1.416579 120.574012
43.886635 -3.610408 155.291386
23.422507 -5.361451 127.765510
-13.490461 -3.551553 142.038094
16.636324 1.315744 112.250002
-6.866498 -5.173281 134.275505
-12.282282 -4.571125 139.805196
11.911806 1.513044 107.012251
-8.564049 0.373891 109.107289
13.070954 -4.742671 113.700029
13.072358 -4.740800 113.779876
12.009400 -5.319656 136.375222
21.732940 0.516994 97.094739
30.264801 -11.226529 183.486912
22.201259 -7.149859 126.531007
19.309658 1.258358 128.673766
33.710557 -6.115503 170.143793
34.061758 -1.331552 161.699389
48.658718 2.399276 141.745531
33.777616 -4.206576 168.018188
35.142494 -6.096445 187.049132
11.253071 1.573883 116.919470
10.041243 1.570206 116.577315
6.162724 1.713022 135.956027
17.091107 1.345977 113.557802
18.989647 1.362692 114.839403
27.374790 -1.161007 123.123802
14.715264 1.478126 116.164046
8.168715 1.617618 119.931496
15.195217 1.491080 113.252763
16.068883 1.419367 108.864318
18.611343 1.351248 110.766601
18.511566 1.335560 110.668041
20.360140 1.292467 113.010104
23.660956 0.886351 117.806516
6.718501 1.502954 114.331005
14.835939 1.538270 104.785902
28.998078 -13.916798 126.255910
32.732748 -13.746594 125.089713
-9.601743 -10.231284 103.149982
29.177484 -13.981143 126.681343
25.288517 -0.813051 102.269486
-13.221509 -8.876792 118.822377
-13.616469 -5.603642 93.373762
10.518545 1.570808 67.153192
4.187737 1.738383 48.560157
22.149827 0.739579 79.281145
-2.108269 1.767417 50.863857
7.952755 -4.444837 65.807963
-6.029512 0.735391 60.160998
-13.685960 -5.261050 75.448819
23.566543 -0.003581 87.304171
10.436671 1.583630 66.814156
-0.831119 1.782632 62.051429
-7.683459 1.037956 62.149678
0.517634 1.857697 58.477045
8.115941 -4.594456 66.553406
4.662263 1.761825 53.740207
-6.728669 0.495205 58.463010
3.492011 -4.511490 49.907257
-12.228635 -6.331556 65.575597
10.899282 -7.457456 51.308004
3.897669 1.960325 26.239222
-13.434381 -10.864817 74.224608
-13.315796 -8.727766 63.136844
10.526592 1.802531 40.410500
14.041683 0.953743 58.562194
-13.459177 -6.132532 53.960409
3.272339 -7.624884 53.634785
4.238546 1.805120 41.954097
4.626644 2.221224 32.391217
-10.723807 -10.705030 72.588688
-12.145451 -7.303128 51.764003
24.742129 -2.492730 64.690734
-13.809629 -9.018146 68.412336
20.149700 -10.278568 111.243186
-9.258216 1.141267 36.727886
10.861636 -6.189049 52.023505
11.467285 -7.604018 57.767471
11.410862 -8.362312 61.136936
2.833198 1.536923 32.695320
-12.215098 -8.316587 61.817816
10.778171 -8.072462 56.230112
3.661030 1.886557 43.648343
11.343990 -8.450424 58.738418
14.564648 0.809320 58.650774
-6.381585 -7.367753 53.924852
-10.193825 -7.500654 75.507768
-10.699260 -7.039041 76.493375
11.556208 -5.071040 49.159631
11.105355 -7.877649 61.488448
-10.805213 -0.777525 67.175337
19.336232 -0.194716 41.206783
-13.412361 -5.126995 96.474368
-0.239909 1.761488 35.897918
-4.295218 1.993592 31.444598
-9.616777 -8.152683 85.727512
5.340024 -2.752706 72.831035
-6.110419 0.983951 63.944356
-10.584668 5.294174 72.800469
3.674878 -4.676673 51.608676
-10.964906 -6.761730 86.801699
-13.084522 -9.648840 64.617126
-11.196492 -4.682817 81.342498
2.661453 1.905106 22.031461
14.904869 -2.335638 50.758123
14.582301 0.299072 56.382631
-13.304693 -8.810451 61.128827
24.913799 -3.132327 59.506942
-0.323859 1.799946 35.315911
20.988651 0.156207 54.992801
-10.707962 -7.094497 76.368927
13.199769 -2.897712 54.479100
13.292186 -2.157818 49.134679
9.458674 -5.240246 74.569259
-6.330933 1.478806 59.594274
-11.093097 -8.396122 69.033018
-13.551219 -8.967306 61.951621
-14.045145 -5.906591 61.117598
66.021615 12.795733 124.767831
-10.788401 -6.631168 85.163283
-6.168370 -8.444435 78.194170
-0.866882 2.229860 33.871498
8.901464 1.620677 70.054494
-8.691461 -9.300416 103.276926
-3.115344 1.567873 30.491772
5.965198 1.864531 58.516969
-0.160135 1.856743 38.253393
26.249265 1.924038 129.546776
13.777566 -0.188791 58.355404
-9.537024 -8.167748 86.000737
-10.542000 -7.703983 87.831595
10.993757 2.587346 37.270282
-10.169029 -9.140068 85.497953
-2.366283 1.831597 51.194472
-5.681274 0.614847 70.888828
-9.188100 -9.590265 87.608586
-10.188304 -7.565062 75.490302
-10.578087 -7.271127 86.373459
19.926504 0.225292 42.216718
20.059218 1.814374 101.716798
-11.369130 -4.740987 82.700202
-5.464659 -13.399885 102.756363
6.228036 2.049594 60.985040
13.317637 4.653155 44.887213
-5.573793 1.980808 42.985865
-9.382602 -7.300570 86.509136
9.256095 1.613323 81.822825
-6.846661 -13.930210 106.337921
-5.958211 0.882402 62.204573
-9.425613 -7.339433 87.046229
-7.313420 -9.424646 87.073052
43.940906 0.909940 217.062104
21.742828 -2.678592 119.872547
-9.460671 -5.386029 86.345700
-12.028426 -4.476682 92.917763
18.571014 0.131428 109.597909
-8.436201 -8.997903 94.917359
-10.894572 -6.708083 86.722164
24.397447 -7.149111 127.630769
22.992084 -2.681000 124.820854
18.964040 0.483768 41.249513
-8.945972 1.472135 36.273135
17.074639 -6.044077 56.392612
15.464014 1.021659 54.039320
-7.698711 2.185062 31.110177
-9.812526 1.471517 36.376998
14.777676 -6.098005 54.487521
7.377454 1.352642 28.121419
-6.455506 2.002881 28.894558
-7.068266 2.141521 34.471284
17.783184 -6.029137 56.232295
-8.530894 1.290752 46.538416
5.376079 1.733773 29.992512
3.892273 1.833890 35.095397
20.249571 -1.879686 46.510033
20.051108 0.771150 45.185078
20.166200 0.763284 45.323250
19.306258 -1.128202 41.406711
19.793011 0.671264 42.876700
20.052949 -1.727438 46.962601
19.549447 0.623571 41.860527
19.439315 -0.355249 41.284758
19.976782 0.745705 45.058446
14.358512 -4.777822 51.870361
17.147374 -6.027079 56.683615
15.386631 -4.300770 55.013698
2.282328 1.807344 25.796198
21.898217 -2.613764 61.088279
-5.888283 1.973269 35.626876
-9.859748 1.482200 36.396336
13.657546 -4.157576 48.992764
12.673468 -2.391306 50.082546
11.959870 -6.815346 54.366192
-2.897200 1.469037 30.281706
21.048755 0.302538 54.315040
14.722313 1.005425 55.752903
5.332725 2.751533 30.478266
18.825868 -4.140546 54.232075
12.558626 -6.735655 53.943878
11.074602 1.450832 40.062730
14.063454 -3.834572 51.490154
5.859432 1.297389 27.892203
-13.434194 -6.805677 55.450671
3.503863 1.712192 26.786389
3.536426 2.099657 30.708418
-1.141804 1.840253 21.401733
-18.764673 -2.855047 42.138431
11.703269 -5.096928 50.035449
-7.730213 2.180733 30.727818
-8.072930 2.291330 31.791431
17.827442 0.973090 47.954758
12.811453 -2.853862 48.481870
4.487692 -4.750188 35.269126
20.919752 1.313820 57.638032
12.872086 -2.418910 49.552938
4.860788 2.341131 34.312838
2.478954 1.704763 24.134671
2.805629 1.712797 24.680029
18.443166 -4.103555 53.479146
4.499607 1.800357 22.787165
6.580048 3.400749 34.899211
-7.128120 2.025653 29.957953
-7.377079 2.075460 29.780232
20.407674 -3.168008 57.209168
21.782034 -2.599425 60.937631
22.185384 -1.991131 62.528950
3.964229 1.794019 22.583400
-7.783486 2.114020 24.525638
9.392895 2.072743 39.302004
-8.961910 1.357165 47.962243
-5.415160 2.349933 25.448085
-5.878458 2.560394 26.790319
-18.330133 -2.815819 42.293757
-18.771317 -2.291224 41.387373
11.078001 -5.051546 49.880122
-9.983416 1.487418 36.626830
-17.921855 -1.666714 45.621427
16.842740 -5.319407 47.054612
16.127053 -5.045683 46.678460
21.563890 -3.301751 59.698449
12.934061 -3.370869 46.675652
-18.379912 -1.983939 55.084500
6.889079 1.651019 33.588292
-9.005638 1.234123 48.991516
-6.396744 1.804914 27.816816
-8.798162 0.509949 29.751787
25.047823 -6.484388 58.484843
-6.386077 2.010837 28.901670
-18.168412 -1.312055 45.470156
10.576028 -5.420213 48.643747
13.255787 -5.611876 49.863279
-17.941349 -1.772851 54.832484
-7.401470 2.102305 44.658590
5.780646 1.724219 34.772268
17.016625 -5.240371 49.613759
12.279568 -3.791904 48.476880
14.030018 -2.709898 49.503969
14.553232 0.759039 50.638665
9.798709 2.094034 42.492750
-17.605556 -1.800098 53.136055
13.072389 -3.757844 48.077647
-0.826771 1.807512 28.229336
-17.815310 -2.753782 54.112617
-14.751944 -6.156455 46.913321
11.187354 -5.205657 47.489714
11.989189 -2.698130 48.224864
15.702961 8.406664 60.636647
2.234835 1.749524 24.717520
3.525946 1.857423 42.441910
-4.795257 1.906725 25.791488
12.653849 -5.126153 54.800046
14.274112 -0.758328 60.863087
11.580910 -6.432051 56.161493
9.193839 -7.596470 52.855032
-14.746579 -1.291950 55.277254
0.736005 1.662768 24.003735
-16.515775 -1.932585 66.002589
-13.006141 -8.599200 62.007451
2.750457 1.406567 20.276894
-0.619622 1.817496 31.242798
17.275409 -3.697710 51.841666
12.771717 -3.584895 49.242908
7.287844 2.412057 34.023394
-0.799324 1.780973 28.126159
-7.857001 2.112816 23.306044
23.161665 -0.622819 65.817320
22.611316 0.864521 65.213480
-7.559916 1.641640 54.899854
-10.723152 -6.850996 63.902249
20.669764 0.110489 51.112130
11.399384 -6.573903 62.176502
-12.716947 -9.954628 73.285787
49.529233 8.512835 85.842603
14.407387 -2.925886 63.228543
9.745467 1.642532 75.264486
3.775186 1.805934 46.558690
16.094802 0.349987 67.009094
6.225416 -4.673460 50.504236
-5.429508 0.678961 69.445975
13.647908 -7.518308 76.049228
-13.807477 -9.915640 77.539179
11.660227 -5.508481 52.565588
2.067909 1.653053 20.444072
-11.940064 -11.819764 76.154339
21.804178 -1.991384 61.606035
3.549806 -4.442934 51.171391
9.040072 1.902898 41.604768
-12.632952 -4.453040 88.399567
-9.459891 -8.623997 75.338406
0.596994 1.857342 45.346331
4.197063 2.480554 44.316746
13.212744 1.368278 64.990783
0.970355 1.758669 48.634390
14.779516 0.141566 58.290529
-4.260535 -8.218058 101.802259
-4.439597 -8.350803 106.079043
-2.342909 1.762259 84.337682
-5.940963 0.678712 70.398520
31.378786 -10.065322 125.230068
-4.103992 0.780912 81.694322
26.954410 -1.505602 121.407723
25.733630 -14.075431 130.410430
25.915593 -14.242859 131.393853
-3.864670 -10.130478 96.982767
22.390365 0.159565 74.291043
22.923154 -1.791824 81.230525
22.500934 -3.786664 76.987114
-3.304371 1.046384 79.074355
-7.404527 -7.337062 107.172880
8.452014 -4.617224 82.287869
-2.344917 2.042280 75.958465
10.528401 1.556906 64.693230
23.109390 0.413225 83.944375
23.540343 0.775202 83.719806
0.708411 1.815135 74.316307
-1.782407 1.480874 105.323620
28.724604 -13.663722 125.349214
22.846177 0.219127 78.858831
26.990809 -12.969867 142.212447
0.696303 1.795323 74.674369
60.369348 -12.798291 171.706416
-2.053256 1.529350 103.371120
2.924214 -8.145135 118.063210
23.808797 0.674055 89.261973
23.840174 -10.320924 122.871474
0.378043 -9.266512 114.255836
90.466534 -22.846177 206.896631
96.086675 -20.395697 179.930306
95.834660 -20.245080 179.368885
22.822597 0.341768 78.764637
-8.401798 -4.746975 88.295080
-3.051320 1.394908 81.810037
-9.244898 -7.250541 106.932404
-10.457662 -7.552024 102.002811
-3.388772 1.062506 79.223131
9.279051 1.647417 69.708596
11.745906 1.472191 79.322940
7.165267 1.635904 68.531170
-11.168453 -4.983490 87.026579
-3.428976 1.043137 79.310776
-3.704228 1.552299 75.756665
1.400151 1.763244 79.139542
11.268136 1.571899 80.975079
-9.978676 -7.288187 100.388100
10.175048 1.539031 92.267137
15.287883 1.743697 96.737301
0.456183 1.801496 100.395586
6.610427 1.701987 92.353222
13.892127 1.466658 92.005141
6.602193 1.685316 92.190722
24.387373 -1.242647 98.728788
1.708109 1.595055 120.686920
-7.446851 0.861261 164.600379
13.077005 1.466386 114.354397
29.463933 0.585634 132.308035
32.335386 -0.901521 152.483654
5.021573 -8.723056 161.992264
33.035916 -1.338772 154.600525
43.328644 -18.627156 181.284580
27.763263 -1.234681 120.307649
34.701466 -1.359632 178.795923
40.541498 -15.791666 191.554851
16.084353 1.423219 108.886151
18.473108 1.342568 110.623439
3.479972 1.729231 110.901655
18.120161 1.367595 106.171678
-6.646483 1.080262 128.913306
9.825314 1.527491 115.049936
30.051368 -1.031066 135.672509
16.927920 1.257491 106.083098
15.100150 -4.970858 130.644667
3.721196 -9.467969 157.335896
-0.842628 2.077569 113.067494
24.728717 -3.763333 127.922085
2.240081 2.394750 98.858538
-2.532105 1.336430 85.047568
-2.841270 4.507716 99.373487
-0.262672 1.931705 93.133910
2.882641 1.673542 89.347433
93.485110 -19.895626 176.479747
30.968450 0.219118 174.932407
10.129448 1.578518 68.404226
10.297594 1.432345 68.247340
-8.287611 0.064983 99.784260
0.720503 1.767614 73.919257
25.897690 0.475125 105.843870
27.921677 0.536922 119.704433
-5.492699 1.146881 157.077954
-1.684417 2.021564 103.536116
28.255817 0.644599 120.518494
-3.208711 -3.896733 152.555391
27.307856 -0.781065 117.673334
2.999654 -6.506346 126.828560
10.026272 -4.811695 113.570902
3.255434 -5.721977 125.432804
13.201578 1.260987 55.528335
13.172728 -4.797877 60.108911
-12.845887 -5.212113 61.479091
-2.485360 1.818775 48.776617
20.173311 -1.531227 52.310765
20.937593 -0.236280 52.942676
1.192971 1.821236 51.155173
-0.475639 1.759935 43.694816
-13.884891 -7.415817 75.054576
13.357186 -6.477713 62.349295
-3.800574 -4.650847 63.776241
5.357178 -7.313951 86.016020
24.249700 -11.853480 128.480387
5.221376 -7.077592 83.749125
-1.849419 1.855246 55.399208
13.989346 -1.120282 57.871646
13.548662 -4.869552 58.658260
2.405991 1.922557 44.575624
3.646152 1.708047 39.889937
-16.136753 0.138054 65.288960
4.674645 1.775608 78.463653
-9.198518 -6.490470 103.029901
-11.859750 -1.651019 99.172934
11.820762 1.480328 79.433041
4.692424 1.710486 78.157678
10.348652 1.571238 85.430582
32.675670 -10.019691 124.796214
5.206811 1.576191 81.464139
4.170551 -5.248044 100.291411
-8.428996 0.510426 111.252231
-1.994041 1.487621 102.706771
-2.664254 -5.586581 124.947174
-10.236898 -4.330089 86.567149
20.819445 -1.987513 109.588552
30.882240 -11.526109 123.224234
0.983015 -6.185025 120.146708
91.683259 -24.275774 199.202349
4.696323 1.755409 78.492348
5.850512 1.811907 114.316345
23.877571 -3.539326 128.908939
8.961411 1.617586 109.417630
3.647930 -7.090817 132.622119
0.730388 1.758934 133.587140
28.932985 -5.108344 130.091355
23.446960 -4.995342 122.841843
23.397867 -4.967926 122.766363
6.113444 1.676408 113.189136
2.781314 -6.863815 127.823524
-10.103030 -3.030323 123.209575
100.644483 -21.703247 173.823911
63.914413 -6.640744 148.130454
4.855610 2.801437 126.773042
14.011211 -2.216832 47.633812
20.001111 1.039837 50.344854
20.989057 0.683752 54.298821
31.205681 -4.801558 59.135156
19.958006 -1.699822 46.783570
3.683736 1.567714 38.753370
14.760490 0.482501 62.722952
0.276987 -9.348573 113.887793
-3.896328 0.774977 77.687332
31.310168 -10.106960 125.451518
30.175099 -9.446105 129.073623
-7.266978 -13.860375 105.284632
26.209497 -15.289380 128.959467
1.808763 -11.748588 124.483690
94.383073 18.273429 144.252590
21.232714 -0.003461 69.186473
48.686165 1.132094 129.928231
20.976269 0.458157 56.356431
0.755901 1.850105 126.619899
3.194489 1.825780 122.189971
1.376696 1.922738 127.266469
13.010757 1.596112 114.292329
30.214086 -1.193900 134.556528
28.956533 0.168486 127.480121
19.240572 1.350244 113.917112
28.705422 -0.335917 125.695424
14.946695 1.335544 118.478974
4.574213 1.781780 125.652694
21.123049 1.264165 128.306035
4.203457 1.792865 122.813149
-8.439258 -3.653950 134.946404
13.653429 1.419932 114.648832
16.864386 1.363949 114.641034
16.881073 1.365215 114.679398
15.470564 1.510860 115.075200
22.385219 1.189278 127.185375
14.240271 1.497863 115.932616
-4.405475 0.789933 129.997473
3.603734 1.834579 119.527273
14.942703 1.528635 109.937569
22.368438 1.193389 127.180384
14.596929 1.478117 114.800415
19.827195 1.406773 114.851567
29.247038 -1.263174 130.014316
-3.388273 -6.023866 149.610111
7.797865 1.560468 124.337096
-5.787882 0.534607 129.078925
23.966151 -4.821395 129.066137
29.254898 -0.343967 129.892051
28.539615 -1.223300 132.232555
3.817729 1.734035 118.633989
5.004075 1.781871 35.163392
-7.248607 2.146274 34.514014
-7.910087 1.762723 38.858793
5.806035 1.715873 35.708594
-7.115488 2.267628 34.954730
-3.836880 1.904092 31.905899
-8.292914 0.449203 39.351908
5.073255 1.791028 34.575146
7.005980 1.662466 38.297060
12.893046 2.605052 39.778589
1.815453 -4.904922 51.029477
19.780940 0.957473 43.141816
20.058220 0.246546 45.765214
9.462386 1.892259 34.746068
-13.012442 -1.900633 68.011855
16.799885 8.123396 74.709614
19.618284 1.288977 108.422978
19.796816 1.189693 110.092272
16.875365 1.319459 108.225545
5.557512 1.647959 108.558967
15.492584 1.423369 105.019204
15.546636 1.420169 105.949293
20.935223 -1.486591 109.610073
19.656991 1.193791 109.911993
12.365965 1.444862 105.653299
14.309731 0.774172 106.062201
15.657267 1.342518 106.815753
4.272137 2.385284 112.321427
13.599439 1.534830 104.534822
19.609862 1.206258 109.421061
14.730859 1.441952 106.272734
6.172456 -7.566559 160.536934
10.989796 1.464468 101.605137
11.394144 1.478538 102.470039
11.849800 -5.826495 135.398660
15.234018 -4.905015 130.463141
4.342939 1.718387 100.643859
1.541548 1.773216 102.475653
19.406565 1.178090 109.201483
30.493238 0.580070 139.726597
-7.068734 -2.992954 154.377828
23.742518 -4.152024 128.809443
21.003747 1.180392 129.171248
22.335127 1.105330 130.424153
13.804951 1.428325 114.380909
0.726417 -7.286223 152.182358
-0.405084 1.521418 146.337336
1.266960 1.062316 152.638045
-0.295008 1.504039 146.206337
29.410411 -1.246593 133.172936
29.337645 -0.246823 130.719835
29.474850 -1.286669 131.346756
-3.668703 0.725734 147.150149
8.992040 1.665713 121.703405
-4.204798 1.590233 139.900014
16.003945 1.473102 119.793948
21.878005 1.183605 124.874813
8.064446 1.556314 125.968338
4.292598 1.763890 122.627879
14.246041 1.488606 114.242113
14.286837 1.502848 114.317593
20.388055 1.237847 114.561811
14.270400 1.414081 113.329803
-5.943365 -5.057410 142.092677
-3.665615 -4.093044 134.742421
26.960118 -0.677667 112.476130
17.619030 1.292212 105.549436
17.683188 1.323770 105.668894
11.411829 1.589534 102.821863
7.365726 1.784051 104.948091
14.145921 1.488438 103.401686
4.077542 -6.124517 165.445630
12.884063 1.551966 103.891059
12.267248 1.589313 104.444371
-0.501418 1.976466 113.252763
28.589738 -1.042959 125.405357
20.701203 -2.431657 109.516815
0.296601 0.815059 148.826304
-6.506813 -5.235162 135.108904
14.273426 1.404767 113.294246
9.832051 1.523430 115.141947
12.962257 1.549274 114.350654
30.662724 -0.765193 139.632091
66.778599 -3.646527 155.873393
6.952676 1.730102 120.421805
-9.704827 -5.354901 125.012050
25.928069 -5.381818 119.579672
33.272648 -1.286800 161.258361
89.809047 -17.109384 188.895897
46.186904 2.189282 139.234105
4.402886 -10.021843 160.999171
13.146933 -4.951551 137.495570
36.906294 -1.339649 181.776447
34.355880 -17.436693 183.576739
26.788011 -0.720797 112.341077
-10.209482 4.517167 192.955910
12.954023 -3.398940 46.890552
14.511562 -6.042487 53.853427
-6.130037 2.123880 36.721648
-18.652701 -2.853082 41.984040
13.951450 -4.090642 49.656801
14.801911 -2.801281 55.816219
-2.124818 0.965754 20.696587
-14.166818 -4.455379 40.429214
-0.953431 1.804200 24.269505
3.942552 2.022852 26.773664
19.385044 0.520578 34.859912
19.631914 0.750568 35.818383
19.098064 -0.115748 36.349862
-5.472332 1.880743 49.725107
25.926572 -1.379990 70.537940
14.900128 -5.200666 50.298069
-7.907966 2.538103 38.537535
-4.489938 1.932937 42.061391
-3.994920 1.864422 30.086207
13.269573 -4.009953 50.537609
10.563677 1.278282 27.377098
18.728930 0.416918 37.160493
19.287856 0.134377 35.360201
10.632950 -2.097168 26.690324
10.691837 -1.557614 27.605846
19.231776 0.164458 35.536113
10.608029 -1.629514 27.684664
19.468415 0.133906 35.575724
19.424500 0.422361 35.880140
-4.671214 1.929681 25.611490
23.749223 -2.399940 62.170264
20.505080 -1.509404 52.740877
12.541503 -3.691752 46.379658
13.009416 -2.485669 49.938759
32.532820 -1.925751 159.929040
-5.556233 1.295502 154.540640
14.497339 1.535257 126.741540
17.356690 -5.026345 144.892923
1.331524 -5.947107 153.073147
29.321114 -1.274471 131.178954
51.439626 1.405650 185.268490
34.479081 -7.117578 179.063846
37.121817 -12.259763 192.892282
34.402977 -4.594830 169.067111
33.691843 0.220018 159.743770
44.484549 -13.824101 216.284223
31.610217 1.108143 143.959715
33.804128 -13.175503 195.710619
33.542131 -11.281579 176.074900
-16.561718 13.793816 177.533972
3.673256 1.760621 112.788031
5.875838 1.629283 109.825597
6.233588 1.625253 113.944871
15.227874 1.498387 113.288632
12.975294 1.493912 108.765757
3.365597 1.766126 115.934487
29.603603 0.610440 132.482387
-8.650726 1.482424 156.592012
29.839275 -1.749206 141.416788
23.957979 -4.756052 129.126958
9.810810 1.581094 115.361525
15.464700 1.378689 121.152900
29.090682 0.452459 128.573958
-12.582923 -1.073008 98.716624
1.690241 1.731215 80.272054
4.055366 1.721359 79.808881
4.734780 1.760911 78.702257
13.174287 1.585557 84.080364
4.053807 1.738093 79.997893
23.932091 0.081507 93.298594
11.988097 1.535126 85.114627
-11.329050 0.050688 112.202593
8.229442 1.738454 153.067220
7.253130 1.601427 120.075283
-8.287549 0.747162 142.886776
-6.576617 1.036824 162.123262
3.742031 -9.627538 161.632642
29.712768 0.376555 133.492010
-5.778743 0.790500 160.055671
11.746093 1.530841 118.225087
-4.063164 1.540753 139.536337
30.978306 -2.003979 140.223143
11.011442 1.585523 123.501514
0.596616 -7.047837 147.765218
32.200021 -1.768459 149.933553
17.385822 1.305552 129.608845
12.478530 1.591275 117.968081
15.228934 1.704616 131.614367
28.664188 -0.605783 132.496111
30.617998 0.558549 140.982310
3.663868 2.034726 125.767785
-4.171955 -6.603440 152.101264
9.997265 1.077281 129.738907
9.912771 1.580349 137.584150
11.996612 1.497876 131.643062
34.169363 -4.648103 161.602388
33.714300 0.248850 159.862917
16.137626 1.406657 125.695736
29.826955 0.093718 136.084842
1.995177 -1.639784 176.827516
-15.744163 -0.537190 182.038132
7.056819 1.720751 143.199613
-5.125249 1.284386 155.316961
42.702347 -13.667964 178.975578
34.568908 -7.198266 160.596507
14.034385 1.678136 124.925341
1.564357 -4.741018 148.613900
55.834933 9.556798 87.841264
1.855748 1.744150 56.040788
0.232680 -11.407493 117.445958
7.392986 -9.136637 99.409979
25.791925 -4.960970 129.113234
2.718846 1.806945 64.242533
-8.156675 1.253589 45.712503
-6.757613 2.356901 46.062767
-7.312609 2.090151 44.547865
-14.700761 0.847226 57.417518
-1.260844 1.817244 36.463082
14.790994 0.550892 50.972087
3.119196 1.831379 37.406894
6.835900 1.744399 40.839675
-5.729588 1.115588 81.554278
7.123410 1.796639 41.991525
-5.302720 -10.411812 98.945247
-2.779573 -10.147944 93.891205
29.758493 -13.189165 137.185540
-6.467389 0.365432 54.814394
-13.923130 -7.425050 75.207720
-5.722851 1.433868 63.976793
0.605337 1.889349 45.520995
12.901343 -4.581761 60.665654
-16.679335 -4.983302 65.836658
24.881798 0.261275 93.504448
10.317244 1.470232 48.276328
-9.948421 -8.042956 79.766463
13.722734 -1.995872 57.842327
5.637483 1.943033 60.175346
-16.935156 -4.811851 61.276979
-10.272642 -7.783704 107.680031
10.278475 1.652909 68.757610
4.079663 1.585183 48.852720
4.705025 1.973051 52.705632
-5.802604 2.006243 50.613401
14.097420 -4.008394 59.627648
-8.010207 0.821350 54.801606
-18.223744 -2.301797 89.645299
7.541108 1.739356 47.407372
13.490024 -2.783971 58.766801
8.293506 1.668629 54.254843
20.934880 0.443854 56.297794
14.449899 -0.166704 51.016689
24.778028 -7.271127 123.329656
29.840647 -2.881521 173.304596
-8.305203 -11.265111 105.740631
-1.135996 -13.102643 108.941981
8.944787 -6.458812 114.482588
32.517848 -15.889135 182.711526
-8.796072 -10.949311 127.574939
-18.403336 9.867327 98.124324
-0.930934 -5.216636 137.694251
32.614850 -9.374680 185.262875
8.911164 -6.315244 113.593359
10.253897 1.503864 140.330437
-3.059152 -4.701656 157.489351
-24.299541 17.568409 177.315641
5.322339 -9.559855 158.608451
2.249432 -1.360842 154.099924
14.915380 1.489982 132.510770
-19.505064 -2.279786 71.863831
-8.101812 1.232657 47.449790
11.790476 -4.299772 57.363871
-8.037716 1.229310 47.326590
-16.649112 -5.928580 65.167319
12.500176 -4.439254 59.713732
-14.594403 -0.224689 56.323058
12.701383 -4.462490 60.149458
-17.334577 -5.039757 67.353432
-12.930755 -5.055726 62.053925
-12.712892 -8.567698 69.968097
13.710881 -1.969451 51.960501
-16.216069 -3.677654 56.793716
14.388205 -0.342380 51.461771
13.969665 -2.398879 57.421573
-14.837467 -2.052432 55.358037
20.768106 -0.211681 52.726529
3.429662 -4.549012 49.853298
21.016535 0.900467 59.866876
14.013332 -0.574702 57.885993
14.608470 -0.179880 51.294280
-16.038878 -1.841276 64.524491
14.011491 -0.803956 59.086188
-2.123524 -13.265393 113.490432
26.605518 -6.781286 119.875978
-3.347476 1.948248 41.578568
-9.597221 -11.134019 104.531391
-3.734295 -5.726937 115.967860
20.054477 0.173837 57.495493
1.930835 -6.880003 95.816881
12.051756 1.804156 106.371606
-0.367385 1.923826 120.789848
28.507115 -0.561453 124.603460
28.533814 -0.676925 124.803076
28.243621 -1.115507 123.918213
28.061003 -1.297111 120.855971
18.988743 1.354785 114.825991
20.601458 1.256711 115.459150
0.864517 1.726084 133.414971
9.067052 1.503789 112.581241
9.062529 1.610781 113.178219
16.712023 1.346956 111.784022
27.504104 -1.262453 119.147066
14.419395 0.711892 110.760675
11.337316 1.585217 112.845421
-2.927193 -4.502726 132.915306
6.542620 1.632907 115.384606
3.594283 1.791116 113.059385
6.327814 1.566291 113.604587
3.672539 1.803436 119.342316
6.618193 1.610285 115.229591
13.293184 -4.630293 113.278963
28.883049 0.203008 127.355049
29.471731 -1.085951 131.333656
1.904382 -11.006888 170.826544
0.997050 -3.524760 151.517073
36.243192 -5.419215 181.876880
8.746636 1.042192 121.578645
0.137447 -1.517076 162.301357
0.432647 1.616239 106.774894
26.541672 -0.677617 111.991436
14.996661 -4.953110 130.641548
2.488498 -7.364541 136.310347
14.773216 1.449528 106.338857
8.891015 1.518845 108.341884
2.274082 1.818794 109.507458
14.304678 1.411358 113.307658
23.271922 -6.019967 124.619990
-6.860946 0.666336 163.376792
5.994547 -7.048024 83.929404
29.775990 0.375713 130.043322
35.370182 -16.134632 183.424532
26.518498 -7.044905 119.422474
3.592848 1.700852 44.694458
5.828959 -7.064243 83.691111
9.071761 1.606626 113.137984
6.569599 1.649257 115.444179
9.116800 1.621526 113.195997
17.431827 1.396215 111.646474
30.455186 0.459255 137.512412
32.210626 -0.873210 152.298697
34.785680 -9.851857 161.319182
3.080420 -5.706102 157.972173
29.512902 -0.441920 132.634595
6.433735 1.759143 139.514504
1.717005 -8.298777 151.088521
29.668416 -1.277312 133.439299
29.134660 -0.422039 126.683838
3.589168 1.830521 119.385358
-1.230867 -6.128914 144.618762
-4.498047 -3.236096 153.349803
19.463986 1.345596 118.343609
6.390599 1.610556 114.698424
25.949528 -0.092419 107.316042
26.518903 0.531011 109.783490
14.635917 1.434310 98.965832
26.268228 -0.911212 109.665903
11.522460 1.568238 115.458214
12.411253 -5.826215 135.714616
13.071547 -5.912518 136.310035
35.936906 -7.027969 159.902216
43.363265 1.197718 169.403340
4.419729 1.791515 124.212336
-1.935226 -4.273354 134.772675
36.008019 -10.410752 163.792556
13.079719 -4.717064 136.304420
34.097938 -4.587251 158.769704
8.172146 -5.888813 170.471913
4.025486 1.705630 43.357339
-8.028110 1.237273 45.439277
-8.037872 1.232579 47.358403
-0.566665 1.818497 41.501217
16.516929 1.342527 129.690251
30.608578 0.435488 137.910710
1.352206 0.980014 152.776841
22.721448 -5.223591 128.103611
11.591983 1.601823 117.738522
15.019461 1.474181 117.932212
2.367094 1.990620 135.257993
1.650776 -4.759888 132.452133
12.292668 1.476642 107.529694
-11.769610 -5.063056 136.679637
7.874280 1.505639 123.957825
9.261959 1.521655 111.091914
12.018164 1.459228 107.297640
-8.028921 1.402606 155.037186
9.826062 1.555989 115.203703
12.030983 1.461667 107.312299
-6.408627 1.040754 128.367479
-7.906718 2.708747 58.040072
-14.544124 -0.253782 56.053264
-16.088689 -2.875043 66.088986
12.465243 -6.938016 62.186794
-2.521687 1.903578 50.695119
0.209021 1.883145 42.461560
-1.754798 1.840964 55.224855
10.823553 1.599465 41.223002
-9.120730 -9.592885 87.284521
13.149273 -1.854516 48.779112
-8.002846 1.235795 45.389373
0.269728 1.733944 41.465660
20.735107 0.461220 55.948777
4.232183 1.639510 47.161282
4.363306 2.231988 49.334295
4.284645 1.672955 47.375870
-16.800228 -5.943177 65.496686
14.121873 -2.441367 57.728483
16.497279 -5.954499 67.628529
13.215676 -3.673444 55.260412
3.789783 1.679153 41.073913
-6.271765 2.029785 44.074399
-7.269848 1.923624 49.117524
13.604648 -4.107641 59.375008
13.948020 -2.204010 47.556149
20.378885 -1.404209 52.260237
12.600545 1.522762 126.924938
4.914310 -8.783752 162.342840
12.031857 -0.876345 124.677380
17.581540 -4.959442 144.551391
6.165937 -7.822661 166.008299
29.204806 -1.430122 130.741357
16.415249 1.303674 130.902297
8.076517 -8.929659 184.355868
-0.497625 -5.555703 149.750155
29.884002 -0.832155 142.006904
0.487626 -3.752573 148.525944
40.490658 -3.211706 147.686931
-4.028543 -0.090458 167.500433
11.718926 1.506634 128.822231
6.421665 1.756529 139.455243
-8.012484 1.698085 39.237129
-11.665591 -8.205363 65.825742
-5.108749 0.947467 68.785681
14.772904 0.700564 55.029293
19.466107 -1.114381 41.714245
-2.893860 1.584450 35.265071
3.675502 2.183724 40.344689
-0.340961 1.799662 35.195829
-13.816397 -4.881124 53.756738
2.679035 1.751829 32.307627
3.796738 1.709379 31.676964
-15.209846 -2.093288 43.342056
-13.831525 -4.892352 53.871517
-12.175425 -8.830163 63.937182
-6.594738 1.077016 54.089848
-2.959774 1.827649 43.162401
15.102957 0.939760 55.980903
5.058034 1.767994 35.246669
22.113990 -2.889138 123.294724
19.989071 -1.722005 46.828172
7.998199 1.476720 27.916344
13.783461 -1.115557 57.468046
-6.791111 0.539118 59.297033
4.522313 1.514915 23.259196
7.946392 3.994234 43.565689
-8.851840 1.482730 36.061042
12.623127 -2.862745 50.276860
-6.940979 2.065698 34.063941
5.119884 1.789469 35.453147
0.726286 1.719800 27.031606
-7.066301 2.048103 24.913705
-18.120536 -2.922393 52.298913
-18.131327 -2.882270 45.255256
-14.444815 -2.203920 58.550654
6.158108 3.063871 36.518913
4.088708 1.913624 32.027852
3.763302 1.741857 34.674643
-7.876339 1.226987 45.506336
-18.066982 -2.904527 52.925210
-6.538565 2.055470 29.170404
16.191647 -5.688074 54.513721
14.681111 0.193645 54.619456
12.175362 -6.724240 50.312105
3.631618 1.749302 28.553058
20.883447 1.087533 52.139220
4.842417 2.336069 33.311636
0.587284 1.760503 26.172911
-14.086753 -5.914077 61.161888
-6.958196 2.062410 34.087957
-18.138408 -2.904190 45.282079
3.736822 1.733277 34.572339
14.276202 0.168761 51.979215
18.305774 -6.244598 57.614951
-8.556907 1.471477 35.230450
-14.997316 -0.021983 46.208737
-6.853803 1.941739 29.122184
-4.035436 1.849999 37.180766
-8.992788 1.366516 48.024936
-6.268771 2.021061 36.234459
22.285130 -2.520221 60.759224
-8.540813 0.579952 36.988323
10.927572 -7.644690 53.982866
2.821337 1.584126 30.222851
11.283544 1.429682 47.028412
4.230779 3.565152 32.826318
-8.535666 1.473585 35.155594
-0.736797 1.789522 28.038827
-8.734753 0.740690 49.563543
-8.886336 1.342602 47.441993
-8.503447 1.371347 30.142474
19.742607 1.018063 50.049172
14.109834 -2.178992 48.181822
-0.588095 1.833999 31.512280
-6.987110 -12.710834 99.668545
-9.706355 -7.878928 95.322518
-6.283181 1.442869 59.198472
20.272776 0.764135 92.465194
-10.849222 -9.578132 94.705266
12.718038 4.029354 51.508244
-7.421775 2.076754 44.183253
-12.613645 -3.666239 80.300437
-10.653972 -1.380935 86.861584
-10.064542 -4.371790 86.225618
-13.834300 -6.330777 60.314142
27.322578 -0.833359 120.149827
20.670793 0.054420 43.096278
6.265246 1.608526 71.467093
19.157512 -3.585955 145.002400
-10.349619 -8.470448 99.824495
-3.946263 -12.240393 98.641143
-5.727903 -9.492360 83.400420
-0.560408 1.759520 43.876342
-1.932429 -10.805338 92.872849
-7.614654 -7.181299 100.383734
3.727278 -4.632383 51.521032
-13.580008 -7.197830 56.634647
18.594906 1.541888 114.244608
12.009649 1.467721 81.016561
0.376533 2.003963 46.258329
11.217577 1.803436 85.765564
-3.810462 -10.616606 93.161981
-5.491139 0.745044 70.469634
-10.119624 -3.635828 88.889251
-6.518978 -10.279504 89.869244
-8.850561 -6.551478 87.317583
20.853473 -0.567734 114.413970
-0.098112 1.817618 37.914669
14.559439 0.786508 58.449598
-7.850233 -13.697657 105.951476
11.394113 -7.855036 60.748931
-8.033319 -5.278953 86.716550
-9.464632 -7.621890 94.025011
-12.361286 -11.620802 74.883967
25.539191 0.636505 131.906618
21.077200 -0.147067 42.847693
0.366605 1.736683 42.242917
-0.159299 1.983939 48.143146
-1.669200 1.859229 47.740170
-3.875088 -5.853444 73.532188
-7.205066 -8.562396 103.691442
-7.604486 -11.035520 102.891417
-8.404917 -7.563534 89.464708
23.455787 0.484759 123.684288
-5.807594 -14.609592 117.329308
-8.134343 -13.315952 107.586460
-9.663406 -11.039201 103.987124
23.661111 -6.443529 123.816534
23.924013 -4.183308 123.924763
-5.523671 -13.976621 104.969300
-3.905654 -12.626215 104.061357
-8.584603 -5.706663 87.994096
20.875587 0.146252 43.277804
2.774268 2.160366 28.679721
36.043888 -11.959028 215.668531
-2.849567 2.167848 58.826998
-6.448519 -9.487993 99.151413
13.092569 2.413342 40.432645
-6.813412 -10.220679 104.775922
0.088923 1.836210 45.871260
-7.540827 -10.822586 101.837504
-3.586205 -12.985119 105.415942
-11.202387 -8.618538 113.966392
-2.193515 -12.775179 105.812368
-4.985423 -13.638551 103.787820
-6.575744 -12.407385 105.466470
-8.237707 -9.032805 100.281742
-3.492728 -12.592530 103.277550
5.660689 1.646606 108.576122
12.937180 1.472013 108.715230
5.350129 1.652126 107.705606
5.848921 1.636949 109.877060
13.112032 1.529518 106.199749
1.654756 -5.497689 127.200970
28.374963 -0.342801 122.419842
27.096855 -1.304809 114.151973
26.912241 -1.285150 113.967328
65.496686 -7.631091 150.814984
-0.799495 -5.855564 156.470995
36.194536 -2.524563 146.682298
29.023280 0.568764 127.019444
23.921237 -4.683191 129.170312
6.253737 1.625437 114.051853
-9.467376 -5.558292 136.221455
30.851331 -1.954845 139.933387
-12.111672 -8.657276 66.364394
-9.204694 -11.798336 103.438803
-7.907716 -13.806073 106.395935
14.056031 0.673332 58.622703
10.247441 1.587394 36.825199
20.389614 -1.409209 52.328232
10.287177 1.590645 36.890387
10.229537 1.564451 37.244082
10.024806 1.375555 38.734968
3.576286 1.718374 35.414160
-5.070604 2.070336 42.668662
-18.422206 -5.028341 53.247716
-3.561939 1.879162 36.919705
-5.318845 2.810055 43.960243
6.090987 1.667506 113.007921
2.676094 1.827003 112.645804
6.150092 1.573817 111.226655
13.895683 1.567261 105.769638
13.679099 1.559872 104.653968
20.616772 -1.460838 109.257313
28.851734 0.354878 128.267983
3.703948 -9.868793 162.312274
38.822301 -16.293514 175.886512
39.841593 -17.567754 180.888154
39.699054 -17.495050 180.484866
3.010289 1.923658 138.935616
34.475338 -4.037775 168.678483
46.800101 1.124109 139.442455
8.711298 1.518820 130.115683
33.769507 -4.566946 169.179395
2.602095 1.825272 111.792443
5.753978 1.644148 109.261992
5.850792 1.665972 110.455948
13.930397 1.570296 105.827963
17.373471 1.381824 111.565380
5.403246 1.648502 106.566856
7.189190 1.654250 109.716119
13.085988 1.520517 106.131443
17.411679 1.394159 111.618715
14.767352 1.463542 106.328876
-92.433069 55.056741 402.595397
29.564022 0.609785 132.450573
-1.005637 -5.258274 153.309879
13.840445 1.410360 121.578333
30.271476 -2.106990 142.301650
15.030627 1.376880 118.624320
13.962960 1.545241 121.606092
-7.447226 1.584316 164.512735
28.150675 0.112789 123.795948
0.592325 1.708777 133.925241
1.461090 1.769217 123.642181
10.267496 1.591674 118.439675
8.109641 1.526262 125.793985
4.890512 2.221932 114.787939
19.084403 1.379637 114.908645
5.892369 1.628993 111.157101
5.923060 1.597918 111.010508
6.363245 1.557755 113.541895
7.680403 1.541364 111.191410
2.743408 1.815687 112.536639
6.005620 1.609090 112.146763
6.008022 1.575028 109.922286
12.676587 1.418432 109.928212
3.633115 1.770745 112.944605
2.632624 1.849968 112.767757
13.096967 1.532522 104.816781
-0.543940 2.031033 110.854869
14.730641 1.444450 106.285834
26.620146 -0.188993 111.828312
26.816269 -0.606073 112.977979
15.682001 1.505932 104.580360
18.263449 1.385972 106.302676
18.066733 1.406533 104.173641
27.566391 0.648726 119.795820
19.406971 1.291263 105.895646
21.499607 0.433261 121.961659
-2.524448 -1.657585 116.856778
-4.135338 -5.048770 135.432658
12.948658 1.586705 104.056678
14.187341 1.514896 103.539547
6.227226 1.651294 114.376854
27.031325 0.786655 114.073063
29.437796 -0.413387 130.168395
1.324016 -4.744043 135.473517
41.598530 -4.175167 147.712506
23.494369 -5.376048 127.871557
23.461339 -6.319985 129.776335
24.383037 -4.850901 130.854577
34.049905 -5.521612 170.095760
34.280088 0.251259 163.674033
29.828390 -45.650434 628.717286
14.158334 1.509525 103.479350
15.834739 1.500184 102.237984
-1.542244 1.368877 102.783811
12.153779 1.120947 99.752134
0.458254 1.775118 106.563737
-0.291901 1.277066 103.688635
7.151731 1.645152 96.376743
0.248430 1.856490 101.305401
-7.984070 1.126726 62.705174
-13.967825 -1.801583 76.317151
1.714348 1.722179 55.090738
6.993628 1.661851 67.903001
-4.285674 2.095824 62.766306
3.400530 1.729512 68.693670
29.202436 -12.078985 123.013077
2.542591 1.699804 61.706467
6.816157 1.647223 67.145082
22.492575 -1.711887 80.614833
23.303767 0.471132 82.271027
-13.022360 -5.785823 88.567681
-14.226921 0.053465 77.470872
-3.945671 1.937859 61.167190
-9.258340 0.604121 87.725861
-11.907626 0.105680 110.300310
-0.537742 0.396682 104.971483
51.342937 -6.331588 147.920856
15.610607 1.453212 104.993316
4.875853 -5.677407 121.869337
-9.325087 -7.004638 129.077677
27.150908 -9.100643 129.235187
54.531811 -4.894691 147.216896
15.717121 1.472337 105.337655
6.558339 1.659019 91.968025
3.874526 1.643013 95.572039
23.553786 -9.564284 127.216253
13.059788 1.538095 87.582386
6.582668 1.667151 92.089042
25.831567 -5.377452 119.456160
11.467472 1.597775 83.062943
-5.910365 2.038069 99.994481
-6.507531 2.060966 100.417419
-2.513341 1.860573 84.764362
11.462918 1.580380 83.071052
-6.062729 2.055452 100.501944
2.757930 1.729543 89.644675
12.048637 1.536892 85.247185
0.061628 1.775624 105.610880
-9.220382 -5.450873 121.325381
-10.122618 -0.704512 121.910507
-10.493156 -6.510120 120.936753
25.377720 -0.057903 103.766610
8.861322 1.591349 108.676554
28.141973 -0.763215 121.642273
28.482943 0.114731 124.205162
28.279615 -1.415344 124.341775
-8.918712 0.684644 140.351334
-10.480742 -4.265151 136.164689
18.721943 1.317382 114.366561
16.052945 1.409181 108.847787
27.414183 -1.303069 116.945981
16.059089 1.412374 108.837495
27.699417 0.728030 117.621871
16.097391 1.426950 108.898003
27.683635 -5.643066 130.435382
15.218984 1.492910 113.916176
8.247033 1.592600 114.337866
9.879803 1.595198 111.551344
10.367928 1.569117 109.014966
15.237137 1.465834 113.317951
0.035270 -5.122348 136.224574
7.966603 1.666387 111.789324
9.375490 1.684620 112.316749
28.843531 0.178041 127.334152
1.803280 -4.880313 131.324923
23.026487 -5.161959 123.871116
22.976614 -4.824826 124.326180
30.697907 -1.257219 127.448307
0.323217 -5.822659 147.829469
6.974790 1.684733 119.617100
10.586383 -4.221984 190.446044
-7.796399 -3.938247 252.407334
163.521826 -42.917247 342.716670
-2.320274 -4.631354 149.672180
7.401813 -6.353233 166.638027
33.728648 -12.392882 182.325705
-9.171164 0.078787 102.451948
-9.548907 -8.018535 100.060292
-9.486933 -7.412106 106.280219
23.254143 0.780170 83.378899
9.444888 1.453308 66.605494
-9.971252 -8.280999 102.026204
11.331390 1.596159 81.158788
10.345876 1.559255 66.584596
1.526733 -5.292771 131.618110
22.775063 -5.075033 123.497771
24.872410 -3.878113 130.546419
20.380320 1.557015 116.824028
17.861783 1.254743 111.674233
15.432449 1.368830 121.137929
9.015526 1.603772 121.305732
-6.592212 0.508897 128.940129
10.181567 1.620038 141.568059
34.220827 -6.364181 171.102264
46.835969 -16.790559 211.290379
32.096470 -14.148572 180.773374
8.218588 -6.763227 181.552191
62.732309 -13.424650 518.295023
11.881021 1.073454 127.527218
-10.368739 -7.232513 154.548438
34.609456 -16.916973 185.322136
17.328027 2.351056 130.904793
8.694580 1.557611 130.241380
-5.427044 -3.298258 146.058808
5.687575 1.219308 131.061367
19.519536 1.235698 129.305989
19.782406 1.321967 127.726835
42.170868 -5.848328 151.624679
-0.041675 2.026919 145.161781
25.414743 -0.070914 103.925680
-2.349393 2.047754 101.846861
3.313260 1.728895 92.555646
11.564130 1.627786 87.461681
12.319585 1.580037 91.898471
13.783211 1.452578 90.822101
79.180401 -7.954688 148.351903
-4.838955 -6.927256 135.725844
-10.225015 -7.574637 132.261250
0.145061 1.923702 108.863694
35.004946 -9.336846 126.308310
2.775306 1.731614 89.564516
19.582758 0.504528 106.889674
4.744823 1.705393 103.690507
-12.356888 0.114759 111.223536
27.996284 -1.238159 120.580874
-5.038571 -3.225959 134.851274
13.040388 1.468501 114.210611
27.970271 -1.417727 120.881547
23.017754 -6.680917 122.046496
6.097225 -8.330342 162.197806
36.398519 -16.522137 187.502323
13.070081 -4.768153 136.424502
31.358513 -9.925372 188.543449
35.658690 -11.116989 206.481803
74.554287 -15.576953 134.150121
97.747859 -20.388585 180.620231
44.611804 8.620410 125.336115
6.471537 1.914301 93.088684
-0.999574 -5.029745 138.698260
-4.994063 2.141156 99.645464
32.843473 -3.856592 131.972429
11.648250 2.272238 86.502274
77.682341 -11.023356 151.380149
44.272456 0.274713 136.521192
25.845915 -0.334960 105.849172
53.645389 -5.025378 146.297724
5.305278 1.629217 106.206611
24.014901 -6.694235 123.215813
0.843829 1.818123 122.695562
9.154010 1.590638 103.115361
0.699709 -6.267960 122.113867
5.375986 1.517788 105.093749
8.352518 1.596929 104.844540
9.119513 1.578583 102.984987
23.892074 -5.703544 124.148708
-1.633244 0.992805 103.429134
26.601463 -5.684892 118.874776
18.912358 2.261103 108.254240
1.828191 1.672079 101.802883
4.361871 1.688026 100.328839
4.297183 1.673872 98.805515
29.359291 -1.124708 131.149011
9.892903 1.556039 115.670931
32.007579 -14.776740 187.317990
87.962906 -19.933148 171.327145
6.051469 -9.279113 163.991236
16.051042 -4.405132 136.144103
-6.751313 -2.950922 153.309879
6.165750 -9.151826 163.320026
16.214634 -4.393623 136.599167
-2.258218 -5.307274 151.930342
43.293088 1.250333 169.680932
41.822163 -14.434522 184.826526
46.152595 -16.130359 195.435210
3.295856 -6.644299 156.654080
16.465496 -1.764454 136.054900
8.882001 1.517950 108.309446
0.325107 0.936520 107.274559
2.858281 -6.312437 128.959779
5.684986 1.657270 109.405778
17.400513 1.386979 111.610917
61.273860 -12.685570 150.570766
15.461425 1.400875 101.398659
26.650057 -0.906864 110.870153
28.999170 -0.383994 129.026838
26.056479 0.499260 109.636897
-3.232042 -3.389645 156.701177
23.882093 -4.738055 129.000950
14.723998 1.435415 106.265248
28.119235 -0.357626 122.064898
19.640460 1.205066 109.425116
17.307972 1.415182 102.994656
26.801953 -0.608138 112.963319
33.581118 -7.348790 123.552977
27.560558 -0.681890 120.533465
3.211144 -5.603892 156.539301
17.646509 1.411613 106.429308
20.745306 -1.479146 109.391742
16.338022 1.372607 105.641758
15.527953 1.417025 105.929643
18.672912 1.376758 110.862667
21.517261 -1.060669 110.502110
4.750188 1.042264 104.980529
27.781447 -0.682636 120.792031
12.875018 1.512267 113.932395
9.365728 -5.293051 131.524228
15.979679 1.335553 107.020360
4.248246 -8.063573 148.206869
-7.507922 0.568651 129.506229
-4.813597 -3.512472 168.927691
7.051860 1.629186 119.228784
40.933558 -3.220470 148.177239
11.404406 -1.419897 124.416631
33.487236 0.179019 159.326135
-2.155032 5.926272 129.584204
48.821530 -1.414236 142.306017
6.492279 1.638038 115.481607
-16.149010 -3.431034 55.068593
-3.235410 1.852582 39.467312
-0.822632 1.814402 28.184984
6.247842 1.726549 41.287565
20.228393 -1.566026 52.438021
12.229009 -6.883465 55.793762
20.026905 0.858167 43.645536
14.945385 2.074347 48.722034
15.040452 0.961550 56.322746
-5.731459 2.630238 34.833089
11.639579 -7.659755 62.153733
-17.694136 -1.715798 51.646105
-3.839624 1.885522 32.086801
-18.028962 -1.742855 52.185381
-18.024907 -1.746414 52.152320
-0.346946 1.780159 35.030210
-14.347502 -4.790111 76.621566
11.300948 -7.530659 62.668057
2.561873 1.785090 30.404720
-7.934415 3.587827 38.640462
-13.532911 -4.767904 53.044668
-15.790231 -0.085514 44.153622
14.237089 -2.512340 59.414931
-7.191342 2.029785 29.497338
-8.442969 1.357826 35.472485
-13.255132 -0.693452 57.863536
-3.400156 1.860255 38.866590
-3.194239 1.845723 40.634133
2.359783 1.760724 27.182098
2.338305 1.801992 25.727735
-14.353678 -2.196839 58.564378
-18.304401 0.048775 53.821301
-3.730178 1.841718 31.592750
-0.836378 1.839632 28.371158
3.718919 1.726543 34.536159
26.128403 0.536566 107.475112
25.775300 -0.060595 104.395714
25.620878 -1.264396 104.431271
2.903928 -7.354186 141.447354
25.356386 0.607570 103.584148
-1.294404 -5.408673 137.656511
23.221799 -4.913281 122.440739
3.638168 -7.104478 132.785555
29.223396 -1.150141 131.029241
13.501721 1.502239 104.282494
23.921081 -6.596111 122.795682
50.529811 -3.939932 147.578077
11.309650 1.581718 102.513705
29.096577 -9.776314 166.217897
-17.748532 -2.906579 53.530298
-16.494784 -2.833941 43.800550
-6.729074 2.150291 34.415141
2.552023 1.768263 30.116617
4.944408 1.787788 31.411224
-5.358114 -10.391040 98.662353
-6.945689 -8.234900 102.181218
14.329069 -2.147590 60.218700
31.159863 -2.496180 142.698700
19.506498 0.325659 119.798627
-13.911122 -7.074161 61.523381
31.635793 -1.014143 149.020307
-5.505362 -8.308852 101.002857
0.838680 -12.915253 119.772115
-5.997355 -7.684177 106.043799
-4.379556 -7.652457 96.464699
11.054359 -0.523008 127.092428
0.479753 -11.795935 117.274101
4.227567 -4.802681 50.958051
-9.951322 -6.772584 59.634198
-4.269205 2.158872 37.592475
13.404688 -5.737572 52.067795
12.877607 -1.833416 49.029880
16.382749 3.544566 58.963611
-12.007778 -6.237206 84.463378
-4.022086 2.045125 36.207012
-17.957817 -2.920686 51.965179
-5.220410 2.597289 38.998525
0.296110 1.774635 42.045796
-18.573385 -2.945545 53.077730
-4.258726 2.177183 36.812411
-15.485348 -8.398336 62.977151
19.888078 -0.499285 45.496355
13.510080 -0.510526 64.351386
-12.865630 -6.499796 88.529941
-16.012772 -1.948077 64.664223
-8.030792 1.506665 36.311811
-0.565086 1.852828 31.657314
-4.926412 -12.483115 117.906948
0.594046 -12.676899 117.663353
-5.204627 0.789106 42.344597
-5.560381 -8.352081 104.028607
-4.382145 -8.890485 104.236333
32.013193 -14.512747 186.311798
-10.107210 -8.819340 81.918579
-9.704827 -9.021670 75.693349
-6.345186 1.167379 57.880379
3.565651 -4.745041 51.003901
23.996561 5.134013 48.224240
67.598274 13.884454 126.669803
27.718100 -1.208466 120.180393
29.314346 -9.783051 124.382634
103.039881 -21.601381 169.599526
24.987189 -0.078819 100.089923
15.899802 1.448870 104.098785
-1.713365 1.031135 103.551711
13.602995 1.537886 104.531079
27.058055 -9.664810 131.099731
3.766889 1.706095 96.434757
12.251778 1.611473 93.025057
-8.360128 0.490991 109.339967
4.774173 1.681894 103.385468
27.158269 -5.811337 119.807672
3.598712 -6.376033 114.871841
-5.465314 -7.491110 105.322372
1.067216 1.654703 48.185253
17.936888 2.343380 107.970098
23.615667 -6.571003 123.079512
29.991358 0.517412 129.241737
3.572045 -4.458311 51.283988
-1.275777 -12.662676 107.758318
24.761123 -7.217417 123.421667
-15.292967 7.598591 75.861776
0.559251 1.908128 45.631408
-9.055761 -9.916794 107.965732
27.316714 -5.882170 120.211895
-2.288491 1.834925 86.425546
21.271857 -6.987390 208.106183
23.320453 -0.022309 85.726264
23.631044 0.776362 86.688479
11.309182 1.592192 81.086427
22.426795 0.719736 75.868326
22.532062 0.099540 76.218902
22.603050 -0.019649 86.341645
3.404367 1.714650 68.585129
23.373133 -0.003589 87.665040
8.184123 1.654856 80.797607
-7.899732 -8.045639 103.533620
0.721564 1.783861 74.062732
27.065322 -5.809091 119.700066
11.145902 1.583876 125.192016
17.747159 1.384300 130.596323
9.715244 1.591122 135.754851
31.722813 -1.295761 147.314833
29.608188 -0.666520 133.172936
29.609841 -0.894263 133.258397
22.314230 1.151550 128.364672
29.891705 -1.109416 134.679105
3.721632 0.720376 163.641595
17.450853 -4.845567 143.861466
13.264489 1.427701 125.979878
31.485145 -0.897813 147.176661
22.046713 1.181724 125.895977
31.259328 -1.032124 137.143746
11.828716 -0.498754 120.696589
31.973893 0.514933 144.043617
0.937998 -5.287375 149.423283
45.956721 -4.705524 149.444804
29.736816 -0.662998 133.323584
-1.584793 -5.078962 152.406614
-3.464876 -4.592522 146.364783
15.641797 1.369566 129.763547
0.809196 2.078364 138.650539
12.786937 1.557096 124.882299
10.908171 1.402278 127.147011
24.759657 0.681918 99.491385
31.820438 -0.859686 147.889042
12.246257 1.629220 92.978271
23.520881 -5.905905 128.694975
11.645723 1.312591 81.350295
93.391852 -22.681462 212.711711
23.525247 -2.200236 79.954227
23.126264 -1.816211 81.980959
-3.843305 0.621662 80.791369
-12.662395 -3.838938 81.701808
-8.187179 -4.844132 87.849997
22.545317 -0.476784 79.592422
3.146175 1.817977 37.070353
-4.742577 2.505141 43.234138
13.161000 -2.322317 51.377558
-5.859276 2.020884 39.219038
0.561325 1.763550 33.361540
3.166230 1.710658 34.800027
-18.101603 -2.821153 52.876865
-14.505729 -0.258243 55.955015
13.730001 -5.631495 52.074033
12.298781 -4.532575 50.303995
-1.105087 -12.368460 107.778279
14.509004 0.206790 57.622125
-5.280825 -12.792396 113.079658
27.797135 -0.598921 125.425006
28.280457 -1.260597 121.088025
-12.525564 0.658027 52.559662
-2.457058 1.336118 32.512234
-7.320875 -5.206436 143.107602
28.724292 -0.962501 125.613395
12.860203 1.434928 104.618724
-0.381037 -6.267710 134.730881
27.979285 -1.163599 123.147506
14.094207 1.348625 112.831697
2.949197 -6.801840 132.625862
8.406259 1.627630 105.328922
3.475543 2.418763 106.541280
24.943367 -1.153391 99.754630
24.598654 -1.279626 98.969263
24.987314 0.591520 99.394696
24.279923 0.046447 94.395237
25.295004 0.710314 100.142010
24.457270 0.585089 96.297832
28.993493 -1.387357 130.444427
30.702242 -0.890483 140.813571
10.368770 1.586555 130.276936
12.832849 1.589674 125.129948
12.227075 1.551005 121.755181
15.034869 1.381312 124.527668
-4.136679 0.703059 148.091154
15.001589 1.372267 126.840724
30.636993 0.387752 141.659134
24.018144 1.082627 140.642650
0.648957 -6.057801 152.002391
30.232332 -0.884148 142.055249
30.819392 -0.880075 141.008197
30.631503 0.570404 140.923360
3.257087 1.886255 138.627458
8.279097 1.602029 127.784225
16.499431 1.334218 129.593250
17.834803 1.353709 129.053349
14.660775 1.532765 126.870979
49.870765 -4.987669 147.912747
49.962464 -5.762368 150.074532
29.474351 -1.150456 137.015554
11.047030 1.959305 126.204759
9.488991 1.590454 135.948853
26.788978 0.852431 132.497670
46.477907 -3.967473 151.126261
0.158857 0.820948 106.801406
0.399504 1.789241 106.540345
0.351965 0.798298 106.399677
2.352837 1.210774 104.360470
5.446163 1.552745 105.849796
35.833043 -18.270404 182.694684
7.701519 35.688944 282.022009
17.380395 1.382232 111.587525
14.640876 1.499292 105.135543
13.232457 1.586231 105.070044
9.939064 1.658180 105.269349
14.688659 1.515040 105.206345
36.647104 -7.243492 126.680095
15.415201 1.470987 104.778729
19.668874 1.211451 109.445078
14.138716 1.526150 103.770353
14.054721 1.653524 104.126856
0.899026 1.933866 113.099620
18.250567 1.388430 106.262753
27.998155 -0.618942 121.028140
27.969928 -0.647990 121.041864
14.965658 1.198005 103.433500
17.372753 1.329044 109.910746
-2.204272 -4.292224 132.313649
28.168547 -0.316717 123.124738
29.948378 -0.846764 135.474452
-3.620888 -3.298819 163.900473
7.800391 1.571023 124.482442
3.498623 1.719853 115.602624
-1.411779 -4.082346 144.369865
30.755671 -0.858760 139.846679
8.227134 1.591109 114.267065
30.589428 0.578055 139.861650
1.360440 -5.810931 150.999318
-6.501542 0.549691 128.941065
-6.810324 8.157019 141.467627
-51.924944 20.254873 247.549166
30.550191 0.398017 139.785234
14.610684 1.371319 116.490918
9.637206 1.622851 122.475984
7.034799 1.612125 119.828569
2.248294 -8.212038 150.520238
18.965007 1.249631 129.846513
14.722469 1.418634 122.734238
10.779263 1.452192 121.550574
34.054584 0.485942 162.980054
41.899514 -16.813827 180.229107
7.978736 -7.023352 146.014830
27.458380 -1.091575 117.925974
10.746950 1.429825 73.413042
26.063559 0.768103 91.811138
10.108177 1.593714 68.385824
-9.176186 -4.353356 88.503118
6.740022 1.674352 70.129974
23.808578 0.222533 93.028487
1.102607 2.094567 83.249460
-2.474933 1.818934 84.858556
9.020859 1.643215 68.699284
-0.250711 1.936075 93.257423
11.083616 1.615010 87.256762
9.886821 1.714319 87.460745
12.933593 1.499283 88.335627
-17.598195 -5.157468 51.941163
4.077574 1.684386 36.307132
-17.905698 -2.789663 54.251724
-6.504973 2.081299 36.490218
-3.285127 1.698219 33.016266
3.290117 1.715411 36.185803
5.185165 1.812805 35.611905
-14.178483 -3.504830 67.063052
1.632190 1.892037 39.581467
0.265763 1.812656 42.113167
-13.528638 -5.488613 62.916019
-13.152454 -0.142039 69.299382
13.604773 -0.146889 57.854491
-0.076621 1.808800 38.057520
-14.736318 0.762102 55.915404
6.871145 2.009449 39.943896
-3.373457 1.892396 39.998791
-13.310120 -0.693761 58.102764
-12.996285 -1.395292 68.033064
-14.983468 0.758618 58.019487
-14.648767 0.808088 55.767875
-7.957059 1.115376 53.944814
-3.873279 0.722291 78.933064
47.024981 -5.983818 151.406348
32.448295 -12.089246 127.226858
28.262273 -11.515099 127.476690
0.716901 1.811735 74.891140
-4.970452 -12.980565 103.958118
10.354173 1.634785 68.757298
-5.763897 -6.537816 102.870519
6.004715 -7.039291 83.845814
10.453357 1.570960 66.901800
12.657935 1.537322 103.868290
7.801358 1.695456 105.427482
18.448936 1.320414 109.743879
5.211707 1.724743 107.098647
5.102792 1.630013 105.120260
13.109599 1.515358 105.007976
3.465000 1.777099 107.954815
5.214452 1.637807 106.435858
0.522281 -5.611658 130.437877
-8.370608 -5.233572 128.573646
10.027363 -4.888765 113.930212
2.806546 1.854113 92.374431
10.139959 -5.010282 114.744585
2.865290 1.798168 92.005141
-10.313563 -3.107671 123.537382
8.065912 1.658892 103.395760
62.340250 -13.579353 150.436961
9.784892 1.593633 115.409558
23.155021 -5.144306 124.881051
29.072155 -1.207159 128.710258
14.682047 1.488004 115.540556
18.975581 1.253252 129.756062
-5.157936 2.046600 99.993234
-14.592687 -3.874713 115.623834
-5.580062 -2.715771 106.187273
9.951603 1.552122 87.189391
-0.353215 1.843028 89.323729
6.105678 1.596982 88.501558
15.735586 1.445280 92.293649
-7.369063 -4.837520 85.255918
-0.697201 1.795448 62.867986
-3.986187 1.987813 61.685882
-0.892632 1.937915 64.313334
-1.070980 1.740522 60.309463
0.146568 1.805441 59.500704
-9.648934 -7.187974 87.830348
22.897141 3.095457 72.577460
20.418621 -0.271834 48.582614
21.254297 0.467480 56.717613
3.048008 1.702695 33.481934
1.334109 2.196584 39.343487
5.102573 1.784862 35.375172
-5.382161 0.705361 66.637308
-2.504024 1.829695 49.256008
4.222826 1.662784 47.102957
-10.845635 -6.668565 86.475138
25.962877 -5.317754 121.667225
5.090908 1.776378 35.328387
-2.682351 1.960122 50.975830
-8.033475 1.273407 46.095205
10.172023 1.165290 94.153514
9.600808 0.375940 42.826172
18.219003 -4.829535 124.388872
-4.061698 -5.923902 120.686297
-3.780519 -5.693719 117.441280
2.954799 2.021523 69.641225
-16.051105 -4.270609 54.871471
-5.098987 1.974803 40.606374
15.211842 -1.838116 54.179675
3.635080 1.679592 38.690055
-0.003321 1.744527 37.945235
3.036436 1.754795 37.035421
12.847883 -3.781205 46.991296
15.327152 0.557361 51.941163
3.987497 1.737809 39.459514
-6.165220 1.399636 58.618337
13.639986 -5.474609 57.912817
-16.154968 0.570975 58.807972
20.164828 -0.106479 48.409197
-3.097581 1.652295 33.695586
12.894356 -3.474669 49.272227
-16.083948 -3.660718 56.543260
-6.371012 2.045053 36.303701
101.003481 -21.233057 167.698178
-5.067204 -1.421195 105.371028
-1.924216 1.483659 102.422630
2.706030 1.718636 89.349929
6.104056 1.602547 88.499687
5.687762 1.783237 85.748409
25.526029 -0.066578 104.061669
10.658495 1.624788 89.265715
-4.895159 1.801870 99.446160
2.875617 1.622814 88.701175
6.093732 1.601714 88.449159
61.678396 -14.906273 150.125683
103.359268 -21.717876 170.127574
24.313171 0.050988 93.705624
25.070467 -0.552782 98.677948
28.931706 0.379518 128.263616
-3.497344 -4.784060 152.533246
1.095804 -3.319187 149.771676
4.853333 -5.962609 160.852890
8.462806 -5.087852 175.742101
40.479430 0.341715 172.841111
32.900551 -1.270360 155.523752
50.679524 -6.576399 152.570362
0.897782 -0.391688 219.856736
14.173430 1.503540 116.149699
36.686403 -11.029875 163.434181
29.840429 -1.199767 134.053120
23.736311 0.625807 92.587148
23.839176 -0.024260 90.468093
23.881937 -0.156149 92.043505
23.720310 -0.019840 90.295924
22.905781 0.573785 90.597220
31.393758 -9.937879 125.207300
23.996062 0.043083 93.378440
10.892202 1.469253 38.631105
6.997558 1.685955 33.761709
10.731511 1.453193 38.402794
-0.293964 1.721596 34.790670
-5.719638 2.939029 44.850097
5.138380 1.616358 104.644299
14.151504 1.500686 103.436619
4.965025 1.705543 105.600899
12.854776 1.531823 102.532419
20.812989 0.857394 109.598533
17.947431 1.359417 106.000444
26.003674 -0.922048 109.014342
26.506334 -0.887168 109.939752
57.277163 -8.439382 144.517706
16.034293 1.411888 104.387605
-7.314605 -5.400252 135.287624
26.110687 -0.179955 109.637208
26.581096 -1.297732 110.639658
26.011690 -0.121106 107.403374
-4.336202 -4.852741 132.987667
27.780698 -0.728207 118.491450
-1.543376 1.348245 102.984363
7.425174 2.071103 100.815093
12.187308 1.570149 93.290172
31.504482 -6.472972 122.780087
7.325335 -4.762134 158.564473
33.937309 -13.430701 185.603783
33.060244 -3.269594 161.625780
32.332267 -13.131463 187.259353
52.445818 6.707834 158.389809
42.261631 -12.328318 181.546265
30.721112 -0.671972 141.743348
12.956861 1.545413 138.091612
11.621021 1.466951 151.181780
34.982801 -2.506317 171.256967
31.677899 -12.591531 194.239694
45.704705 -5.691411 148.337556
49.152769 -14.054066 258.167519
-3.158495 -4.910193 134.442684
15.103144 1.379594 123.149378
14.376041 1.231946 120.089006
14.611557 1.437894 119.435574
15.229371 1.435970 119.380680
3.817043 2.015597 126.119922
31.495437 -0.898106 138.412246
23.703312 -4.141264 128.728348
40.174391 4.683722 142.399899
3.661404 1.720548 103.744777
7.027220 1.616277 100.711230
2.621115 1.841971 112.729394
1.820625 1.782435 104.696699
7.501278 1.665572 98.709762
20.633334 0.860915 109.365855
0.462165 1.785149 106.375037
4.921172 1.676520 103.637172
16.979914 1.439975 124.273780
14.441571 1.677880 124.810874
-0.018989 1.624133 134.697195
6.481175 1.678591 123.313749
4.688213 1.754576 125.163010
0.068216 2.048671 135.356554
25.809485 0.755686 153.729698
34.989039 -0.917793 170.185588
9.283636 1.568462 134.074329
17.188669 -4.919113 144.089154
30.092757 -3.024618 151.714506
33.853408 -6.311470 167.193834
25.598203 -3.369122 128.086456
44.010460 -15.621305 188.202229
35.423829 -7.793280 158.872631
26.569369 -1.290967 112.601514
16.272149 1.428500 103.639667
27.154120 -1.319194 113.193814
15.225160 1.437314 102.137240
19.764160 1.305676 109.266982
8.393907 1.561270 104.822707
-4.149217 -12.972425 103.661188
14.319525 -1.135513 58.676974
14.817568 0.273677 65.648270
-6.503476 -12.305799 104.487725
4.530828 -7.039946 84.379476
4.487162 -7.019797 84.456516
21.530267 -0.280790 60.388998
-4.490936 0.833808 71.965822
-7.760561 2.520727 42.164318
18.173341 0.015283 115.120738
0.506867 1.852211 44.914660
-5.097022 0.973814 69.060466
-9.552775 -7.129212 87.457002
19.313557 -4.793168 52.636078
-6.488318 0.442665 57.546957
-13.285261 -0.679729 58.036953
13.057043 -2.225625 51.026046
-13.328117 -0.665746 58.174813
-6.182967 0.377278 56.423178
3.774687 -4.380149 50.799606
33.695586 -17.631662 180.153315
3.030164 1.677958 37.369154
14.260139 0.520556 50.035449
-16.213293 -3.534710 55.191482
-0.051747 1.799549 38.198187
-17.959096 -1.976332 54.410482
-3.500931 1.875189 36.449047
7.317132 1.626775 40.536508
11.186293 1.422140 46.913633
13.012379 -2.103915 50.876957
6.234462 1.717850 41.274153
-16.127053 -4.253610 54.976582
-13.769675 -4.862316 53.807889
11.266202 1.432099 47.042760
3.027799 1.756548 36.976783
20.948822 0.170135 54.934787
21.010983 0.161201 55.025239
13.924377 -4.123392 55.423848
2.024842 -6.581794 124.079778
8.059362 1.559451 102.750437
-12.956986 -3.584926 112.460223
2.894683 -6.761948 115.563013
-0.434855 1.002368 103.326518
13.291780 -4.678950 113.418071
0.735808 -6.305014 137.952193
2.810710 -6.935147 116.818414
4.434606 -5.719014 130.409806
6.827978 1.596168 117.574150
3.692563 -5.919161 127.253681
24.790005 -3.778648 128.003803
14.378505 1.439329 113.454875
2.162646 -5.907839 131.382001
23.550605 -6.798035 126.964549
3.770850 -7.226400 132.435290
7.049084 1.609050 118.960549
13.608204 -1.358989 58.579349
4.196189 1.794363 48.544874
31.191022 -16.448560 124.266918
-16.064984 -1.985486 66.120176
-13.608016 -5.489362 74.709926
-14.297910 -3.732362 69.104444
-2.495559 1.826120 48.747610
33.629775 -10.583638 185.274104
9.137853 -1.120669 210.581428
8.911569 -10.189053 196.459804
18.668296 1.357595 123.072962
18.993702 1.368007 123.305640
22.132423 1.202409 125.978630
32.826630 -7.780461 153.559712
13.858286 1.684795 124.828652
0.833321 2.060857 135.514687
-4.484854 1.443346 155.862788
28.647907 0.593426 126.534438
15.102864 1.235655 103.405741
29.037409 -0.404439 129.006876
16.866850 1.371849 114.659748
-0.768415 -4.792918 131.893518
6.794823 1.598193 117.484322
-1.069904 -4.971731 133.424328
16.716046 1.604197 104.934055
0.429559 -4.165187 138.125298
24.662126 -3.844802 127.782353
30.451630 0.299562 139.667959
15.182929 1.004218 107.924873
0.232429 -4.164906 131.220748
-3.731769 -6.034346 150.966880
28.979271 0.427984 128.015031
12.231941 1.495222 104.625897
-0.351275 1.934565 111.117178
10.991293 1.431397 123.125049
12.438326 -4.773268 136.404541
77.403502 12.016761 167.765237
13.576826 1.535550 103.041441
18.168818 1.378964 106.229380
0.338699 0.793972 106.417456
16.304150 1.422268 103.690195
32.368760 -7.945363 122.991244
10.977257 1.891414 120.368158
32.994745 -2.290369 154.278332
1.367932 1.914260 127.225922
13.931052 1.402116 119.471131
-6.923918 -3.156437 147.976686
19.405598 1.225976 129.569233
0.828911 2.063836 136.771960
13.993214 1.569635 121.629797
2.176192 -8.804275 152.813645
31.159208 -1.646815 144.678023
30.008824 -2.125514 141.832551
34.651250 -7.982167 159.795546
46.674093 -0.670718 176.521230
14.172027 1.478894 115.762006
4.251209 1.907230 126.756199
1.705652 -5.124126 133.834478
2.848962 -4.968737 132.310218
13.464573 1.601287 117.593488
12.192517 1.583318 118.537612
-4.544801 1.415278 157.868310
13.991623 1.549873 121.668472
0.756696 -4.738336 149.574867
4.535974 1.798539 125.596240
11.316605 1.578512 116.415126
7.113679 1.612605 118.321152
11.336505 1.623263 116.652483
3.169474 1.850258 124.705763
30.640798 0.599776 139.970191
30.584469 -0.705832 141.656327
0.958758 -7.297732 147.380956
28.569651 -1.025246 125.391945
26.243963 -3.554297 128.922351
28.679877 0.255696 127.113950
50.804596 -6.811166 147.381268
28.871041 -0.093537 123.843669
8.741458 -6.303860 113.705643
32.477613 -10.298499 127.070907
31.951436 -2.698092 144.291266
84.981133 -20.197889 184.357115
5.758158 -9.768174 161.552483
29.475848 -15.256350 146.852284
-11.473055 -10.329502 111.194529
25.600979 -14.011772 129.940395
27.885715 -16.202127 133.753071
28.195932 -16.049483 131.190182
20.738819 -2.259943 109.490927
24.613657 0.471953 147.456436
0.321080 -11.906535 119.867245
20.680743 1.215272 129.389266
2.145532 2.046509 135.216198
-3.084250 -5.089661 151.149030
10.524752 1.585389 144.004629
6.858731 -7.259960 169.148205
37.978609 -5.330479 176.118254
-1.152913 -6.536756 138.441253
0.488222 1.620793 106.615201
18.564277 1.253573 109.992464
28.186606 -1.401196 123.350866
28.517907 -6.803993 122.697121
30.449509 0.127498 138.084127
3.072776 2.636710 108.398026
8.841766 1.638325 133.734357
29.447434 0.524929 132.303668
7.108470 1.702745 113.199740
-8.252179 -4.305885 124.412576
23.762698 -4.635907 128.810066
13.932924 1.452257 118.606854
9.368941 1.608021 122.664372
14.271929 1.408809 121.849687
-3.982631 1.526914 139.359178
29.692588 -1.278407 133.492946
7.341523 1.585844 120.856906
11.515068 1.623369 115.813781
-1.868767 -4.782875 131.855467
2.224327 -4.695106 134.170395
-2.483008 -5.459918 133.754007
2.727423 1.923723 135.441391
13.480854 1.462101 115.291347
-3.998569 1.274365 153.059423
10.778358 1.536533 122.166890
10.775832 1.540160 122.176559
4.275849 1.899957 126.821387
10.789244 1.626432 122.795058
8.166875 1.654116 53.954171
-13.969073 -1.806156 76.214224
-10.481117 -9.479603 87.535601
-2.414103 2.130632 56.082894
14.026431 0.347994 57.901900
12.262164 1.550412 48.984655
10.284557 1.507504 48.233597
10.323139 1.511534 48.300032
-5.993113 2.038528 39.233074
-5.331353 2.017818 39.219350
7.176932 1.625038 37.840125
14.957518 -2.302081 49.178969
11.264144 1.476607 48.300344
-5.727903 2.024177 43.188913
3.848670 1.711650 41.407647
11.315264 1.492446 48.393290
10.618447 1.487892 40.102966
54.794120 -13.631783 166.566914
51.726575 -6.207763 148.248664
88.619145 -22.432971 205.540798
-4.734905 -8.576556 109.282577
85.661077 -21.199559 200.693547
27.769563 -0.368486 121.487570
-0.515245 1.026360 103.290338
23.729168 -4.631728 128.780124
0.934305 -12.985244 121.050909
23.737434 0.638399 91.515768
28.042757 -11.387376 127.014453
10.793828 -4.817496 99.095271
10.812012 -4.812973 99.094959
14.977261 1.358709 126.754016
-15.341374 -0.582325 181.155765
15.402257 1.261305 130.629072
33.217130 -6.333708 161.238711
14.837717 1.245174 129.592002
-5.989838 1.338083 155.790739
14.776335 1.392048 121.247406
34.674955 -6.459810 171.967165
29.058213 -0.311143 129.739843
28.948330 -0.387409 128.839385
30.126910 0.109165 136.359315
29.463902 0.693243 132.992969
14.299376 1.331324 121.216216
3.617769 -4.231310 132.599974
13.818768 1.455623 117.578516
7.571082 1.588782 121.993785
29.591345 0.707316 133.172624
18.966660 1.248049 129.695553
29.854808 -2.237424 141.811654
-4.663698 -4.911285 148.974145
30.421469 0.633889 141.679408
12.760769 1.553478 124.873566
12.205928 1.611632 120.847237
30.304226 0.625174 141.498506
-5.690444 1.296219 154.731524
-0.352392 -5.235849 149.618845
-7.683678 -1.347062 152.781207
1.329456 -5.941150 153.522908
33.933566 -1.885394 159.649264
-5.753791 1.341863 155.351582
15.510705 1.492230 113.855980
8.674057 1.557702 130.305007
1.307242 -5.966383 153.367269
40.386483 -4.094572 147.808572
29.730640 -0.472028 133.522577
7.763524 -7.355246 148.010684
19.261001 1.359969 116.032424
17.060042 1.365717 112.492973
19.159883 1.342028 113.864401
29.980535 -1.506700 125.978007
15.636900 -4.800341 136.411091
2.784804 -1.347964 175.227465
15.030128 1.415643 112.614926
36.649287 -14.195357 187.024491
35.794367 -1.798742 171.370811
3.770632 2.256696 106.222518
15.025294 1.419882 101.201850
-0.013761 0.815895 106.424941
4.756519 1.585810 100.884023
4.582978 1.821096 104.579424
9.071949 1.548575 102.771959
8.020250 1.638331 102.962218
18.154564 1.313433 99.545344
19.263715 1.366840 102.004994
17.160442 1.499049 99.292704
1.404281 1.815460 102.844943
0.102178 0.941966 107.609541
17.592456 1.168406 45.944245
14.116571 1.504950 104.643364
12.544154 1.538417 106.113041
5.078962 1.736586 105.824844
15.510456 1.412827 105.897829
12.232409 1.396190 105.358864
9.669925 1.561488 103.521456
5.739880 1.652722 110.015232
1.798501 1.428403 108.774179
-2.967921 0.661336 116.976236
15.715531 1.376397 103.814331
17.403912 1.356136 106.122086
15.202859 1.437953 103.724192
17.401448 1.360465 106.107114
27.139336 -1.263220 114.609220
17.597447 1.402515 106.306731
15.406281 1.414517 104.849218
5.812304 1.602347 109.594790
39.171941 -17.254855 181.647009
-8.241388 9.429325 149.175633
37.318938 -14.841210 182.199073
32.312306 -1.170452 149.419540
35.335873 -0.894962 171.204256
39.740225 -18.390579 178.409166
38.234991 -14.513621 186.046058
31.543158 -14.927014 186.083175
46.442039 10.999278 151.680821
34.939447 -4.446240 163.835598
20.123657 1.359688 122.674041
14.633172 1.516078 126.810782
-23.689370 0.027169 168.651659
-13.295086 7.447506 156.821259
1.984812 7.759283 197.805969
78.401273 11.980299 173.411266
36.658644 -1.287761 181.084963
4.952986 -8.809422 162.546823
-5.503085 0.393160 129.191209
6.700847 1.652388 117.985235
23.818278 -4.830190 127.883409
4.358066 1.810931 124.590672
10.565767 1.624249 112.567205
13.064810 1.552686 115.285733
11.909498 1.587719 112.700387
14.200254 1.456596 117.543272
23.419419 -0.013274 87.141359
-15.189915 -5.196112 110.159331
-12.781541 -1.076510 99.037569
46.299500 0.299414 139.376956
30.449571 -0.968745 151.341785
7.301131 -7.491484 173.003612
33.064611 -16.316127 184.481252
37.411885 -17.807824 180.640504
41.879865 5.816265 128.481635
34.349642 -4.697944 164.114437
6.670125 1.367729 112.061302
84.841402 17.085586 188.201605
1.042778 -10.041118 116.269780
8.279720 1.651880 80.728989
32.395583 -9.774661 123.778170
23.479554 0.265777 88.427638
9.626789 1.599368 90.473396
2.503594 -9.933543 116.272899
2.384117 -8.528617 143.692416
-2.077843 1.515935 103.301878
10.250279 -6.444714 113.846934
23.992038 0.571730 93.640749
8.785436 -6.372041 114.086786
10.502919 1.608629 83.364239
10.585635 1.640109 83.575708
24.261833 -1.155986 96.815588
24.036671 0.201715 94.871198
-3.211986 1.287942 81.204949
1.151781 1.734780 76.036128
1.772745 1.650592 79.529418
-4.474031 2.088360 97.897884
10.157364 1.563715 103.843650
9.683243 1.516715 107.492266
13.147744 1.499258 114.531245
25.924670 -5.351377 119.580608
-0.758668 2.028684 111.945275
30.843284 -0.381240 139.656731
4.161662 -6.254642 165.062928
8.744952 1.482137 130.013692
34.580137 -4.696011 159.733790
60.317261 -10.466083 147.911499
33.351559 -1.139402 163.306926
16.253996 1.428921 103.626567
13.079126 1.513474 106.128324
5.184385 1.649073 106.446463
9.090631 1.707083 103.796241
13.591922 1.542939 103.041753
14.206180 1.537166 104.779976
36.493649 -2.705687 176.126051
34.733904 -1.847601 170.213659
33.961949 -10.490442 186.182047
-3.449343 -2.449794 263.776120
5.484621 1.767623 41.465348
-7.981481 1.116908 53.994406
3.993953 1.688653 42.329626
12.809644 -2.213869 49.262558
20.550306 0.159222 54.451965
13.001026 -2.870648 50.968656
-16.205527 -2.860951 66.280805
4.191511 1.851478 40.052126
-8.364745 1.250255 47.956629
-7.517185 1.164956 51.171703
-2.605386 1.776712 45.654177
-5.281511 2.039573 40.950712
3.546625 1.656006 39.515656
-17.110850 -5.007101 61.600421
-15.429206 0.703396 57.880691
-5.693969 1.979585 50.275924
0.605010 1.777442 39.163832
-15.797716 -3.590041 56.121570
-6.948871 1.927610 49.232616
5.491576 1.806835 38.562175
13.649780 -2.675230 51.561891
-16.964226 -4.924946 61.302555
-14.373483 -0.079921 57.752188
-5.699489 1.990710 50.246294
14.312850 -2.073470 53.901460
7.392082 1.608498 41.545195
20.528036 -2.362839 50.190151
12.062142 -4.352389 56.871692
15.173790 0.111903 57.253458
-15.745036 -4.965742 63.942796
-7.927460 1.238462 52.242147
7.382350 1.695789 40.409564
-7.895022 0.796573 54.596687
20.784013 0.675063 54.057098
17.689520 1.057113 47.847464
20.861801 0.169680 54.827805
20.664493 0.184136 51.112442
13.254446 -2.558616 47.649095
20.937344 -0.175184 52.958895
21.344343 -0.200225 53.435168
14.543750 1.512535 114.716514
14.626435 1.442775 115.906104
0.947128 1.866733 122.924185
9.017865 1.606957 109.628787
6.256014 -7.428824 165.078523
10.347467 1.514107 141.272377
-6.583635 0.543696 129.098887
32.913339 -16.248320 183.731754
33.223056 -17.819458 181.240914
99.078740 -24.313047 205.882330
-0.214427 -6.080944 134.043139
-6.925416 6.594863 108.739246
20.904656 3.208493 98.891288
0.742411 -7.076407 128.556179
33.889900 -12.789869 183.341254
96.153110 -23.391691 202.318862
45.945492 0.755140 243.732123
13.054018 1.617362 115.604496
14.708122 1.477646 116.068916
1.468170 1.852651 125.345160
13.893094 1.466156 116.077338
15.418944 1.540400 114.437051
13.791476 1.425524 114.379037
15.366357 1.523792 114.342545
20.235411 1.326542 120.738696
13.384040 1.409280 114.265817
13.398918 1.564482 117.353012
8.626398 1.688157 118.777775
16.749482 1.339717 114.504110
18.144022 1.671655 116.294732
14.060491 1.452875 123.438822
14.909953 1.410593 124.876373
29.815227 -1.092586 131.674876
29.356452 -0.242065 130.831808
16.886968 1.423643 119.481735
22.222625 1.158671 128.267671
16.376573 1.462366 122.721762
22.190062 1.089273 130.183366
29.496558 -0.781811 132.827973
-2.284783 1.252269 162.200302
30.617187 -0.869464 140.656061
17.536876 1.483759 127.453922
-3.196797 -0.129115 166.660796
31.585265 -0.869948 147.411834
2.876375 1.919753 137.213300
9.725100 1.588517 127.002289
10.462465 1.547134 126.468939
3.204095 1.834495 136.464114
8.662111 1.527494 149.513110
12.980004 1.613217 127.717478
10.586165 1.558335 143.694600
36.207948 -6.560148 160.005455
30.968200 0.643096 140.394065
7.490861 2.222893 133.583397
8.240483 1.603242 128.379955
-1.390086 2.559215 145.027976
3.225117 4.157358 137.696434
-5.829614 1.372454 160.691637
2.411699 2.170247 143.973439
15.685339 1.324743 130.617220
30.664409 0.616578 140.009803
22.260739 1.159679 128.289192
1.609355 -4.716721 148.552144
8.508656 1.472153 127.661648
10.502419 1.398891 125.149286
8.117625 1.400335 123.367396
13.789730 1.565739 124.476828
15.755984 1.395326 123.285055
19.751590 1.302548 127.688471
14.872712 1.425649 121.435171
14.335338 1.605925 124.322437
22.372025 1.285013 125.332372
22.191934 1.211373 126.042570
42.914440 -11.663377 184.225181
2.239957 2.043939 135.673445
39.313233 -10.799256 173.235978
32.813530 -1.288849 154.072165
41.734207 -5.322682 148.172248
41.213333 -2.518344 209.127658
16.283502 -1.134992 190.895493
44.755279 -11.592669 231.001889
16.954993 1.434909 119.617724
13.984668 1.559754 121.604221
-7.388526 -2.583260 145.442180
10.857675 1.614851 117.659611
10.290140 1.641622 118.728183
7.715866 1.608323 124.763777
14.830605 1.413762 121.342848
-1.324652 0.344120 127.798260
41.207095 -2.979617 149.493148
13.991530 1.456565 117.453132
-8.465052 1.754199 152.265323
23.175419 -5.131237 131.325547
24.709940 -3.744994 127.859705
2.404135 -4.844538 133.108060
26.499347 0.920295 131.760337
28.849676 -0.901621 126.928992
14.739936 1.358756 121.026580
21.997651 1.196876 125.069751
13.924783 1.438515 118.425015
8.088525 1.559773 126.237196
13.267202 1.504663 116.870813
16.016390 1.475441 119.802370
16.885096 1.422683 119.477681
15.032062 1.377401 118.400063
29.216877 -1.406111 130.764125
-1.506737 -30.369475 254.264703
31.196013 -9.946113 187.305826
33.662836 -18.173871 183.050874
33.196545 -17.818896 180.952717
11.800145 -5.281074 134.559335
-11.417911 0.019858 112.443692
8.370515 1.557380 81.290410
12.526313 1.514282 85.385045
-12.125832 0.075127 110.756933
-6.532452 2.052607 100.482294
2.359674 1.738726 85.773050
-0.544460 -9.705201 130.379864
0.536473 1.796184 107.245553
3.165264 1.754489 92.510732
-13.642450 -3.687978 113.724045
24.010035 0.049460 93.399649
9.386594 1.530457 86.850355
91.672966 -25.150937 202.195973
24.025536 -6.316616 121.952302
23.628206 0.448495 87.756739
23.571440 0.283552 88.608228
32.932988 -0.997995 153.974852
33.685293 -12.817597 183.245812
23.803837 0.572120 93.505696
23.538534 0.456167 86.585863
15.384666 1.341567 79.241222
23.922890 -0.036144 91.335178
28.794469 -0.695664 104.025488
-6.112727 1.915212 99.797672
-9.383132 -9.916077 101.824404
-6.074145 1.418350 59.216874
-8.661300 -6.156486 87.995967
-10.343693 -6.472754 84.663306
24.360331 -1.171353 99.092776
13.827064 1.291382 64.999828
28.317043 -13.864680 124.542327
-2.171232 1.674967 83.441279
12.517330 -0.053369 57.240982
13.329957 -0.143269 57.552883
1.722681 1.671090 54.831236
13.890817 -0.939558 57.626492
13.831930 -0.935874 57.541031
13.667777 -0.478384 57.725364
13.619557 -2.386385 57.946814
14.395379 0.919237 58.119607
24.526075 -7.997138 125.471480
22.312951 -0.065465 70.519850
12.984277 1.488612 63.336461
22.550464 0.474626 75.512759
14.920152 0.514378 55.631262
13.697407 -0.176453 57.987985
13.827813 -2.385742 57.215406
-9.894244 -5.617553 88.127901
5.359580 1.747627 59.984774
6.385359 1.984903 58.609603
8.507845 1.712779 54.650334
0.744258 1.763385 57.543526
-6.705151 -8.298434 101.917038
-9.429356 -7.014494 87.020341
6.048319 -7.045591 83.889168
8.643896 -4.760917 83.074483
34.190261 -13.258906 128.248333
8.974511 1.926281 54.526197
30.087985 -12.267965 125.304925
-4.417202 1.901728 56.712934
25.837649 -5.264668 121.266120
-13.070705 -5.144243 89.075144
8.228132 1.647919 81.082996
44.912789 8.661892 139.165799
15.164370 -4.927909 130.582911
31.406234 -13.093629 185.666787
12.942763 -5.756006 135.804443
25.532080 0.543222 115.470690
-4.349395 -4.863813 132.973007
0.710516 1.866524 98.861657
0.620979 -5.685017 124.026755
25.171211 -1.294978 102.014039
25.599825 -0.065630 104.215748
25.180537 -1.297445 101.994078
13.036084 1.523960 88.465378
24.121072 0.576645 96.612228
24.933917 -0.080523 100.010700
25.243634 -1.172666 103.376734
25.017568 -1.207141 103.114426
25.076174 0.629690 101.920781
25.393222 -0.066125 103.831174
-1.946068 1.452616 102.534914
0.563000 1.698908 106.312345
-5.379354 -2.638806 105.686984
-5.111712 2.045967 99.920249
64.465854 1.524325 295.170502
25.218776 -0.336048 101.933881
25.150313 -0.326152 101.876491
23.462774 -5.000363 122.634741
200.675456 34.055208 287.547957
36.065409 -8.941480 180.948351
15.145345 1.510146 132.977374
97.132479 -20.352280 179.977715
40.909853 -1.328673 133.069073
6.059205 1.713537 113.039111
16.053974 1.398423 108.839678
17.148434 1.326833 109.787545
30.984793 -16.368869 123.815910
32.551846 -13.898458 122.155973
-12.695831 -4.952237 61.553636
32.706860 -13.965985 122.451032
11.924999 1.542980 54.025596
13.772950 -4.006959 59.099288
31.207241 -16.499462 124.202979
25.784127 -14.988646 126.974530
13.948581 0.673594 58.486402
-5.890653 -11.508674 104.239452
-8.875014 -3.899166 102.544895
-8.835341 -5.297979 90.755978
1.777224 1.763232 55.973417
-8.044734 0.843658 54.824374
43.705109 -4.457406 156.490021
37.327360 -12.430466 134.491965
0.952723 1.763007 48.557350
-14.455326 -3.478817 67.646307
0.938634 1.763425 48.494346
13.935169 0.328444 57.733786
-12.850939 -2.081870 67.505640
-5.490266 2.002360 52.310453
0.917634 1.790922 48.608814
23.886865 -2.081932 91.245662
-0.114055 2.170331 62.717338
-14.179918 -4.756020 76.498989
13.218390 -2.829611 51.493585
-6.635473 1.085159 54.060529
-5.789223 1.442005 64.239414
-16.121314 -1.998842 66.241817
-16.128175 0.089177 65.279915
-7.840782 0.255091 55.717658
-5.523702 2.010560 52.381255
-2.238082 1.840025 49.889791
0.915953 1.791861 48.659030
13.981299 -2.420547 57.445277
19.783747 1.375717 118.791499
6.552413 1.850165 93.115820
10.216656 1.585904 94.296053
23.424909 -11.267575 129.202438
13.030376 1.523508 87.581139
32.841601 5.899574 118.316786
6.164533 1.677818 89.327160
10.292136 1.594681 94.704643
2.151077 1.701740 83.968079
5.425141 1.622805 57.444654
1.685890 1.753082 55.240450
22.531781 0.419054 75.442581
22.038322 -1.291781 75.756041
4.159884 1.493877 73.095839
-7.461667 -9.312331 118.398504
-10.485390 -7.160807 106.898719
28.611727 -10.483518 132.536970
26.121510 -11.324964 126.364140
23.521068 0.783507 86.538454
-2.241869 1.291928 104.834559
8.324572 1.699333 81.522153
26.080994 -11.273719 126.104015
23.853086 0.682158 89.362717
7.306309 1.661945 65.250908
-5.933290 -6.331619 100.825385
6.938765 1.748033 70.743171
-2.526753 1.884923 85.070649
-2.135804 1.942606 74.860262
3.360077 1.812022 69.088225
-10.748104 -0.345178 80.628869
-0.078247 1.840284 67.372146
0.722986 1.753688 73.805725
22.379916 -0.495071 79.385008
23.327939 0.471937 84.420647
13.173694 1.469003 65.546590
22.908401 -2.198496 74.958199
22.483311 -0.508872 79.518813
22.780147 -1.557995 81.670306
22.497066 -0.513105 79.507273
13.124976 1.456870 65.482651
22.860244 0.440388 81.627887
7.155598 1.621089 68.497796
9.248578 1.633893 69.639042
-9.480133 -5.610005 86.693157
3.359734 1.785735 68.831218
11.120919 1.545640 74.015323
12.326915 1.444949 80.039064
23.573592 -0.007704 87.326004
7.086512 1.741024 71.917789
2.813149 -8.036251 124.464664
87.550261 -22.364103 203.589234
76.840209 -22.207497 197.540853
-5.179395 -7.266417 149.284799
-3.148171 1.979407 84.288090
0.536707 -10.221241 118.223215
61.032137 -8.561024 146.027618
1.771887 1.829947 105.877555
10.708773 1.580636 97.887903
0.044523 0.781892 103.906966
4.690396 1.689473 101.935440
10.794639 1.632087 98.145845
16.474947 1.416067 98.682003
16.465808 1.409992 98.666719
-5.567867 2.020035 52.276768
1.343993 1.818260 52.033174
13.455029 -5.163051 66.505374
13.513448 1.448125 65.514777
-6.800343 0.432934 55.261659
13.694756 -1.420905 58.772416
10.042054 1.568160 67.568020
4.728479 1.804159 53.924540
6.764350 1.606689 66.948585
-5.843088 1.552293 75.840255
6.827541 1.767523 53.498796
-6.129413 1.693385 56.807440
-5.689477 1.437055 63.893516
22.706570 0.512291 79.566534
3.482092 1.807862 49.060446
13.700932 -1.520086 58.878462
-14.337615 -3.700080 69.255404
7.947078 -4.397802 65.659499
22.674663 0.520881 79.560608
22.264451 0.784640 79.439279
4.577426 1.647672 49.113158
-14.327728 -4.882933 69.062025
-5.896268 2.058047 50.602172
13.459957 -5.090191 65.785195
9.431352 1.938473 57.009240
32.757388 -13.717993 125.074742
25.483922 0.211439 95.520887
33.187500 -13.479981 124.134049
3.616054 1.723898 70.620906
-3.358985 1.093191 79.175099
-11.452220 -3.005561 84.669232
10.216625 -6.419512 113.734026
-3.099056 -5.697743 123.330280
29.921243 -15.928247 163.240803
1.883304 -11.009664 118.496441
29.456666 0.431515 130.934423
29.961103 -1.014532 135.577380
29.601825 -1.259633 133.798609
14.754845 1.370991 121.171926
14.386802 1.387238 119.476745
40.632261 -3.339803 182.106750
2.285694 -1.417605 161.904620
35.127835 -18.982754 182.657567
18.491916 1.242342 109.879555
16.035666 1.408413 108.819716
27.895228 -1.306400 118.857310
72.142670 -20.568521 205.957810
2.639654 -8.361033 117.954669
-156.033710 62.066401 363.826120
2.248022 -1.362614 161.060928
-12.335305 -4.108327 87.253019
11.773759 1.478267 79.403410
22.443388 0.360305 82.774435
-5.589918 1.095053 78.481431
-12.701695 -3.434091 109.134112
-3.342985 1.057868 79.119580
2.512380 1.766522 62.149678
-12.215940 -9.594102 111.017058
-12.541814 -3.768324 81.515291
6.233931 1.632043 112.833257
4.231777 1.779288 122.748897
9.788073 1.597587 115.442619
15.389189 1.524712 113.202235
13.911496 1.489027 110.828046
32.260842 -13.484597 180.012336
49.765966 3.085729 145.537934
37.030430 -14.326917 187.943975
2.116534 -10.592434 164.561391
34.341221 -8.465582 175.554649
42.604410 -18.210301 185.851432
40.732070 -16.814950 179.221979
-11.761875 -8.381151 160.110878
11.899735 1.603947 131.097547
15.993029 1.466371 116.129113
15.686898 -4.756738 136.335611
41.864893 -14.351214 184.889218
35.327451 -4.764192 164.886392
4.247123 -5.967007 164.161534
34.894845 -6.437416 160.889694
41.420123 -12.002725 181.457061
38.258384 -4.778041 186.176433
15.120392 1.469926 132.682940
36.166153 -4.211192 179.372004
-6.819993 0.929661 66.409932
-13.686397 -1.866427 75.604458
23.021652 0.362248 78.914350
-7.869727 1.075453 62.506181
17.267050 1.354152 114.953559
0.232834 1.055719 156.963798
0.737652 -10.414495 163.029646
16.482401 1.315919 129.726119
16.443757 1.303927 129.504670
2.580000 1.953947 135.753604
1.590857 -9.354063 156.282295
33.826896 0.539651 162.388066
5.782081 -7.672231 162.658796
30.737549 -25.066069 481.082131
42.374228 -12.261384 182.399313
17.193223 1.364579 114.377478
29.241361 0.744214 130.089796
-3.958396 1.560222 139.364168
10.847943 1.601452 118.357645
3.012647 -4.871829 133.571545
8.132347 1.564361 125.867594
5.247950 1.772951 130.406375
13.945493 1.451933 118.492074
-2.900113 -4.472596 132.884739
14.855433 1.493522 116.888280
3.457951 -4.286953 132.404412
14.276420 1.316758 121.187833
5.917726 1.757059 125.540722
7.843309 1.546211 124.422869
4.678856 1.814733 126.744347
10.718224 1.579173 122.026223
20.729836 1.240112 116.813424
20.048925 1.418407 119.693204
14.102878 1.476133 119.845100
7.939842 1.650140 125.891922
45.768333 -3.213265 153.702874
7.916106 1.729484 127.906802
7.335940 1.028814 149.898932
30.386349 -1.935058 139.061000
17.399078 1.314587 129.626935
12.537479 1.531608 121.583012
7.925962 1.610756 125.513898
12.669631 1.629330 122.271689
7.639513 1.518957 121.559307
0.242405 1.674702 134.534071
22.417376 1.209795 127.211886
19.516230 1.325519 117.442839
20.726779 1.254868 116.176522
33.284813 -2.630606 158.752549
36.071023 -12.134566 185.251335
32.733684 -16.047393 183.445429
35.994607 -16.107746 183.291038
31.356330 -14.818753 185.921610
15.526550 0.088268 144.065762
27.190020 -1.159061 115.583287
-1.468117 -5.155659 145.805233
-2.307318 2.059506 101.791342
-9.149362 -7.006853 129.248599
6.899341 1.621376 118.323024
24.542855 -0.232360 95.688690
25.867342 -0.491119 99.627998
13.426303 1.467384 86.170723
25.316307 -0.261679 101.975364
-4.081535 1.543554 110.980565
26.026880 -0.663968 109.472837
4.653436 1.770920 104.354855
12.201718 1.602912 87.268614
-12.193515 -4.939044 114.793865
26.481756 -0.794530 110.305300
3.731956 1.723308 96.757886
6.118622 1.553597 88.164705
12.111641 1.576079 87.076171
0.229739 1.879368 100.748346
-1.969199 1.889991 74.245817
7.237566 1.729596 72.966088
23.797974 0.666613 89.217683
-8.437293 -7.160745 100.093978
-3.511130 1.090848 79.438343
91.397246 -22.881390 210.020006
6.777481 1.699766 70.140890
-11.806914 -1.653156 99.098078
-3.452992 1.055285 79.332297
24.112993 0.637978 92.469873
23.727921 0.682399 89.176824
22.313357 0.722144 79.882178
63.551984 -13.755670 146.320493
23.863847 0.002476 91.995472
32.540929 -10.231346 122.911709
3.840716 1.765287 71.944925
2.821228 1.668807 88.895489
-2.168556 1.929406 74.736437
-0.469757 1.029828 103.238562
10.676304 1.586727 82.813110
-0.505750 -11.212462 116.124435
22.138318 -2.430282 113.108665
2.449267 -6.851745 122.802544
2.298750 1.777838 85.875353
4.728479 1.666449 102.686186
26.217482 -0.780744 109.703643
93.927074 -24.891498 202.266151
23.182375 -7.168262 123.698011
22.508918 0.223584 91.336113
-2.526933 1.434385 85.035092
2.367920 -6.650038 122.278862
-10.210355 0.541507 97.609999
23.910570 0.126860 93.158862
-10.325447 -4.361497 86.715302
-11.805635 -1.657220 99.095895
-3.158339 1.959361 84.495192
-3.444976 1.068535 79.302354
5.459513 1.743697 74.122305
8.654812 -4.747755 83.050155
6.965058 1.755447 70.646793
11.175938 1.534652 74.455415
9.985225 1.644968 76.799974
1.497246 1.823700 80.857492
-9.815614 -5.880423 100.958879
26.136637 -2.122142 94.965080
-4.133778 0.675318 76.925046
-9.701458 -4.538501 89.731695
24.196864 -1.880163 91.937458
4.289822 1.758609 75.737951
23.296749 -0.009505 85.702248
22.227085 0.844468 79.815743
23.174047 0.427413 81.783526
18.507948 1.243078 109.892655
28.002491 -0.139257 122.013747
28.432197 -1.018300 125.192016
8.992788 1.625228 109.642199
12.447059 1.474586 105.810809
12.652758 1.402497 109.869263
-5.443450 1.564111 135.211208
28.363953 0.478762 125.277477
11.533813 1.592110 107.360332
-5.415784 1.552190 135.214015
5.189219 1.692645 82.105095
26.126251 -10.952836 125.899408
5.185321 1.707757 82.172778
32.989443 -12.137560 125.822368
26.928647 -0.704138 112.712239
93.857208 -19.942255 175.317292
110.767225 -25.429122 183.910785
23.195849 0.415602 86.126121
113.629540 -24.480725 217.705867
-2.712536 -3.967067 150.315631
86.672884 -18.873184 194.811408
8.348339 1.196286 81.979399
3.220376 1.737955 92.487339
31.141399 -0.893521 144.487140
0.140366 5.544007 143.588865
-7.756850 -6.311938 150.335593
26.756540 0.857525 132.436226
19.088021 1.403248 125.615890
19.720650 1.326801 127.881538
16.632332 -1.916253 136.655933
-4.695668 1.320042 155.024398
21.302112 1.380065 128.103923
10.687314 2.105091 131.534832
8.772960 1.496946 130.055799
10.027051 1.298574 133.264323
49.755673 1.602915 183.157856
-47.979086 13.952386 225.684603
16.339613 1.452622 128.379331
16.319870 1.285905 129.127582
11.484127 1.606629 126.918700
47.037769 -4.931090 150.268534
41.077344 -4.782937 148.125151
41.293803 -3.254592 148.549025
15.108104 1.519110 129.750448
9.164053 1.177685 126.518219
19.645669 1.289326 128.837826
3.159743 1.995985 141.785766
12.112576 1.560334 132.739394
8.085780 -9.073882 182.869036
30.419067 -0.266515 138.786839
11.564348 2.138657 130.674610
34.490309 0.552308 168.910849
41.627225 -4.180688 147.630477
17.307753 1.768400 129.135067
35.435369 -0.272912 170.960973
31.636105 -1.139545 148.206246
1.045779 2.031385 137.396385
12.767381 -7.225745 180.475197
-6.007710 1.421831 158.269727
30.655488 -0.840180 139.672638
21.057332 0.987088 126.767116
22.193368 1.132328 128.243966
26.397293 0.834584 132.067247
30.662069 -1.135400 135.367158
22.367565 1.146913 128.427676
18.782670 1.294267 124.797774
7.873688 1.963051 157.295972
9.898080 1.545606 127.619229
17.430455 -4.835555 143.756044
10.560371 1.513714 143.083898
-17.626797 -0.780024 178.704224
1.428341 2.229015 136.648135
2.461905 -3.301221 163.963789
12.576623 -1.040239 122.439179
17.383888 -4.798127 143.568903
33.349688 -2.005426 159.991420
29.852562 0.725067 136.969705
40.455725 -3.151883 147.621120
31.160861 -0.087371 143.888602
41.882048 -4.209383 147.870640
28.867704 3.390175 135.903940
17.149869 1.400014 121.559619
17.375373 1.374463 123.382368
18.778834 1.331636 123.965622
14.742618 1.377725 123.628457
14.424885 1.402210 122.972218
15.203732 1.429136 123.371763
3.626284 1.871567 140.486075
6.733378 1.659163 138.365461
24.068329 0.927777 135.043405
30.649718 0.659783 139.986410
19.768058 1.327313 127.693149
26.338063 0.901696 131.583801
30.666031 -0.252238 139.098116
41.598530 -5.352000 148.757686
16.610592 1.371097 131.310264
15.030471 1.417549 125.982373
8.636410 1.621504 131.731954
8.362998 1.574488 127.569325
16.185659 1.399325 126.287100
41.504648 -5.988653 149.955386
30.400728 -0.700536 141.431447
20.551553 1.207381 129.228326
29.654318 0.122247 135.947918
39.148861 -3.833948 145.442492
15.199553 1.462216 127.419301
10.943042 1.315149 126.681031
14.769005 1.339820 124.519870
17.438876 1.425069 125.998592
8.209917 1.583274 127.021627
10.936617 1.327235 126.772106
17.508898 1.430065 125.977383
13.142504 1.211470 125.307108
12.865412 1.485331 126.070953
-0.198431 2.614431 139.414072
6.014977 1.764804 136.478149
8.587910 1.609932 130.693324
11.646628 2.338393 132.315832
40.379933 -10.975292 178.961854
8.141174 -8.777296 182.625442
8.443344 -8.129478 175.994741
40.626959 -13.977120 181.817306
34.856481 -1.112962 168.638559
2.943970 1.910836 137.100391
33.417682 -3.246295 162.366233
32.934860 -0.598507 157.249499
35.586953 -8.861914 179.032656
31.582146 -10.152872 188.690354
-21.182498 20.195519 261.253154
-5.663402 10.089962 184.763522
30.096500 -10.436640 184.918537
3.611750 -2.920025 161.677868
-0.430386 -7.333507 164.675547
0.672624 5.714679 150.379259
202.510057 30.236387 316.947420
35.717327 0.241775 176.936682
-3.371399 8.143482 162.211842
31.711585 -0.908511 147.492304
50.124028 0.251881 199.411634
14.342761 -2.505490 130.688645
2.039092 -4.875354 149.224290
-3.890994 -4.729415 149.829378
9.956531 1.123258 130.385478
14.047765 1.601068 126.904976
-2.532145 1.233499 151.263498
9.574920 1.496900 134.063725
10.077455 1.516212 137.098208
10.050413 1.034223 129.525255
16.508757 1.307061 129.753878
32.909908 -1.932223 153.909977
31.728115 0.114972 145.397266
41.666525 -3.281883 148.960734
15.564196 0.875618 132.722863
26.723635 -2.517523 156.430136
5.308085 1.762062 130.336509
5.751639 -8.213317 163.292578
11.496915 1.200039 125.472727
12.535483 1.400625 134.271451
25.737217 0.704587 153.492341
5.589887 1.854085 167.762118
-0.751288 -5.372212 151.032379
32.469192 -1.070593 149.632256
8.235805 1.613267 127.800755
13.834176 1.518605 127.231848
-2.722854 -4.581138 150.387992
31.852564 -1.594693 148.512844
19.619282 1.284386 128.803517
-6.210632 2.101435 150.459105
12.976947 1.561323 127.453922
20.676189 1.307972 125.505165
15.562761 1.328055 129.500303
-0.871644 -6.048350 149.013133
12.204618 1.637639 133.590883
31.267438 -1.555356 147.558427
31.632362 -0.116872 147.754613
46.699669 -3.921748 150.377699
30.848960 0.418234 142.689031
8.966620 1.446721 130.519595
-3.958833 1.034672 165.454051
8.695703 1.609886 131.905683
-0.965358 -6.102340 149.261406
-3.238124 -5.453181 150.660905
2.189750 1.762305 134.755833
9.723385 1.545060 135.183449
0.591991 -5.636017 147.615505
31.191958 -0.886669 144.000262
8.289888 1.578066 128.227748
16.521108 1.346479 129.627871
1.474733 -6.317739 149.419852
14.817849 1.669665 126.886886
30.580788 -0.251569 138.991758
30.059383 0.098260 136.242664
19.657833 1.302068 127.560280
30.381577 0.127411 137.955936
29.270305 -1.245826 132.754365
40.460092 -3.529751 147.703149
31.856619 -0.747218 147.943001
30.360087 0.462025 137.316851
30.149741 -1.134670 137.808406
29.734258 0.142546 134.172890
19.405942 1.250966 128.808819
8.352081 1.555771 127.494469
8.346030 1.566048 127.552482
15.073077 1.398691 127.044708
22.296608 1.110270 130.381111
21.145475 1.143775 128.739889
21.102589 1.137381 128.687178
13.534595 1.583795 127.239646
24.456958 0.967676 135.592975
18.967347 1.256215 129.432933
0.838814 2.073005 136.440721
9.139725 1.268875 127.628274
11.598938 1.541829 127.531273
18.690285 1.199246 128.967888
19.432734 1.228032 129.166257
15.664441 1.417748 124.565408
6.325100 1.629039 126.763997
8.500577 1.553110 129.095768
17.733248 1.339408 128.849678
18.951876 1.258317 129.383340
15.073826 1.400610 125.041368
17.102335 1.473691 126.093098
16.240148 1.459340 125.923736
8.347029 1.560668 127.546244
8.348682 1.556816 128.057138
30.773512 -1.694168 144.297192
-3.933663 1.068098 165.573821
12.538914 1.426479 134.360966
17.185644 -4.895097 144.086347
15.174289 1.468560 132.710699
13.831961 1.594559 124.605019
23.981434 0.920781 134.926754
17.402322 1.438331 127.205648
16.350685 1.450270 126.691636
-0.119282 2.096997 135.731147
14.319681 1.598436 124.269726
12.889334 1.712994 128.393679
31.435552 -1.010434 145.356095
0.627198 -3.705944 149.495956
11.365855 1.654385 126.879400
10.481491 1.515885 125.931533
11.155914 1.511444 124.556986
31.907147 -1.453049 147.480452
15.885267 1.455202 123.549547
4.603189 1.809823 128.133554
15.220388 1.374700 123.043331
6.718937 1.457485 123.942853
6.664885 1.478079 124.050459
15.112689 1.386296 123.192108
31.622381 -0.966010 145.688270
3.748113 1.823285 140.168248
8.252491 1.594372 128.389000
30.159129 -2.052202 141.989437
12.541066 1.540319 124.346453
40.228038 -3.926957 149.291972
5.656478 1.866564 126.088731
8.026769 1.603248 125.543841
9.292026 1.508533 124.918791
17.411367 1.395915 123.431336
14.888557 1.423101 121.817249
17.369291 1.386889 123.384239
20.854160 1.351513 125.674215
5.101887 1.829339 130.834615
11.138198 1.571628 125.093144
11.035926 1.554935 123.382680
0.453482 2.160781 136.232683
8.724772 1.569295 131.374515
16.005130 1.445501 128.189696
2.122030 -2.498061 156.431071
11.704329 1.551838 128.858411
15.246775 1.379644 124.480571
21.217462 1.252962 128.366232
28.997610 -0.665232 131.806186
29.992231 0.434456 136.864906
29.853404 0.113571 137.335877
29.387206 -0.627180 133.180421
0.957473 2.038983 137.285037
10.675213 1.221563 138.485543
2.965307 -3.161178 161.554355
11.292184 2.029055 128.678444
-0.220580 -6.241448 148.996602
-16.459352 -0.321932 181.020088
34.576082 -6.592430 169.012528
39.637298 -11.577791 172.003034
38.420884 -2.386219 199.610627
34.379273 -0.911078 163.945699
32.394336 -12.239052 182.639477
365.098676 60.375898 450.696749
20.033205 1.378973 128.073669
12.014265 1.416632 131.142773
11.489617 1.569513 127.584608
2.792639 1.918883 135.363727
6.483639 1.747855 139.488616
18.052916 1.285206 130.108822
-4.439410 -6.376907 152.106878
6.222641 1.707760 135.656914
3.319155 1.885706 138.430649
21.170926 1.248873 128.317887
41.943804 -5.309239 148.583022
7.173439 -5.140157 163.659686
8.538536 1.855115 133.664803
34.616629 -2.085064 168.075890
9.684304 -8.637658 186.162085
18.506731 1.440773 131.083824
35.748829 -4.869864 171.608479
44.907486 -11.089729 230.070865
1.926200 -5.773628 153.625211
19.013414 1.295892 127.991015
11.519840 1.432105 127.571196
10.221428 1.596561 129.213978
0.768611 2.081536 135.626660
33.247385 -2.027870 159.826424
17.272602 1.333726 129.207428
12.639439 1.594050 136.012169
17.230339 -4.907791 144.253526
15.353663 1.531128 133.232197
41.804385 -5.332476 148.169441
29.784318 -1.106839 134.568068
12.264566 1.544415 132.971760
2.141312 -2.420875 156.146618
1.111948 -2.731603 160.814838
-2.470785 -0.124736 161.715608
15.059198 1.397163 126.168266
12.437577 1.541136 128.367167
12.916251 1.466174 137.112867
12.430871 1.531199 128.297613
35.681459 -6.929657 159.359820
-3.796489 0.801289 147.407156
32.549038 -2.165618 153.662951
37.063180 -10.064448 169.122941
38.646700 -13.717338 186.035454
29.426942 0.355055 132.043231
14.826426 1.386945 121.333803
-3.672040 0.721346 147.063753
30.774884 0.574927 141.158534
10.403672 1.571304 130.113188
4.419199 1.234054 128.189696
0.344229 -5.600741 151.642457
2.240147 -2.413897 155.771401
3.607757 1.986088 124.191438
31.189400 -1.983665 140.060954
1.735320 -7.501746 150.026499
11.322376 1.517834 125.713203
-23.300055 -0.019053 166.722552
9.400131 1.625696 134.808856
18.306023 1.442566 129.844642
45.229992 -4.640586 148.652264
29.286025 0.441751 129.909517
14.521917 1.561644 126.909655
9.757881 1.772723 138.057303
8.378531 1.552692 128.190943
11.243309 1.392622 124.155258
15.860159 1.330326 129.072999
15.361554 1.538211 133.405926
-0.293823 -6.274666 149.162845
20.190809 1.332256 120.711249
17.273195 1.358615 117.724174
20.094244 1.362533 122.613532
18.036354 1.331427 120.040974
7.049677 1.603473 118.216042
16.210860 1.535884 120.155753
28.992932 0.559294 128.077099
19.099281 1.215050 128.250204
-3.888499 1.593511 139.305842
9.599279 1.588405 122.287284
1.169135 1.951748 126.318914
9.039293 1.573774 121.087713
9.638641 1.591540 122.383349
8.817126 1.609209 119.471131
-7.466127 -2.600049 145.646787
-5.652049 0.632260 138.287486
12.848070 1.616311 118.042001
14.771999 1.348213 124.425052
7.374335 1.487156 118.358580
8.619100 1.598221 130.664317
1.071258 -4.729977 148.732734
6.311158 1.756513 139.472086
9.836792 1.589802 127.844733
4.658177 1.759152 125.172679
29.187776 0.731897 130.019618
29.616983 0.624229 132.513577
41.562662 -3.630744 151.808701
3.541260 -5.339275 154.945176
37.148329 -8.204864 162.908628
-6.876821 0.704313 140.440850
15.774636 -4.708081 136.346215
3.532402 -5.311765 154.987594
6.720996 1.633088 117.765033
25.031292 2.210641 126.963301
13.751959 1.473052 123.576682
34.341845 -6.475904 168.311687
34.173730 -3.963293 162.454501
25.648544 -3.391267 128.118582
91.396622 -17.223478 184.042095
34.231432 -16.229044 184.577629
30.756575 -0.862933 138.981777
13.967357 1.473778 118.588451
14.702570 1.416725 122.697433
0.318703 -4.871517 151.371104
8.121493 1.604034 127.136406
0.568155 -4.711231 150.308769
23.933276 1.063526 140.496368
0.445164 1.783128 106.463617
1.296899 1.885060 106.765849
-10.965000 -3.155252 122.050239
1.344218 1.873960 106.744328
7.166827 1.580629 95.932596
10.445217 1.516474 94.001930
14.496716 1.454316 97.648051
14.153999 1.500022 103.406365
11.508924 1.554002 122.818139
17.215337 1.347780 123.125361
19.937140 1.329290 120.002610
18.128552 1.327703 120.135168
7.592852 1.550699 121.795416
0.306930 1.937513 127.285495
7.325366 1.618316 120.648868
4.985860 1.641453 124.326180
16.453051 1.479377 118.352654
6.225760 1.620313 112.741558
3.329635 1.785698 116.023691
16.977637 1.380370 113.518503
6.190827 1.653595 112.954274
6.279625 1.602447 112.652666
15.607239 1.462291 113.047844
16.918595 1.356382 113.431171
6.045824 1.592067 111.976465
8.301273 1.586350 111.965548
42.337111 8.533015 123.265405
8.906111 1.584846 132.467416
15.431701 1.381867 101.360607
-1.999250 1.244628 102.815313
14.040872 1.438156 100.308566
0.424441 1.768765 106.612394
0.066883 1.776977 105.605890
0.950824 1.780492 98.279962
14.694086 1.443471 106.171678
10.273983 1.506110 94.749245
13.989440 1.450953 117.431611
8.028890 1.607125 117.549510
16.807776 1.447417 119.061605
27.915190 -1.196527 124.765336
31.264007 -4.775577 127.691278
20.051296 1.343709 120.166046
29.115509 -1.133744 128.730844
29.434428 -1.259387 130.231711
7.358833 1.585486 120.826652
8.312096 1.622284 119.081255
7.377422 1.603925 120.790783
13.567844 1.503312 115.856200
19.978186 1.336380 120.044716
19.551287 1.355715 118.424392
17.646384 1.373820 116.079833
21.007989 1.244194 118.369185
-3.237936 2.065679 101.953219
-10.677739 -3.050721 121.576774
10.190706 1.549074 92.293961
1.772152 -7.434188 125.638347
1.806112 -6.569817 125.406292
25.675274 -5.133919 120.516311
8.030106 1.596309 102.740768
0.811600 -5.603611 133.310484
2.241928 -6.699537 128.134489
62.865802 -9.417192 144.676463
-9.770669 -0.724153 123.152185
0.444203 1.785801 106.439913
6.344625 1.657868 99.818881
19.560457 1.197812 109.412640
15.487781 1.390348 101.430161
-1.632982 1.001570 103.445041
-1.612144 2.022393 103.431941
1.665345 1.827636 105.045404
28.487809 0.605602 119.143947
27.459877 -0.876108 117.773143
-0.443280 0.993588 103.416658
13.288287 -4.896844 114.545904
33.398968 -12.732074 182.716517
28.464634 -0.972045 125.224142
37.678248 1.546816 125.116536
18.686417 -1.331237 273.736363
8.688747 -1.310286 212.175553
43.284666 0.824298 241.249392
34.829034 4.741392 112.711927
29.653476 -10.678893 192.213898
7.318629 1.521708 96.836485
-0.984412 0.963296 103.064210
14.746798 1.441066 106.301117
1.488257 1.792316 105.504210
17.877253 1.333704 96.219233
3.676282 1.943963 99.854750
11.248237 1.504507 92.835109
-9.757756 -2.759752 122.979392
-7.981605 0.583301 110.266624
13.572085 1.527017 104.489597
10.427719 1.500895 93.937367
-10.729327 -3.001687 121.759547
-9.881113 -2.760925 123.317180
-1.942185 1.482062 102.457562
7.002486 1.668277 119.809231
14.754221 1.440686 106.317336
27.201716 0.495333 117.056082
-4.317706 -4.805862 132.420007
-0.340215 0.982949 103.237938
8.443593 1.673744 105.628659
5.907028 -7.902164 163.726744
29.065979 -0.382581 129.079237
5.927302 -7.854475 162.695288
25.535698 -1.282087 103.800608
16.859209 1.378184 114.634796
11.963488 1.501946 104.371386
15.479390 1.388938 101.420804
28.165584 -1.265266 123.385175
6.108391 1.625568 112.615862
11.357028 1.596645 102.579516
13.342339 1.419224 101.236471
0.195231 -5.964293 131.609065
16.714144 1.327818 112.362286
14.187310 1.495493 103.434748
-5.105536 1.044946 134.625146
8.438353 1.641537 105.414383
20.717765 0.893287 109.458177
29.892485 -0.731130 132.785243
26.665621 3.221811 109.355562
26.063465 -1.256468 108.674059
1.063348 1.938832 107.168201
1.284483 -6.365616 152.224776
16.410290 1.300177 130.791573
2.314317 -2.469740 147.612698
34.840886 -8.048196 161.247756
31.587136 -1.001270 145.604680
12.018975 1.559392 118.332381
0.042877 1.644519 134.775482
9.149300 1.575483 121.126077
4.640024 1.781699 125.620568
8.726206 1.605946 121.821928
7.960334 1.617122 125.597176
1.745669 1.964894 126.782711
16.327480 1.452909 122.633182
1.773584 1.775892 124.668647
19.805705 1.322438 119.856328
18.044837 1.380954 116.915727
-0.045161 -3.942645 150.687417
1.404452 -4.443620 146.668574
15.003742 1.368209 118.515778
6.866342 1.644310 117.767528
-21.511054 -0.023404 175.456088
-4.399518 -6.075455 153.236895
15.074481 1.438992 150.949726
21.435792 1.277911 120.528475
21.308069 1.255470 120.433033
19.561642 1.335591 118.591882
17.935423 1.306706 119.921204
6.981651 1.579226 118.705102
1.352000 1.941018 127.358168
7.651677 1.535398 121.691865
13.602215 1.447120 141.891813
9.178712 -8.017880 183.929811
9.054357 -11.334384 208.107430
6.290011 -7.720732 168.253985
37.516060 -1.689492 183.143197
-8.196692 10.469576 171.689885
35.180858 -11.382229 187.053498
34.285079 -4.629856 159.050727
14.837810 -4.975193 136.431676
52.654480 -0.586792 188.146399
4.117902 -6.011265 160.083742
31.664800 0.233901 146.145205
1.766566 -7.413073 152.800857
41.995892 -4.394184 151.804646
29.425351 -0.460855 132.522622
5.052669 -4.885116 160.142380
-2.235790 -5.177586 151.362370
7.221690 1.709566 143.823726
1.422234 0.759220 152.932167
16.830950 1.448327 121.781692
30.207723 0.130191 137.752888
12.783132 1.590417 125.044487
10.282779 1.615469 130.620651
17.383233 1.381434 123.384239
28.341340 0.787600 128.665968
29.312786 0.407592 130.782216
29.514368 -1.091903 131.389487
-4.685156 -4.926349 149.202145
-3.732549 0.758558 147.306723
2.593247 1.954695 135.684362
17.068307 1.462397 124.429107
4.715130 1.721662 120.368470
16.776181 1.435592 119.015444
13.836952 1.450576 115.944780
1.053866 1.993745 123.096355
6.690617 1.661059 116.229233
7.087292 1.651618 119.470195
11.951074 1.572376 115.138828
39.054043 -15.775041 186.783080
7.283322 -2.753991 180.134601
24.803230 -3.638760 131.129361
36.774048 -14.263663 187.283681
45.938007 -4.751529 149.273882
-11.960556 7.390023 166.001437
6.223358 -7.383473 165.615616
18.154408 -1.218952 264.100497
6.336235 1.784036 139.848238
10.975292 1.568029 123.424162
10.987737 1.603747 123.617229
15.469066 -5.049519 131.364846
29.192549 -0.415181 129.118848
29.027459 -0.409897 128.949486
10.237304 1.601754 118.540107
11.285977 1.553803 127.700635
35.877956 -7.027969 159.747201
16.083168 1.588012 122.701176
6.931092 1.557333 117.282834
14.729674 1.493013 116.153753
14.797669 1.444731 116.918534
15.772640 1.503212 116.603202
20.455613 1.283219 121.333179
20.517712 1.278500 121.395559
20.818416 1.258492 116.897013
17.407717 1.389350 115.131030
13.779905 1.481632 114.923928
14.377257 1.508106 115.660950
13.851580 1.454547 114.503486
10.883032 1.608869 117.599726
13.937228 1.486049 93.816973
-3.774032 -4.248464 123.232031
-1.937428 0.980479 105.771509
0.035553 0.944579 107.826000
10.364091 -2.778812 116.375827
8.900964 -1.207743 211.336852
34.166868 0.397486 163.276671
6.085498 1.644769 111.779655
6.277785 1.601751 113.836642
24.609072 -5.079929 127.976044
-0.939941 1.850642 119.304264
0.699067 1.949075 123.110078
7.063775 1.641154 119.384110
24.703858 -3.724814 127.831322
28.205195 -1.316116 119.226601
29.204432 -1.264505 129.965347
-8.042832 -5.447879 136.445088
35.001827 -15.686337 185.580390
7.745808 2.344231 138.455289
32.345679 -14.775118 187.725021
31.903716 -1.687677 165.476196
35.017734 -15.732124 185.644018
34.249210 -4.694264 163.866164
28.288535 -0.746192 124.430978
12.390761 1.156469 131.760025
34.344340 -15.408402 183.405506
4.669811 1.687998 101.917350
7.190563 1.634036 96.308749
13.574581 1.525463 104.505815
-0.975058 0.938422 102.937578
3.809245 1.665126 96.138763
2.349721 1.792928 109.301603
4.690739 1.671954 101.858089
15.484474 1.421956 104.995500
27.217405 -0.088919 116.229857
-9.641511 -6.576835 121.264249
10.130135 -4.940073 114.327574
39.817576 -15.496358 182.864670
4.645514 -6.518447 163.260453
12.412407 -4.778696 136.023710
33.888341 -5.107221 169.312889
92.185419 -18.981632 179.488343
31.618638 -9.613097 175.751770
30.498571 0.580254 141.771107
3.335187 2.151464 126.568435
9.035082 1.616676 121.364369
15.228373 1.453383 120.525980
4.725828 1.758850 125.534796
4.811539 1.663869 123.459719
4.831001 1.758516 122.502183
14.562371 1.420814 119.330464
29.364811 -1.284342 131.209208
28.884141 -0.725519 127.571820
21.366831 1.183698 121.466673
29.283686 -1.287408 133.423704
20.213609 1.326895 120.704075
19.675736 1.328557 120.722165
16.147887 1.524391 120.060312
28.747840 -0.702435 127.427722
16.464592 -4.774422 138.428465
-12.803375 -0.148410 177.493113
44.254990 -15.620401 178.982751
40.166905 -12.080014 175.652274
25.302989 -1.281535 103.581029
18.265382 1.338816 99.359139
25.677956 -0.333297 105.614623
20.485368 1.197687 129.140058
29.978819 -1.051864 135.584553
17.228031 1.467116 126.136140
30.337225 0.134580 137.854568
23.622280 0.896422 134.450794
21.186833 1.269552 128.332234
31.135629 0.654249 139.981420
20.397194 1.160112 129.037442
19.819491 1.352580 127.756465
11.719519 1.392447 128.133554
11.051459 1.492152 129.417337
18.019199 1.293369 130.052368
9.764431 1.412980 130.220482
19.007114 1.274065 129.481277
11.692415 1.526050 128.325996
9.391553 1.758753 132.758731
9.887850 1.560615 127.806681
0.911571 2.133864 142.466646
13.769082 1.412434 126.030094
10.655719 1.258704 128.158194
6.439599 1.693628 131.196732
6.395465 1.708515 131.308704
5.654576 1.772854 167.079367
12.945695 1.410603 136.983117
7.073974 1.699620 142.363719
12.581582 1.551008 135.520925
15.960529 1.348120 125.773088
31.755875 -1.600544 148.320713
9.591731 1.014183 126.349169
7.070730 1.708256 142.567390
34.147842 -1.221089 164.077633
30.561762 0.195720 141.355655
32.431764 -1.387323 148.298880
69.071382 -16.355395 199.774999
6.052280 -7.856939 160.955505
8.566482 1.603273 150.725469
25.406322 0.994795 159.463683
31.289895 -10.962255 179.459648
37.886910 -14.259577 185.366738
31.625188 -1.128888 146.279634
9.706137 -8.322482 183.093917
1.030876 2.036189 139.097493
-3.318781 3.516932 153.225978
31.564056 -0.782924 147.451445
10.088995 0.985030 128.966641
0.993554 2.408386 142.598892
11.703862 1.779251 130.361461
7.194118 1.643340 142.029361
9.242434 1.192631 127.500707
16.499649 1.341364 131.032360
18.149355 1.321081 130.259470
3.351811 -3.565775 151.232308
15.592423 0.896911 132.852614
8.599918 1.561017 129.608221
4.201305 1.107158 153.565326
1.093674 5.345201 147.181027
7.829429 -5.307929 158.984292
5.131237 -6.269925 161.628899
-18.552206 -0.836390 180.882540
-18.205030 -0.817813 179.888200
34.235486 -6.924979 164.365829
8.066598 -9.032618 182.537486
9.916264 -7.528414 182.296074
10.092706 -7.900106 188.863147
64.827659 -21.414458 222.953288
39.442048 -3.250537 148.723377
36.487723 -11.272378 198.084184
-29.658934 9.496383 188.873752
13.229057 -0.864028 132.056331
51.004836 0.562011 196.786988
34.013101 -4.594113 176.048700
35.068574 -4.781409 170.071744
-6.108953 5.328982 150.376452
61.137872 -0.496930 205.412919
-4.848093 9.072978 166.550695
32.515041 -1.339857 152.118730
-3.319374 8.776079 174.601480
35.322149 -1.705848 176.849038
6.727670 2.612416 136.006555
-3.336591 8.787589 174.695050
182.863422 6.440628 362.357067
10.089525 0.716658 124.643071
12.964128 1.607674 126.672610
14.566862 1.479717 126.596194
15.101803 1.411891 127.076833
15.426336 1.461954 128.334418
14.981753 1.395030 125.898784
1.089763 2.015603 138.850779
8.383334 1.562159 127.508192
1.571715 2.038509 142.903931
12.995256 1.646319 127.880290
11.709257 1.687278 129.138810
11.472743 1.601867 126.957687
15.641922 1.356547 129.652823
13.712753 1.358038 125.791802
14.645898 1.527007 126.774290
